transaction_id,payer_name,payee_name,date,time,amount,category,payment_mode,city,transaction_status
TXN00001,Kavi,Metro,2026-04-25,04:45,333.65,Transport,UPI,Madurai,Success
TXN00002,Kavi,Cafe Coffee Day,2026-08-05,01:05,560.11,Food,GPay,Tenkasi,Failed
TXN00003,Kavi,Swiggy,2026-04-12,22:10,547.96,Food,GPay,Madurai,Failed
TXN00004,Meena,Steam,2026-05-23,00:13,1393.77,Entertainment,Card,Chennai,Failed
TXN00005,Nivetha,Zomato,2026-04-21,11:29,341.47,Food,UPI,Chennai,Success
TXN00006,Kavi,Swiggy,2026-05-16,01:28,352.09,Food,UPI,Chennai,Success
TXN00007,Rahul,Metro,2026-05-31,21:27,146.16,Transport,Card,Coimbatore,Success
TXN00008,Keerthi,KFC,2026-02-05,01:33,792.69,Food,PhonePe,Salem,Pending
TXN00009,Deva,DMart,2026-02-21,12:58,2429.97,Shopping,GPay,Tirunelveli,Success
TXN00010,Rahul,Rapido,2026-07-09,12:07,408.83,Transport,UPI,Tenkasi,Success
TXN00011,Sanjay,Ola,2026-03-29,18:13,435.03,Transport,GPay,Madurai,Failed
TXN00012,Deva,DMart,2026-04-23,23:22,4271.87,Shopping,Card,Madurai,Success
TXN00013,Vishnu,Myntra,2026-01-17,10:46,3288.81,Shopping,GPay,Tirunelveli,Success
TXN00014,Ishaan,Dominos,2026-09-13,13:30,353.98,Food,UPI,Madurai,Success
TXN00015,Rahul,Cafe Coffee Day,2026-05-15,19:57,337.85,Food,PhonePe,Madurai,Success
TXN00016,Keerthi,Dominos,2026-03-12,17:23,791.42,Food,UPI,Coimbatore,Success
TXN00017,Kavi,BookMyShow,2026-03-23,23:13,455.84,Entertainment,GPay,Trichy,Success
TXN00018,Arun,Meesho,2026-08-28,18:03,2813.25,Shopping,Card,Madurai,Failed
TXN00019,Meena,A2B,2026-02-28,23:16,414.28,Food,GPay,Salem,Pending
TXN00020,Swetha,Hotstar,2026-05-31,14:50,990.42,Entertainment,UPI,Madurai,Success
TXN00021,Rahul,Ola,2026-04-02,17:19,1200.0,Transport,UPI,Madurai,Failed
TXN00022,Vishnu,Swiggy,2026-07-11,05:30,900.0,Food,PhonePe,Tenkasi,Success
TXN00023,Swetha,Salon,2026-06-15,16:40,1144.7,Others,GPay,Bengaluru,Failed
TXN00024,Kavi,Apollo Pharmacy,2026-01-30,08:13,2501.15,Health,UPI,Bengaluru,Success
TXN00025,Kavi,KFC,2026-09-30,04:17,269.81,Food,Card,Madurai,Success
TXN00026,Sanjay,Zomato,2026-09-28,20:42,196.75,Food,PhonePe,Chennai,Success
TXN00027,Deva,Electricity Board,2026-06-09,13:37,989.35,Bills,PhonePe,Bengaluru,Pending
TXN00028,Sanjay,DMart,2026-05-07,07:40,1894.55,Shopping,Card,Chennai,Success
TXN00029,Anu,Swiggy,2026-04-23,00:14,647.36,Food,PhonePe,Madurai,Failed
TXN00030,Nivetha,Netflix,2026-01-17,11:16,1302.77,Entertainment,PhonePe,Tenkasi,Success
TXN00031,Meena,Coursera,2026-03-09,19:29,2297.7,Education,Card,Madurai,Success
TXN00032,Rahul,KFC,2026-04-08,03:13,333.56,Food,Card,Madurai,Success
TXN00033,Sanjay,Jio,2026-08-28,01:50,905.27,Bills,Card,Chennai,Success
TXN00034,Sanjay,Cafe Coffee Day,2026-07-26,11:34,860.52,Food,GPay,Bengaluru,Success
TXN00035,Deva,Uber,2026-08-05,06:15,1176.7,Transport,Card,Madurai,Success
TXN00036,Rahul,YouTube Premium,2026-02-20,01:43,487.83,Entertainment,GPay,Madurai,Success
TXN00037,Vishnu,Water Board,2026-03-27,13:52,1172.52,Bills,GPay,Madurai,Success
TXN00038,Rahul,BookMyShow,2026-03-26,12:56,766.85,Entertainment,Card,Madurai,Success
TXN00039,Harini,Coursera,2026-08-05,23:46,5000.0,Education,Card,Madurai,Success
TXN00040,Swetha,DMart,2026-04-08,10:07,3703.6,Shopping,Card,Coimbatore,Success
TXN00041,Abinaya,Flipkart,2026-06-10,01:57,2469.59,Shopping,GPay,Coimbatore,Pending
TXN00042,Arun,Swiggy,2026-09-18,02:44,454.53,Food,PhonePe,Chennai,Success
TXN00043,Kavi,Zomato,2026-03-03,19:26,215.38,Food,PhonePe,Coimbatore,Success
TXN00044,Arun,Flipkart,2026-09-25,10:47,5455.78,Shopping,GPay,Coimbatore,Success
TXN00045,Deva,PharmEasy,2026-05-16,13:30,1147.81,Health,UPI,Tenkasi,Success
TXN00046,Sanjay,Udemy,2026-02-07,00:19,1131.53,Education,Card,Tenkasi,Success
TXN00047,Arun,Dominos,2026-04-20,17:16,418.24,Food,GPay,Bengaluru,Success
TXN00048,Priya,A2B,2026-07-09,09:43,371.65,Food,GPay,Bengaluru,Success
TXN00049,Rahul,1mg,2026-09-28,00:16,2029.07,Health,UPI,Tirunelveli,Failed
TXN00050,Ishaan,Water Board,2026-05-16,03:56,3923.42,Bills,GPay,Bengaluru,Success
TXN00051,Nivetha,Coursera,2026-04-18,11:42,5000.0,Education,UPI,Coimbatore,Success
TXN00052,Sanjay,1mg,2026-09-08,08:34,1696.11,Health,UPI,Tenkasi,Failed
TXN00053,Kavi,Uber,2026-01-02,11:23,534.04,Transport,UPI,Tenkasi,Success
TXN00054,Sanjay,Ola,2026-08-15,18:49,502.36,Transport,PhonePe,Bengaluru,Pending
TXN00055,Meena,Electricity Board,2026-03-18,18:37,481.72,Bills,GPay,Madurai,Pending
TXN00056,Vishnu,Swiggy,2026-03-07,01:25,568.37,Food,PhonePe,Chennai,Success
TXN00057,Anu,A2B,2026-04-18,23:16,602.96,Food,GPay,Salem,Success
TXN00058,Sanjay,Ola,2026-03-21,08:04,561.32,Transport,Card,Madurai,Failed
TXN00059,Swetha,Flipkart,2026-04-02,11:20,1830.56,Shopping,Card,Tirunelveli,Success
TXN00060,Swetha,Temple,2026-03-23,23:56,2000.0,Others,PhonePe,Tenkasi,Success
TXN00061,Harini,Gift,2026-04-13,15:42,1004.7,Others,Card,Salem,Success
TXN00062,Ishaan,Rapido,2026-01-13,22:31,244.98,Transport,PhonePe,Tirunelveli,Success
TXN00063,Harini,Zomato,2026-06-29,21:53,497.22,Food,GPay,Chennai,Success
TXN00064,Harini,Reliance Trends,2026-03-01,08:54,2423.88,Shopping,UPI,Tenkasi,Success
TXN00065,Arun,Zomato,2026-02-25,20:21,611.24,Food,UPI,Bengaluru,Success
TXN00066,Anu,Dominos,2026-09-19,03:56,407.59,Food,UPI,Trichy,Success
TXN00067,Keerthi,Dominos,2026-08-12,00:03,566.59,Food,UPI,Coimbatore,Success
TXN00068,Keerthi,KFC,2026-08-09,02:23,468.1,Food,PhonePe,Tirunelveli,Success
TXN00069,Keerthi,Steam,2026-03-05,10:15,521.94,Entertainment,UPI,Chennai,Pending
TXN00070,Ishaan,Hotstar,2026-06-01,18:55,1223.19,Entertainment,UPI,Tenkasi,Success
TXN00071,Deva,Ola,2026-03-31,21:00,1200.0,Transport,Card,Chennai,Pending
TXN00072,Ishaan,Reliance Trends,2026-05-27,07:10,6000.0,Shopping,GPay,Chennai,Success
TXN00073,Swetha,Dominos,2026-08-15,15:05,358.29,Food,UPI,Coimbatore,Success
TXN00074,Deva,Cafe Coffee Day,2026-02-13,09:41,780.92,Food,PhonePe,Coimbatore,Pending
TXN00075,Sanjay,KFC,2026-05-01,22:57,900.0,Food,UPI,Tenkasi,Success
TXN00076,Deva,A2B,2026-01-24,08:21,759.92,Food,PhonePe,Tirunelveli,Success
TXN00077,Arun,Meesho,2026-08-01,21:29,4394.28,Shopping,GPay,Salem,Success
TXN00078,Deva,KFC,2026-07-24,08:19,239.88,Food,Card,Trichy,Success
TXN00079,Sanjay,Spotify,2026-04-23,06:00,1124.72,Entertainment,GPay,Trichy,Success
TXN00080,Meena,Cafe Coffee Day,2026-08-22,04:33,430.19,Food,PhonePe,Chennai,Success
TXN00081,Sanjay,TNSTC,2026-09-16,14:33,505.43,Transport,UPI,Coimbatore,Success
TXN00082,Rahul,Hotstar,2026-05-13,08:26,1085.56,Entertainment,Card,Salem,Success
TXN00083,Swetha,ACT Fibernet,2026-05-03,09:22,4000.0,Bills,Card,Tirunelveli,Pending
TXN00084,Kavi,Dominos,2026-06-21,10:54,900.0,Food,PhonePe,Trichy,Success
TXN00085,Kavi,KFC,2026-03-20,07:18,212.88,Food,PhonePe,Madurai,Success
TXN00086,Harini,Uber,2026-02-01,07:03,1183.84,Transport,Card,Chennai,Success
TXN00087,Harini,BookMyShow,2026-07-14,16:16,1122.92,Entertainment,GPay,Salem,Failed
TXN00088,Anu,Swiggy,2026-04-23,16:39,900.0,Food,Card,Madurai,Success
TXN00089,Ishaan,Zomato,2026-06-22,22:49,532.29,Food,GPay,Chennai,Success
TXN00090,Swetha,Cafe Coffee Day,2026-03-07,21:14,749.05,Food,PhonePe,Chennai,Success
TXN00091,Abinaya,KFC,2026-08-08,04:37,517.44,Food,GPay,Salem,Success
TXN00092,Priya,BookMyShow,2026-04-19,15:31,409.41,Entertainment,Card,Madurai,Success
TXN00093,Anu,YouTube Premium,2026-08-04,08:36,1197.47,Entertainment,Card,Tirunelveli,Success
TXN00094,Rahul,Swiggy,2026-04-25,22:11,278.04,Food,GPay,Madurai,Success
TXN00095,Swetha,Uber,2026-05-07,06:48,939.28,Transport,GPay,Bengaluru,Success
TXN00096,Arun,Jio,2026-02-28,19:15,4000.0,Bills,PhonePe,Madurai,Success
TXN00097,Rahul,Spotify,2026-02-28,05:35,496.1,Entertainment,UPI,Trichy,Success
TXN00098,Kavi,Rapido,2026-07-12,13:32,666.37,Transport,UPI,Coimbatore,Failed
TXN00099,Deva,Cafe Coffee Day,2026-06-04,23:21,762.04,Food,PhonePe,Madurai,Success
TXN00100,Swetha,Hotstar,2026-09-30,14:37,700.79,Entertainment,GPay,Madurai,Success
TXN00101,Kavi,Amazon Kindle,2026-08-04,16:43,5000.0,Education,UPI,Coimbatore,Success
TXN00102,Harini,Amazon,2026-03-20,14:51,3237.74,Shopping,Card,Bengaluru,Pending
TXN00103,Nivetha,Zomato,2026-09-05,15:52,276.74,Food,UPI,Coimbatore,Failed
TXN00104,Vishnu,Dominos,2026-05-06,02:57,804.47,Food,UPI,Trichy,Success
TXN00105,Keerthi,YouTube Premium,2026-07-14,11:28,746.74,Entertainment,Card,Chennai,Failed
TXN00106,Rahul,Gift,2026-04-19,12:06,1525.12,Others,PhonePe,Salem,Success
TXN00107,Anu,Local Store,2026-01-06,17:38,791.39,Others,UPI,Madurai,Failed
TXN00108,Kavi,Ola,2026-05-04,23:34,942.94,Transport,Card,Madurai,Success
TXN00109,Sanjay,Electricity Board,2026-02-17,10:02,1246.87,Bills,Card,Trichy,Success
TXN00110,Harini,Flipkart,2026-07-08,16:09,2319.09,Shopping,UPI,Trichy,Pending
TXN00111,Meena,HealthPlus,2026-08-21,09:14,2177.82,Health,UPI,Chennai,Success
TXN00112,Ishaan,A2B,2026-03-03,18:17,900.0,Food,PhonePe,Madurai,Success
TXN00113,Priya,DMart,2026-09-26,20:22,5500.77,Shopping,Card,Madurai,Success
TXN00114,Kavi,Amazon Kindle,2026-07-04,06:07,2648.78,Education,UPI,Tirunelveli,Success
TXN00115,Abinaya,YouTube Premium,2026-01-24,01:51,471.79,Entertainment,PhonePe,Trichy,Success
TXN00116,Ishaan,KFC,2026-09-09,03:30,900.0,Food,PhonePe,Trichy,Pending
TXN00117,Arun,Coursera,2026-06-24,06:17,3044.38,Education,Card,Madurai,Success
TXN00118,Ishaan,Apollo Pharmacy,2026-02-03,13:40,1774.02,Health,Card,Bengaluru,Success
TXN00119,Kavi,Meesho,2026-03-18,19:12,6000.0,Shopping,GPay,Coimbatore,Success
TXN00120,Kavi,YouTube Premium,2026-08-02,20:41,802.72,Entertainment,GPay,Bengaluru,Failed
TXN00121,Swetha,Hotstar,2026-08-15,10:08,908.46,Entertainment,Card,Tenkasi,Success
TXN00122,Harini,RedBus,2026-02-20,07:05,677.58,Transport,GPay,Chennai,Failed
TXN00123,Deva,Metro,2026-05-03,05:55,673.43,Transport,GPay,Madurai,Success
TXN00124,Kavi,KFC,2026-08-29,09:56,293.53,Food,Card,Madurai,Success
TXN00125,Deva,Uber,2026-08-21,02:25,229.97,Transport,UPI,Madurai,Pending
TXN00126,Deva,DMart,2026-02-28,18:35,3742.76,Shopping,PhonePe,Bengaluru,Success
TXN00127,Sanjay,Zomato,2026-02-06,02:02,287.58,Food,UPI,Madurai,Success
TXN00128,Swetha,Flipkart,2026-03-05,15:59,2557.82,Shopping,UPI,Chennai,Success
TXN00129,Nivetha,Amazon Kindle,2026-09-10,14:56,3483.78,Education,UPI,Chennai,Failed
TXN00130,Arun,Swiggy,2026-06-15,20:36,233.63,Food,Card,Madurai,Pending
TXN00131,Abinaya,A2B,2026-05-18,19:40,900.0,Food,GPay,Madurai,Pending
TXN00132,Swetha,Netflix,2026-08-15,09:29,1500.0,Entertainment,Card,Trichy,Failed
TXN00133,Arun,Spotify,2026-08-29,11:52,806.19,Entertainment,Card,Chennai,Success
TXN00134,Anu,TNSTC,2026-06-18,14:03,784.28,Transport,GPay,Chennai,Success
TXN00135,Ishaan,College Fees,2026-01-19,15:31,2016.52,Education,Card,Tenkasi,Failed
TXN00136,Anu,Swiggy,2026-09-21,00:02,187.67,Food,GPay,Madurai,Success
TXN00137,Vishnu,Cafe Coffee Day,2026-04-07,17:41,307.43,Food,Card,Coimbatore,Success
TXN00138,Arun,A2B,2026-04-15,09:06,900.0,Food,Card,Trichy,Success
TXN00139,Priya,KFC,2026-09-06,04:08,559.76,Food,Card,Bengaluru,Pending
TXN00140,Sanjay,Netflix,2026-03-23,10:36,329.4,Entertainment,PhonePe,Tenkasi,Pending
TXN00141,Abinaya,Hotstar,2026-02-28,15:45,983.88,Entertainment,GPay,Coimbatore,Success
TXN00142,Sanjay,Amazon,2026-05-30,17:22,6000.0,Shopping,Card,Tirunelveli,Pending
TXN00143,Ishaan,Metro,2026-05-05,15:35,411.46,Transport,Card,Chennai,Success
TXN00144,Priya,Google Workspace,2026-05-22,14:09,1273.66,Education,PhonePe,Chennai,Success
TXN00145,Keerthi,A2B,2026-05-25,10:11,412.47,Food,UPI,Tirunelveli,Success
TXN00146,Arun,KFC,2026-08-17,18:23,900.0,Food,Card,Bengaluru,Success
TXN00147,Anu,Meesho,2026-06-14,06:26,1508.46,Shopping,Card,Chennai,Success
TXN00148,Deva,Metro,2026-01-23,10:51,580.45,Transport,PhonePe,Coimbatore,Success
TXN00149,Rahul,Metro,2026-03-19,16:54,1200.0,Transport,Card,Trichy,Success
TXN00150,Priya,Swiggy,2026-08-14,03:24,900.0,Food,UPI,Coimbatore,Success
TXN00151,Keerthi,RedBus,2026-03-21,02:33,635.11,Transport,PhonePe,Chennai,Success
TXN00152,Swetha,Electricity Board,2026-07-23,22:10,4000.0,Bills,UPI,Bengaluru,Failed
TXN00153,Vishnu,Netflix,2026-09-07,18:28,715.25,Entertainment,Card,Chennai,Success
TXN00154,Arun,Amazon,2026-02-16,14:48,3179.74,Shopping,UPI,Madurai,Success
TXN00155,Swetha,Gift,2026-03-27,23:41,357.48,Others,GPay,Tenkasi,Success
TXN00156,Keerthi,YouTube Premium,2026-05-31,12:14,1500.0,Entertainment,UPI,Madurai,Success
TXN00157,Harini,Rapido,2026-04-03,05:48,897.3,Transport,Card,Madurai,Failed
TXN00158,Kavi,Ola,2026-05-04,16:59,639.48,Transport,Card,Tenkasi,Failed
TXN00159,Priya,Salon,2026-05-11,22:45,776.74,Others,UPI,Madurai,Success
TXN00160,Keerthi,Uber,2026-03-22,02:31,689.39,Transport,UPI,Tirunelveli,Pending
TXN00161,Anu,Electricity Board,2026-08-06,23:33,1473.63,Bills,UPI,Bengaluru,Pending
TXN00162,Rahul,YouTube Premium,2026-09-05,03:38,657.52,Entertainment,PhonePe,Salem,Success
TXN00163,Harini,Flipkart,2026-06-01,00:44,3752.46,Shopping,UPI,Coimbatore,Pending
TXN00164,Ishaan,College Fees,2026-09-12,09:46,3545.12,Education,GPay,Madurai,Failed
TXN00165,Arun,Zomato,2026-04-08,21:11,636.63,Food,PhonePe,Tirunelveli,Pending
TXN00166,Sanjay,Amazon Kindle,2026-02-19,21:25,1742.43,Education,PhonePe,Trichy,Pending
TXN00167,Abinaya,Miscellaneous,2026-07-06,04:29,379.72,Others,Card,Chennai,Success
TXN00168,Keerthi,Coursera,2026-04-13,04:30,1315.92,Education,Card,Madurai,Success
TXN00169,Keerthi,RedBus,2026-05-12,16:26,1200.0,Transport,UPI,Bengaluru,Success
TXN00170,Nivetha,Amazon Kindle,2026-02-08,04:48,2022.06,Education,GPay,Salem,Success
TXN00171,Vishnu,Zomato,2026-07-07,03:04,473.15,Food,Card,Tenkasi,Failed
TXN00172,Abinaya,Electricity Board,2026-07-08,22:57,3462.44,Bills,GPay,Madurai,Success
TXN00173,Sanjay,Metro,2026-07-10,03:41,539.18,Transport,Card,Madurai,Pending
TXN00174,Deva,Cafe Coffee Day,2026-04-24,22:06,751.76,Food,UPI,Chennai,Failed
TXN00175,Sanjay,Apollo Pharmacy,2026-07-29,03:58,1326.72,Health,UPI,Tirunelveli,Pending
TXN00176,Abinaya,Stationery Shop,2026-03-01,03:19,724.47,Others,UPI,Bengaluru,Success
TXN00177,Keerthi,Stationery Shop,2026-07-09,22:53,2000.0,Others,Card,Coimbatore,Success
TXN00178,Nivetha,Metro,2026-03-21,14:09,1104.89,Transport,Card,Bengaluru,Failed
TXN00179,Kavi,Cafe Coffee Day,2026-01-17,23:33,900.0,Food,Card,Tirunelveli,Success
TXN00180,Deva,Amazon Kindle,2026-02-20,23:24,1333.34,Education,PhonePe,Chennai,Success
TXN00181,Meena,Amazon Kindle,2026-07-23,09:25,1752.98,Education,UPI,Salem,Success
TXN00182,Kavi,Flipkart,2026-04-19,21:54,3060.12,Shopping,Card,Bengaluru,Success
TXN00183,Arun,Metro,2026-05-05,04:17,518.85,Transport,GPay,Bengaluru,Success
TXN00184,Deva,KFC,2026-04-21,07:57,731.3,Food,PhonePe,Madurai,Failed
TXN00185,Swetha,A2B,2026-03-16,04:26,658.75,Food,GPay,Madurai,Success
TXN00186,Ishaan,KFC,2026-01-14,04:29,900.0,Food,GPay,Tirunelveli,Pending
TXN00187,Anu,Swiggy,2026-06-15,00:32,370.34,Food,PhonePe,Tirunelveli,Failed
TXN00188,Ishaan,Airtel,2026-02-28,02:10,2321.15,Bills,Card,Madurai,Failed
TXN00189,Rahul,BookMyShow,2026-09-15,07:33,1500.0,Entertainment,GPay,Tirunelveli,Success
TXN00190,Abinaya,Salon,2026-01-16,02:04,780.62,Others,UPI,Trichy,Success
TXN00191,Vishnu,Temple,2026-08-16,02:30,704.38,Others,GPay,Chennai,Success
TXN00192,Anu,Swiggy,2026-05-21,21:18,900.0,Food,GPay,Tenkasi,Success
TXN00193,Meena,Google Workspace,2026-09-29,10:03,839.84,Education,Card,Trichy,Failed
TXN00194,Meena,Local Pharmacy,2026-02-28,22:20,3000.0,Health,GPay,Tenkasi,Pending
TXN00195,Keerthi,Cafe Coffee Day,2026-08-20,07:47,398.0,Food,PhonePe,Tirunelveli,Success
TXN00196,Anu,TNSTC,2026-02-18,10:40,613.46,Transport,Card,Tirunelveli,Success
TXN00197,Anu,Dominos,2026-08-31,02:17,900.0,Food,UPI,Tenkasi,Success
TXN00198,Vishnu,Amazon,2026-07-10,04:26,4698.67,Shopping,Card,Madurai,Success
TXN00199,Abinaya,Salon,2026-03-04,14:01,458.32,Others,UPI,Coimbatore,Pending
TXN00200,Vishnu,ACT Fibernet,2026-01-27,09:49,1304.33,Bills,Card,Tenkasi,Pending
TXN00201,Ishaan,KFC,2026-09-04,07:39,488.35,Food,PhonePe,Chennai,Success
TXN00202,Anu,Gift,2026-05-23,19:35,1743.36,Others,UPI,Salem,Success
TXN00203,Swetha,Zomato,2026-05-17,00:59,609.86,Food,GPay,Chennai,Failed
TXN00204,Ishaan,Flipkart,2026-06-29,00:12,3168.31,Shopping,UPI,Trichy,Success
TXN00205,Vishnu,Flipkart,2026-03-14,21:36,2424.77,Shopping,Card,Madurai,Success
TXN00206,Kavi,Amazon,2026-08-03,15:29,6000.0,Shopping,PhonePe,Trichy,Success
TXN00207,Priya,Myntra,2026-02-13,01:47,2893.0,Shopping,UPI,Chennai,Failed
TXN00208,Priya,Flipkart,2026-02-11,09:17,5260.76,Shopping,GPay,Trichy,Pending
TXN00209,Sanjay,Dominos,2026-05-20,07:21,430.95,Food,Card,Chennai,Success
TXN00210,Kavi,RedBus,2026-09-07,17:59,291.88,Transport,GPay,Chennai,Success
TXN00211,Ishaan,DMart,2026-01-29,00:15,1073.92,Shopping,Card,Madurai,Failed
TXN00212,Ishaan,Airtel,2026-05-29,11:11,2532.79,Bills,PhonePe,Bengaluru,Success
TXN00213,Abinaya,Netflix,2026-03-08,12:58,1202.39,Entertainment,Card,Coimbatore,Success
TXN00214,Nivetha,RedBus,2026-07-23,01:26,1200.0,Transport,UPI,Madurai,Success
TXN00215,Abinaya,Local Pharmacy,2026-08-08,19:34,1478.9,Health,GPay,Chennai,Success
TXN00216,Nivetha,Electricity Board,2026-07-27,00:42,1776.67,Bills,UPI,Tenkasi,Success
TXN00217,Priya,Local Store,2026-07-05,03:00,1194.11,Others,Card,Tirunelveli,Pending
TXN00218,Vishnu,TNSTC,2026-07-25,17:53,336.33,Transport,Card,Madurai,Failed
TXN00219,Harini,Gift,2026-06-20,05:44,1181.15,Others,UPI,Salem,Success
TXN00220,Meena,Uber,2026-06-29,22:01,716.89,Transport,PhonePe,Tenkasi,Success
TXN00221,Deva,Ola,2026-03-30,20:33,579.33,Transport,UPI,Madurai,Success
TXN00222,Swetha,Airtel,2026-09-10,15:50,2012.63,Bills,GPay,Trichy,Success
TXN00223,Swetha,Water Board,2026-06-11,05:09,4000.0,Bills,UPI,Coimbatore,Pending
TXN00224,Kavi,Temple,2026-01-29,12:00,1205.31,Others,UPI,Chennai,Success
TXN00225,Kavi,Water Board,2026-01-30,12:35,1746.82,Bills,Card,Chennai,Success
TXN00226,Kavi,A2B,2026-09-17,13:07,195.04,Food,GPay,Tenkasi,Failed
TXN00227,Arun,Temple,2026-04-07,10:58,478.15,Others,GPay,Coimbatore,Success
TXN00228,Rahul,Hotstar,2026-02-22,11:43,1073.31,Entertainment,GPay,Coimbatore,Success
TXN00229,Kavi,DMart,2026-05-07,14:56,1950.26,Shopping,PhonePe,Coimbatore,Success
TXN00230,Meena,BookMyShow,2026-07-10,09:39,676.45,Entertainment,PhonePe,Coimbatore,Success
TXN00231,Harini,Meesho,2026-06-21,02:14,3275.53,Shopping,GPay,Tirunelveli,Pending
TXN00232,Kavi,ACT Fibernet,2026-05-10,22:24,4000.0,Bills,Card,Coimbatore,Success
TXN00233,Vishnu,Reliance Trends,2026-03-14,11:56,5408.24,Shopping,GPay,Madurai,Failed
TXN00234,Sanjay,Rapido,2026-02-13,10:34,673.83,Transport,Card,Trichy,Success
TXN00235,Harini,KFC,2026-09-27,03:11,900.0,Food,UPI,Tenkasi,Success
TXN00236,Sanjay,Cafe Coffee Day,2026-07-05,10:32,761.69,Food,UPI,Chennai,Success
TXN00237,Deva,Zomato,2026-04-26,04:41,181.41,Food,Card,Chennai,Success
TXN00238,Kavi,Ola,2026-09-27,01:17,1200.0,Transport,GPay,Madurai,Failed
TXN00239,Keerthi,PharmEasy,2026-07-12,05:15,1719.2,Health,PhonePe,Tirunelveli,Failed
TXN00240,Priya,Udemy,2026-08-13,01:29,780.26,Education,PhonePe,Tirunelveli,Pending
TXN00241,Anu,TNSTC,2026-05-26,15:19,1055.19,Transport,PhonePe,Tenkasi,Success
TXN00242,Meena,Stationery Shop,2026-07-08,23:09,1217.47,Others,Card,Madurai,Success
TXN00243,Rahul,KFC,2026-09-15,18:00,466.21,Food,UPI,Chennai,Success
TXN00244,Priya,Dominos,2026-01-27,21:53,728.33,Food,PhonePe,Tirunelveli,Success
TXN00245,Vishnu,TNSTC,2026-09-22,04:15,612.91,Transport,GPay,Chennai,Pending
TXN00246,Kavi,Rapido,2026-09-20,05:01,767.65,Transport,UPI,Tirunelveli,Success
TXN00247,Kavi,BookMyShow,2026-06-28,00:54,747.24,Entertainment,PhonePe,Bengaluru,Success
TXN00248,Abinaya,Dominos,2026-07-17,02:47,450.93,Food,UPI,Chennai,Success
TXN00249,Deva,A2B,2026-06-21,04:59,256.48,Food,GPay,Madurai,Pending
TXN00250,Abinaya,Ola,2026-03-13,16:00,804.2,Transport,Card,Madurai,Pending
TXN00251,Arun,Local Pharmacy,2026-05-12,07:21,3000.0,Health,GPay,Madurai,Success
TXN00252,Meena,Zomato,2026-05-28,08:06,394.29,Food,Card,Bengaluru,Success
TXN00253,Kavi,A2B,2026-08-23,02:08,300.13,Food,Card,Madurai,Pending
TXN00254,Vishnu,Swiggy,2026-09-21,19:37,345.6,Food,GPay,Salem,Pending
TXN00255,Nivetha,Zomato,2026-06-30,08:12,213.57,Food,Card,Madurai,Success
TXN00256,Harini,RedBus,2026-07-04,02:18,553.51,Transport,GPay,Madurai,Failed
TXN00257,Meena,Reliance Trends,2026-08-29,01:29,2907.32,Shopping,GPay,Coimbatore,Success
TXN00258,Anu,College Fees,2026-02-04,11:46,2635.37,Education,GPay,Madurai,Success
TXN00259,Nivetha,Flipkart,2026-06-20,04:33,4911.35,Shopping,GPay,Tenkasi,Failed
TXN00260,Anu,Coursera,2026-08-26,23:44,1830.61,Education,PhonePe,Coimbatore,Pending
TXN00261,Sanjay,Dominos,2026-08-23,01:15,347.84,Food,PhonePe,Madurai,Success
TXN00262,Deva,Myntra,2026-06-11,10:35,1564.98,Shopping,PhonePe,Madurai,Success
TXN00263,Harini,Reliance Trends,2026-01-19,22:04,2178.67,Shopping,Card,Bengaluru,Success
TXN00264,Ishaan,Udemy,2026-06-19,09:19,771.19,Education,GPay,Chennai,Pending
TXN00265,Swetha,Swiggy,2026-08-14,13:11,750.7,Food,Card,Chennai,Pending
TXN00266,Priya,PharmEasy,2026-09-23,09:06,894.42,Health,Card,Coimbatore,Success
TXN00267,Nivetha,Amazon,2026-04-03,18:37,1801.39,Shopping,Card,Chennai,Failed
TXN00268,Anu,Rapido,2026-06-01,10:27,642.48,Transport,UPI,Madurai,Pending
TXN00269,Arun,Meesho,2026-08-16,11:59,1969.0,Shopping,PhonePe,Trichy,Pending
TXN00270,Abinaya,TNSTC,2026-08-11,09:22,373.95,Transport,UPI,Trichy,Failed
TXN00271,Swetha,Cafe Coffee Day,2026-07-27,12:24,262.18,Food,GPay,Bengaluru,Pending
TXN00272,Swetha,RedBus,2026-03-15,20:44,429.11,Transport,PhonePe,Trichy,Success
TXN00273,Swetha,Cafe Coffee Day,2026-05-01,22:01,529.94,Food,PhonePe,Chennai,Success
TXN00274,Anu,YouTube Premium,2026-03-20,23:10,1319.22,Entertainment,GPay,Chennai,Failed
TXN00275,Anu,College Fees,2026-03-12,18:04,1592.27,Education,GPay,Chennai,Failed
TXN00276,Harini,Myntra,2026-02-28,00:53,3069.43,Shopping,UPI,Chennai,Success
TXN00277,Priya,DMart,2026-03-02,08:56,2413.38,Shopping,Card,Coimbatore,Failed
TXN00278,Nivetha,A2B,2026-09-09,06:49,900.0,Food,UPI,Chennai,Pending
TXN00279,Priya,Swiggy,2026-08-16,02:59,900.0,Food,Card,Salem,Success
TXN00280,Vishnu,DMart,2026-02-03,18:46,1496.3,Shopping,UPI,Bengaluru,Pending
TXN00281,Ishaan,RedBus,2026-03-31,12:20,624.44,Transport,PhonePe,Salem,Pending
TXN00282,Deva,KFC,2026-05-02,16:51,504.1,Food,PhonePe,Madurai,Success
TXN00283,Anu,Swiggy,2026-03-08,20:53,365.32,Food,UPI,Coimbatore,Success
TXN00284,Kavi,Swiggy,2026-07-30,13:58,333.1,Food,Card,Chennai,Failed
TXN00285,Kavi,KFC,2026-02-07,15:21,297.98,Food,UPI,Madurai,Pending
TXN00286,Sanjay,Local Pharmacy,2026-04-04,04:24,1141.04,Health,PhonePe,Coimbatore,Failed
TXN00287,Meena,Dominos,2026-09-23,05:13,118.65,Food,GPay,Salem,Success
TXN00288,Priya,Local Store,2026-09-23,09:41,1479.11,Others,PhonePe,Madurai,Success
TXN00289,Ishaan,Swiggy,2026-06-05,20:58,582.52,Food,UPI,Madurai,Success
TXN00290,Kavi,Water Board,2026-03-20,05:50,1980.33,Bills,PhonePe,Coimbatore,Failed
TXN00291,Nivetha,Water Board,2026-01-22,00:58,1393.42,Bills,UPI,Salem,Failed
TXN00292,Abinaya,Netflix,2026-04-18,19:31,596.49,Entertainment,UPI,Bengaluru,Pending
TXN00293,Arun,Local Pharmacy,2026-05-29,21:54,3000.0,Health,Card,Tenkasi,Pending
TXN00294,Rahul,A2B,2026-08-21,02:29,900.0,Food,Card,Madurai,Success
TXN00295,Priya,Coursera,2026-04-15,11:36,1887.67,Education,Card,Chennai,Success
TXN00296,Priya,RedBus,2026-06-26,13:36,354.42,Transport,UPI,Chennai,Pending
TXN00297,Swetha,Flipkart,2026-05-04,15:55,2389.45,Shopping,GPay,Chennai,Success
TXN00298,Ishaan,Amazon,2026-01-26,09:54,2597.66,Shopping,PhonePe,Chennai,Success
TXN00299,Vishnu,Dominos,2026-06-17,19:43,251.19,Food,PhonePe,Tenkasi,Success
TXN00300,Anu,DMart,2026-09-21,15:56,3562.86,Shopping,PhonePe,Madurai,Success
TXN00301,Keerthi,Meesho,2026-07-21,17:15,2833.75,Shopping,GPay,Chennai,Success
TXN00302,Deva,Dominos,2026-01-26,09:36,375.64,Food,UPI,Madurai,Success
TXN00303,Arun,Dominos,2026-01-05,03:40,337.53,Food,Card,Salem,Success
TXN00304,Priya,BookMyShow,2026-07-07,01:32,1214.54,Entertainment,UPI,Salem,Success
TXN00305,Abinaya,College Fees,2026-05-28,02:30,1729.81,Education,PhonePe,Coimbatore,Success
TXN00306,Meena,TNSTC,2026-03-02,04:23,1200.0,Transport,UPI,Chennai,Failed
TXN00307,Harini,Uber,2026-07-07,04:55,675.18,Transport,UPI,Chennai,Failed
TXN00308,Arun,Zomato,2026-01-20,04:40,493.69,Food,GPay,Coimbatore,Success
TXN00309,Anu,Cafe Coffee Day,2026-09-21,04:46,614.71,Food,Card,Tirunelveli,Success
TXN00310,Keerthi,ACT Fibernet,2026-06-03,20:15,4000.0,Bills,PhonePe,Tenkasi,Success
TXN00311,Meena,A2B,2026-06-03,16:12,338.91,Food,Card,Tirunelveli,Pending
TXN00312,Anu,Swiggy,2026-06-07,23:29,649.57,Food,GPay,Chennai,Success
TXN00313,Abinaya,Cafe Coffee Day,2026-04-27,01:45,633.75,Food,UPI,Coimbatore,Pending
TXN00314,Rahul,Reliance Trends,2026-05-05,01:04,5433.11,Shopping,Card,Madurai,Success
TXN00315,Nivetha,RedBus,2026-06-10,14:17,530.07,Transport,GPay,Madurai,Success
TXN00316,Harini,Airtel,2026-08-30,02:07,3494.36,Bills,Card,Trichy,Failed
TXN00317,Priya,Metro,2026-09-02,17:56,423.94,Transport,UPI,Coimbatore,Pending
TXN00318,Anu,TNSTC,2026-06-25,18:38,180.36,Transport,Card,Bengaluru,Failed
TXN00319,Sanjay,Amazon Kindle,2026-09-05,06:33,1079.73,Education,UPI,Tirunelveli,Failed
TXN00320,Ishaan,1mg,2026-05-28,07:04,1553.66,Health,PhonePe,Coimbatore,Success
TXN00321,Nivetha,Metro,2026-05-21,09:49,1004.7,Transport,Card,Coimbatore,Success
TXN00322,Arun,Amazon,2026-06-26,04:59,3241.05,Shopping,Card,Tenkasi,Success
TXN00323,Abinaya,A2B,2026-08-15,22:23,514.7,Food,GPay,Madurai,Success
TXN00324,Nivetha,Rapido,2026-05-19,19:11,840.95,Transport,PhonePe,Chennai,Failed
TXN00325,Ishaan,Cafe Coffee Day,2026-01-26,22:51,621.97,Food,PhonePe,Madurai,Success
TXN00326,Deva,Reliance Trends,2026-07-31,11:16,6000.0,Shopping,GPay,Tenkasi,Success
TXN00327,Kavi,Local Pharmacy,2026-03-22,13:53,1177.88,Health,PhonePe,Trichy,Success
TXN00328,Keerthi,Metro,2026-04-13,09:48,767.95,Transport,Card,Salem,Success
TXN00329,Ishaan,A2B,2026-04-29,18:15,900.0,Food,GPay,Tenkasi,Pending
TXN00330,Keerthi,Jio,2026-01-19,13:33,2588.5,Bills,Card,Bengaluru,Success
TXN00331,Priya,TNSTC,2026-01-05,10:11,1200.0,Transport,UPI,Bengaluru,Success
TXN00332,Arun,KFC,2026-08-21,21:53,368.04,Food,UPI,Madurai,Success
TXN00333,Meena,KFC,2026-08-28,09:18,798.59,Food,PhonePe,Coimbatore,Failed
TXN00334,Swetha,Spotify,2026-08-23,22:07,1365.73,Entertainment,PhonePe,Madurai,Pending
TXN00335,Nivetha,YouTube Premium,2026-04-09,05:59,325.79,Entertainment,UPI,Madurai,Success
TXN00336,Vishnu,RedBus,2026-09-21,11:11,717.77,Transport,Card,Tenkasi,Success
TXN00337,Harini,Swiggy,2026-09-02,11:02,516.23,Food,PhonePe,Tenkasi,Success
TXN00338,Abinaya,Ola,2026-05-17,11:15,973.78,Transport,PhonePe,Madurai,Success
TXN00339,Arun,Rapido,2026-07-04,23:38,679.2,Transport,GPay,Trichy,Success
TXN00340,Abinaya,Flipkart,2026-03-23,13:50,6000.0,Shopping,Card,Tenkasi,Success
TXN00341,Meena,Cafe Coffee Day,2026-03-02,21:48,900.0,Food,UPI,Bengaluru,Pending
TXN00342,Anu,PharmEasy,2026-09-02,05:13,2130.66,Health,PhonePe,Tenkasi,Success
TXN00343,Nivetha,BookMyShow,2026-08-30,18:20,917.47,Entertainment,UPI,Bengaluru,Success
TXN00344,Vishnu,DMart,2026-02-11,17:56,1642.86,Shopping,PhonePe,Madurai,Pending
TXN00345,Meena,TNSTC,2026-02-27,02:06,680.45,Transport,GPay,Trichy,Failed
TXN00346,Keerthi,HealthPlus,2026-06-17,17:45,1627.16,Health,PhonePe,Coimbatore,Success
TXN00347,Kavi,TNSTC,2026-09-19,15:12,1200.0,Transport,Card,Trichy,Success
TXN00348,Rahul,Uber,2026-01-30,19:04,820.4,Transport,Card,Madurai,Success
TXN00349,Sanjay,Dominos,2026-05-11,00:06,847.07,Food,GPay,Tirunelveli,Success
TXN00350,Deva,Cafe Coffee Day,2026-06-26,23:54,341.11,Food,GPay,Coimbatore,Success
TXN00351,Meena,Uber,2026-01-17,09:47,982.75,Transport,GPay,Bengaluru,Success
TXN00352,Priya,Local Pharmacy,2026-07-15,15:18,429.72,Health,Card,Tirunelveli,Success
TXN00353,Harini,TNSTC,2026-06-28,04:02,1200.0,Transport,PhonePe,Madurai,Pending
TXN00354,Meena,Ola,2026-04-25,00:07,392.08,Transport,PhonePe,Chennai,Pending
TXN00355,Ishaan,Swiggy,2026-07-14,07:50,253.09,Food,Card,Chennai,Failed
TXN00356,Rahul,Zomato,2026-02-27,01:05,433.01,Food,UPI,Chennai,Success
TXN00357,Harini,DMart,2026-04-16,02:17,4786.25,Shopping,GPay,Tenkasi,Success
TXN00358,Arun,Uber,2026-01-23,13:43,564.06,Transport,GPay,Madurai,Success
TXN00359,Deva,Meesho,2026-09-15,09:52,1757.42,Shopping,GPay,Coimbatore,Success
TXN00360,Vishnu,Stationery Shop,2026-06-14,08:05,1348.59,Others,UPI,Salem,Failed
TXN00361,Keerthi,A2B,2026-06-03,09:23,302.85,Food,PhonePe,Madurai,Success
TXN00362,Meena,Gift,2026-08-07,18:58,927.18,Others,PhonePe,Bengaluru,Pending
TXN00363,Abinaya,Meesho,2026-06-13,23:46,2118.36,Shopping,Card,Bengaluru,Failed
TXN00364,Harini,College Fees,2026-08-31,08:13,2795.35,Education,Card,Madurai,Success
TXN00365,Ishaan,Zomato,2026-01-30,19:11,441.23,Food,PhonePe,Salem,Success
TXN00366,Harini,Dominos,2026-05-05,08:42,511.84,Food,PhonePe,Coimbatore,Success
TXN00367,Anu,Zomato,2026-02-17,18:16,900.0,Food,Card,Tenkasi,Success
TXN00368,Vishnu,Cafe Coffee Day,2026-01-21,02:29,255.65,Food,UPI,Madurai,Success
TXN00369,Swetha,Udemy,2026-04-17,11:21,5000.0,Education,PhonePe,Tirunelveli,Success
TXN00370,Keerthi,Rapido,2026-03-02,16:20,142.45,Transport,PhonePe,Madurai,Pending
TXN00371,Nivetha,Ola,2026-05-03,18:50,321.82,Transport,PhonePe,Tenkasi,Success
TXN00372,Swetha,A2B,2026-07-03,10:31,525.72,Food,Card,Madurai,Failed
TXN00373,Anu,ACT Fibernet,2026-02-20,16:01,1910.81,Bills,Card,Coimbatore,Success
TXN00374,Keerthi,A2B,2026-01-24,19:12,628.29,Food,UPI,Madurai,Success
TXN00375,Nivetha,Spotify,2026-08-02,10:04,655.2,Entertainment,UPI,Madurai,Failed
TXN00376,Deva,Zomato,2026-05-06,17:02,452.35,Food,Card,Chennai,Failed
TXN00377,Sanjay,Hotstar,2026-09-08,21:54,761.21,Entertainment,UPI,Bengaluru,Success
TXN00378,Rahul,Cafe Coffee Day,2026-03-13,18:39,477.82,Food,UPI,Chennai,Success
TXN00379,Priya,Dominos,2026-01-18,02:32,496.23,Food,GPay,Salem,Failed
TXN00380,Abinaya,Cafe Coffee Day,2026-04-29,02:19,437.49,Food,Card,Tirunelveli,Success
TXN00381,Priya,Steam,2026-01-31,21:05,659.26,Entertainment,Card,Madurai,Success
TXN00382,Sanjay,Cafe Coffee Day,2026-09-07,00:32,414.33,Food,Card,Bengaluru,Pending
TXN00383,Meena,Netflix,2026-09-29,09:22,909.64,Entertainment,GPay,Coimbatore,Success
TXN00384,Ishaan,RedBus,2026-02-24,03:17,706.72,Transport,Card,Madurai,Success
TXN00385,Priya,Hotstar,2026-05-17,13:32,556.97,Entertainment,UPI,Madurai,Success
TXN00386,Anu,Apollo Pharmacy,2026-05-05,23:47,919.65,Health,Card,Bengaluru,Failed
TXN00387,Ishaan,Zomato,2026-01-17,03:11,187.61,Food,GPay,Trichy,Pending
TXN00388,Harini,Local Pharmacy,2026-01-05,23:59,3000.0,Health,Card,Chennai,Success
TXN00389,Kavi,Airtel,2026-06-19,19:18,1048.26,Bills,Card,Coimbatore,Pending
TXN00390,Keerthi,Uber,2026-04-19,23:37,392.55,Transport,GPay,Coimbatore,Success
TXN00391,Rahul,Reliance Trends,2026-05-24,18:32,4661.32,Shopping,GPay,Madurai,Pending
TXN00392,Sanjay,RedBus,2026-04-17,20:02,282.72,Transport,UPI,Madurai,Success
TXN00393,Swetha,Flipkart,2026-06-03,05:32,1172.22,Shopping,Card,Tirunelveli,Success
TXN00394,Deva,Salon,2026-06-19,13:06,752.15,Others,Card,Coimbatore,Pending
TXN00395,Swetha,Udemy,2026-06-27,01:49,4394.49,Education,GPay,Bengaluru,Failed
TXN00396,Harini,Coursera,2026-07-23,11:08,2531.53,Education,GPay,Madurai,Success
TXN00397,Sanjay,Uber,2026-04-27,12:08,1200.0,Transport,Card,Madurai,Success
TXN00398,Harini,KFC,2026-06-01,08:24,680.26,Food,Card,Chennai,Success
TXN00399,Kavi,Cafe Coffee Day,2026-03-20,13:17,231.39,Food,PhonePe,Madurai,Success
TXN00400,Anu,A2B,2026-08-16,12:17,496.8,Food,GPay,Madurai,Success
TXN00401,Kavi,A2B,2026-08-18,19:00,191.8,Food,PhonePe,Madurai,Success
TXN00402,Meena,Reliance Trends,2026-07-01,18:55,4165.47,Shopping,GPay,Chennai,Success
TXN00403,Arun,Netflix,2026-01-07,09:57,617.67,Entertainment,UPI,Coimbatore,Success
TXN00404,Harini,Dominos,2026-09-24,05:47,628.01,Food,PhonePe,Tirunelveli,Failed
TXN00405,Harini,Cafe Coffee Day,2026-05-18,16:49,900.0,Food,UPI,Madurai,Success
TXN00406,Kavi,Spotify,2026-06-03,16:31,1500.0,Entertainment,UPI,Madurai,Success
TXN00407,Anu,Swiggy,2026-09-11,20:16,430.86,Food,PhonePe,Madurai,Pending
TXN00408,Deva,RedBus,2026-01-04,13:30,958.38,Transport,PhonePe,Chennai,Success
TXN00409,Vishnu,Myntra,2026-06-21,14:41,2539.32,Shopping,UPI,Tenkasi,Success
TXN00410,Arun,DMart,2026-04-13,16:21,3429.83,Shopping,UPI,Madurai,Failed
TXN00411,Priya,A2B,2026-09-09,19:39,203.27,Food,UPI,Bengaluru,Success
TXN00412,Anu,Ola,2026-02-28,19:14,396.42,Transport,Card,Chennai,Success
TXN00413,Arun,Spotify,2026-01-14,15:45,1096.27,Entertainment,PhonePe,Bengaluru,Pending
TXN00414,Deva,Metro,2026-02-05,13:57,234.43,Transport,UPI,Chennai,Pending
TXN00415,Rahul,Steam,2026-05-10,22:28,842.53,Entertainment,UPI,Madurai,Success
TXN00416,Nivetha,Zomato,2026-08-18,20:24,518.64,Food,Card,Chennai,Success
TXN00417,Arun,Dominos,2026-01-19,12:16,656.48,Food,Card,Chennai,Failed
TXN00418,Keerthi,Cafe Coffee Day,2026-05-08,22:26,203.81,Food,GPay,Tirunelveli,Success
TXN00419,Anu,DMart,2026-07-24,11:19,1214.16,Shopping,GPay,Madurai,Failed
TXN00420,Kavi,College Fees,2026-09-19,17:42,4431.63,Education,UPI,Madurai,Success
TXN00421,Arun,KFC,2026-07-11,13:21,518.87,Food,PhonePe,Trichy,Success
TXN00422,Swetha,Meesho,2026-01-13,16:28,2557.77,Shopping,PhonePe,Madurai,Success
TXN00423,Ishaan,Netflix,2026-03-14,11:53,339.38,Entertainment,GPay,Chennai,Success
TXN00424,Anu,ACT Fibernet,2026-09-05,11:53,1664.88,Bills,PhonePe,Chennai,Failed
TXN00425,Kavi,College Fees,2026-02-04,10:14,1415.62,Education,Card,Chennai,Success
TXN00426,Swetha,Amazon,2026-02-25,23:06,5127.0,Shopping,GPay,Trichy,Success
TXN00427,Keerthi,Ola,2026-03-31,18:50,297.67,Transport,PhonePe,Bengaluru,Failed
TXN00428,Anu,Flipkart,2026-07-27,21:29,2715.21,Shopping,Card,Coimbatore,Success
TXN00429,Priya,Airtel,2026-01-15,20:57,3251.59,Bills,Card,Tenkasi,Success
TXN00430,Rahul,Spotify,2026-04-20,07:01,1123.55,Entertainment,Card,Coimbatore,Success
TXN00431,Swetha,YouTube Premium,2026-02-22,18:19,622.93,Entertainment,GPay,Trichy,Failed
TXN00432,Anu,Flipkart,2026-05-15,22:53,4355.43,Shopping,Card,Chennai,Success
TXN00433,Meena,Dominos,2026-07-18,20:51,737.23,Food,UPI,Bengaluru,Failed
TXN00434,Arun,Dominos,2026-03-30,22:59,505.9,Food,UPI,Madurai,Success
TXN00435,Swetha,Steam,2026-03-10,10:41,1022.12,Entertainment,GPay,Madurai,Pending
TXN00436,Deva,Gift,2026-03-14,17:26,902.66,Others,PhonePe,Chennai,Success
TXN00437,Harini,Temple,2026-04-06,16:36,1888.68,Others,Card,Coimbatore,Success
TXN00438,Nivetha,Water Board,2026-03-27,16:42,1985.23,Bills,PhonePe,Salem,Failed
TXN00439,Priya,Rapido,2026-01-28,12:15,283.95,Transport,Card,Madurai,Failed
TXN00440,Rahul,Swiggy,2026-09-16,22:17,619.12,Food,Card,Madurai,Failed
TXN00441,Harini,Dominos,2026-08-16,16:40,264.9,Food,Card,Trichy,Pending
TXN00442,Kavi,Spotify,2026-01-17,09:22,1500.0,Entertainment,PhonePe,Coimbatore,Success
TXN00443,Meena,Zomato,2026-09-11,18:45,589.72,Food,Card,Madurai,Failed
TXN00444,Kavi,Google Workspace,2026-07-07,18:30,890.94,Education,UPI,Coimbatore,Failed
TXN00445,Swetha,Uber,2026-02-22,22:18,991.18,Transport,PhonePe,Trichy,Success
TXN00446,Ishaan,Flipkart,2026-05-15,11:53,3592.95,Shopping,GPay,Salem,Success
TXN00447,Rahul,Swiggy,2026-04-18,20:04,695.83,Food,GPay,Salem,Success
TXN00448,Vishnu,Amazon Kindle,2026-03-13,07:03,2642.46,Education,Card,Trichy,Success
TXN00449,Swetha,Stationery Shop,2026-05-24,20:22,1989.0,Others,UPI,Madurai,Failed
TXN00450,Priya,RedBus,2026-05-17,17:33,422.31,Transport,UPI,Chennai,Success
TXN00451,Vishnu,Metro,2026-05-22,22:23,1019.97,Transport,Card,Madurai,Success
TXN00452,Nivetha,Stationery Shop,2026-06-14,08:26,1206.25,Others,PhonePe,Salem,Success
TXN00453,Rahul,College Fees,2026-08-01,12:48,1021.07,Education,UPI,Madurai,Pending
TXN00454,Kavi,College Fees,2026-09-21,09:29,978.85,Education,GPay,Madurai,Success
TXN00455,Keerthi,Cafe Coffee Day,2026-06-17,19:51,398.43,Food,Card,Salem,Success
TXN00456,Vishnu,Swiggy,2026-08-23,21:40,301.9,Food,GPay,Tirunelveli,Pending
TXN00457,Nivetha,Cafe Coffee Day,2026-07-23,07:26,162.26,Food,GPay,Chennai,Failed
TXN00458,Vishnu,BookMyShow,2026-05-26,11:31,411.55,Entertainment,UPI,Madurai,Success
TXN00459,Arun,KFC,2026-01-25,01:34,429.05,Food,Card,Madurai,Success
TXN00460,Sanjay,Jio,2026-03-05,05:23,1317.7,Bills,Card,Tirunelveli,Success
TXN00461,Rahul,Temple,2026-03-09,22:11,2000.0,Others,Card,Madurai,Success
TXN00462,Priya,A2B,2026-07-04,08:32,326.23,Food,UPI,Salem,Success
TXN00463,Anu,Gift,2026-07-22,21:21,1928.6,Others,PhonePe,Tenkasi,Success
TXN00464,Nivetha,Myntra,2026-02-16,03:14,6000.0,Shopping,PhonePe,Trichy,Success
TXN00465,Deva,Swiggy,2026-04-26,17:43,353.57,Food,PhonePe,Chennai,Failed
TXN00466,Rahul,Cafe Coffee Day,2026-08-05,23:41,338.09,Food,UPI,Madurai,Success
TXN00467,Rahul,Udemy,2026-02-22,03:31,1960.24,Education,Card,Madurai,Success
TXN00468,Anu,Local Store,2026-03-10,21:53,925.36,Others,PhonePe,Salem,Success
TXN00469,Kavi,Airtel,2026-03-26,15:01,1689.77,Bills,GPay,Coimbatore,Failed
TXN00470,Nivetha,Amazon Kindle,2026-08-15,07:24,1350.38,Education,PhonePe,Madurai,Success
TXN00471,Keerthi,Netflix,2026-07-16,11:59,965.82,Entertainment,GPay,Madurai,Failed
TXN00472,Anu,Dominos,2026-02-13,08:28,382.08,Food,PhonePe,Tirunelveli,Success
TXN00473,Arun,KFC,2026-01-14,22:28,900.0,Food,UPI,Tenkasi,Pending
TXN00474,Deva,Myntra,2026-07-20,10:05,5150.61,Shopping,PhonePe,Coimbatore,Pending
TXN00475,Abinaya,Cafe Coffee Day,2026-07-17,03:50,385.04,Food,PhonePe,Tirunelveli,Success
TXN00476,Rahul,Zomato,2026-01-07,12:19,647.96,Food,GPay,Tenkasi,Failed
TXN00477,Priya,ACT Fibernet,2026-03-30,16:04,2797.95,Bills,Card,Chennai,Success
TXN00478,Abinaya,Amazon,2026-04-21,01:21,5580.57,Shopping,GPay,Coimbatore,Success
TXN00479,Swetha,Swiggy,2026-09-14,14:10,179.65,Food,UPI,Chennai,Pending
TXN00480,Nivetha,Dominos,2026-02-12,10:34,235.38,Food,PhonePe,Chennai,Success
TXN00481,Meena,Netflix,2026-06-17,13:20,503.45,Entertainment,PhonePe,Bengaluru,Failed
TXN00482,Sanjay,KFC,2026-08-12,08:08,467.86,Food,GPay,Tirunelveli,Success
TXN00483,Deva,Netflix,2026-08-21,20:53,117.87,Entertainment,Card,Madurai,Success
TXN00484,Abinaya,Reliance Trends,2026-01-07,04:41,1905.38,Shopping,PhonePe,Chennai,Success
TXN00485,Priya,Jio,2026-09-22,08:50,4000.0,Bills,UPI,Coimbatore,Failed
TXN00486,Anu,Flipkart,2026-03-02,01:00,1650.05,Shopping,UPI,Madurai,Pending
TXN00487,Swetha,A2B,2026-02-09,16:56,536.33,Food,GPay,Chennai,Success
TXN00488,Meena,BookMyShow,2026-03-27,12:33,945.81,Entertainment,Card,Chennai,Failed
TXN00489,Ishaan,Airtel,2026-09-18,00:05,2593.61,Bills,GPay,Tirunelveli,Success
TXN00490,Vishnu,Jio,2026-08-30,12:25,3074.72,Bills,PhonePe,Salem,Success
TXN00491,Keerthi,BookMyShow,2026-08-03,07:39,1392.25,Entertainment,GPay,Madurai,Failed
TXN00492,Deva,Amazon Kindle,2026-02-09,19:30,5000.0,Education,UPI,Chennai,Success
TXN00493,Kavi,A2B,2026-04-25,17:36,383.39,Food,GPay,Madurai,Success
TXN00494,Harini,Coursera,2026-06-09,11:10,1628.06,Education,Card,Madurai,Success
TXN00495,Meena,Swiggy,2026-05-30,19:14,591.57,Food,UPI,Chennai,Success
TXN00496,Nivetha,Myntra,2026-09-10,06:40,3832.55,Shopping,Card,Tenkasi,Success
TXN00497,Keerthi,Cafe Coffee Day,2026-01-04,13:59,736.93,Food,PhonePe,Coimbatore,Success
TXN00498,Deva,Gift,2026-01-01,22:26,447.41,Others,GPay,Coimbatore,Success
TXN00499,Vishnu,BookMyShow,2026-04-16,18:05,1209.91,Entertainment,UPI,Trichy,Success
TXN00500,Harini,Flipkart,2026-05-24,03:10,1463.26,Shopping,GPay,Coimbatore,Success
TXN00501,Keerthi,Coursera,2026-07-10,15:38,2981.63,Education,Card,Madurai,Pending
TXN00502,Kavi,DMart,2026-07-21,02:33,2465.87,Shopping,PhonePe,Coimbatore,Pending
TXN00503,Arun,Salon,2026-05-30,08:54,1973.54,Others,PhonePe,Madurai,Success
TXN00504,Keerthi,PharmEasy,2026-08-20,09:16,696.95,Health,UPI,Tirunelveli,Success
TXN00505,Kavi,Zomato,2026-02-25,05:18,517.64,Food,PhonePe,Bengaluru,Failed
TXN00506,Priya,Swiggy,2026-03-03,18:17,588.4,Food,UPI,Chennai,Success
TXN00507,Swetha,Rapido,2026-05-16,04:05,503.71,Transport,UPI,Madurai,Success
TXN00508,Priya,Amazon,2026-01-21,07:20,3385.01,Shopping,UPI,Tirunelveli,Pending
TXN00509,Priya,Rapido,2026-07-22,17:31,472.27,Transport,PhonePe,Madurai,Success
TXN00510,Sanjay,Jio,2026-07-27,15:26,2226.1,Bills,PhonePe,Madurai,Success
TXN00511,Nivetha,Salon,2026-02-22,04:46,1242.09,Others,GPay,Coimbatore,Success
TXN00512,Abinaya,Swiggy,2026-04-12,13:40,351.97,Food,PhonePe,Madurai,Success
TXN00513,Sanjay,A2B,2026-05-13,02:33,437.32,Food,GPay,Tenkasi,Failed
TXN00514,Kavi,Coursera,2026-02-17,11:19,840.69,Education,Card,Madurai,Success
TXN00515,Abinaya,Netflix,2026-08-10,13:28,313.7,Entertainment,GPay,Bengaluru,Success
TXN00516,Abinaya,Temple,2026-07-01,07:19,811.65,Others,Card,Chennai,Success
TXN00517,Ishaan,Ola,2026-05-06,22:05,312.68,Transport,PhonePe,Madurai,Success
TXN00518,Rahul,Amazon Kindle,2026-02-14,09:32,2335.19,Education,Card,Chennai,Success
TXN00519,Priya,BookMyShow,2026-01-10,13:03,1481.79,Entertainment,PhonePe,Chennai,Pending
TXN00520,Anu,Cafe Coffee Day,2026-09-15,10:58,900.0,Food,Card,Chennai,Success
TXN00521,Ishaan,Temple,2026-04-23,01:00,898.13,Others,UPI,Madurai,Failed
TXN00522,Abinaya,Local Store,2026-07-03,19:56,540.13,Others,Card,Tirunelveli,Failed
TXN00523,Priya,Ola,2026-01-29,07:29,313.13,Transport,PhonePe,Madurai,Success
TXN00524,Vishnu,KFC,2026-03-30,06:00,900.0,Food,Card,Bengaluru,Success
TXN00525,Arun,Stationery Shop,2026-01-15,23:54,1663.17,Others,UPI,Chennai,Failed
TXN00526,Arun,A2B,2026-06-08,05:59,419.52,Food,PhonePe,Coimbatore,Success
TXN00527,Abinaya,Dominos,2026-04-23,00:40,489.58,Food,PhonePe,Madurai,Failed
TXN00528,Rahul,RedBus,2026-06-24,06:03,542.1,Transport,PhonePe,Madurai,Success
TXN00529,Abinaya,ACT Fibernet,2026-09-27,12:27,2740.08,Bills,PhonePe,Madurai,Success
TXN00530,Anu,Swiggy,2026-02-21,11:29,462.58,Food,Card,Trichy,Failed
TXN00531,Anu,ACT Fibernet,2026-08-12,21:49,3062.42,Bills,PhonePe,Madurai,Pending
TXN00532,Sanjay,Electricity Board,2026-03-31,12:54,3087.49,Bills,UPI,Chennai,Success
TXN00533,Nivetha,Amazon Kindle,2026-01-01,23:57,1531.8,Education,PhonePe,Trichy,Success
TXN00534,Harini,KFC,2026-06-12,20:52,561.45,Food,GPay,Salem,Success
TXN00535,Sanjay,1mg,2026-06-19,02:39,3000.0,Health,Card,Coimbatore,Success
TXN00536,Anu,Flipkart,2026-02-15,22:52,4029.24,Shopping,PhonePe,Bengaluru,Pending
TXN00537,Nivetha,Cafe Coffee Day,2026-05-16,07:09,577.65,Food,Card,Salem,Success
TXN00538,Nivetha,Ola,2026-01-01,01:38,405.47,Transport,UPI,Madurai,Success
TXN00539,Rahul,Dominos,2026-09-10,12:55,312.71,Food,PhonePe,Trichy,Success
TXN00540,Meena,Myntra,2026-04-26,05:33,3050.93,Shopping,Card,Chennai,Failed
TXN00541,Kavi,Dominos,2026-01-11,10:52,331.52,Food,GPay,Tirunelveli,Success
TXN00542,Kavi,Rapido,2026-03-24,02:33,1063.46,Transport,PhonePe,Madurai,Success
TXN00543,Keerthi,KFC,2026-09-05,01:03,427.33,Food,UPI,Bengaluru,Failed
TXN00544,Sanjay,TNSTC,2026-01-28,03:27,421.21,Transport,Card,Madurai,Success
TXN00545,Deva,Myntra,2026-05-16,22:32,5399.15,Shopping,Card,Bengaluru,Pending
TXN00546,Ishaan,ACT Fibernet,2026-09-09,05:14,1137.08,Bills,GPay,Madurai,Success
TXN00547,Anu,Coursera,2026-09-03,06:48,2540.99,Education,GPay,Madurai,Success
TXN00548,Abinaya,Swiggy,2026-08-31,03:56,343.33,Food,UPI,Madurai,Success
TXN00549,Swetha,A2B,2026-05-16,03:06,900.0,Food,Card,Chennai,Pending
TXN00550,Meena,Steam,2026-07-09,06:22,789.62,Entertainment,UPI,Chennai,Success
TXN00551,Abinaya,Meesho,2026-04-26,09:10,1899.0,Shopping,Card,Madurai,Success
TXN00552,Abinaya,RedBus,2026-06-26,18:28,627.87,Transport,GPay,Madurai,Success
TXN00553,Swetha,Dominos,2026-09-25,14:17,425.93,Food,GPay,Coimbatore,Success
TXN00554,Sanjay,KFC,2026-05-01,16:15,314.25,Food,Card,Salem,Failed
TXN00555,Kavi,Myntra,2026-09-22,19:30,5297.26,Shopping,GPay,Chennai,Failed
TXN00556,Arun,Cafe Coffee Day,2026-03-27,07:13,662.19,Food,Card,Madurai,Success
TXN00557,Priya,Zomato,2026-08-11,06:53,546.9,Food,GPay,Madurai,Pending
TXN00558,Priya,Steam,2026-02-04,02:58,515.32,Entertainment,UPI,Tirunelveli,Success
TXN00559,Meena,Dominos,2026-09-24,15:38,900.0,Food,UPI,Chennai,Success
TXN00560,Swetha,Jio,2026-08-01,05:06,2526.46,Bills,Card,Trichy,Success
TXN00561,Arun,Spotify,2026-02-21,09:45,581.31,Entertainment,GPay,Coimbatore,Success
TXN00562,Keerthi,Water Board,2026-07-16,22:21,3776.95,Bills,Card,Chennai,Success
TXN00563,Arun,Dominos,2026-05-22,13:45,500.56,Food,GPay,Tenkasi,Success
TXN00564,Arun,Airtel,2026-07-22,11:18,3499.22,Bills,Card,Tenkasi,Success
TXN00565,Deva,Metro,2026-07-10,00:41,766.9,Transport,Card,Madurai,Success
TXN00566,Vishnu,Amazon Kindle,2026-09-09,23:45,5000.0,Education,UPI,Tirunelveli,Success
TXN00567,Kavi,Cafe Coffee Day,2026-06-03,15:07,266.5,Food,PhonePe,Bengaluru,Success
TXN00568,Ishaan,Amazon Kindle,2026-08-15,07:12,1924.63,Education,GPay,Trichy,Success
TXN00569,Nivetha,BookMyShow,2026-09-21,05:25,1500.0,Entertainment,UPI,Coimbatore,Success
TXN00570,Ishaan,Netflix,2026-09-26,19:24,758.12,Entertainment,Card,Trichy,Success
TXN00571,Priya,Swiggy,2026-05-08,01:07,252.76,Food,PhonePe,Madurai,Success
TXN00572,Abinaya,BookMyShow,2026-07-08,15:50,1090.44,Entertainment,PhonePe,Salem,Success
TXN00573,Harini,KFC,2026-01-16,08:15,856.46,Food,GPay,Tenkasi,Pending
TXN00574,Rahul,YouTube Premium,2026-06-29,11:45,752.26,Entertainment,PhonePe,Coimbatore,Success
TXN00575,Vishnu,Udemy,2026-01-15,13:11,923.55,Education,GPay,Salem,Success
TXN00576,Priya,Uber,2026-04-26,23:07,374.56,Transport,PhonePe,Salem,Success
TXN00577,Ishaan,Stationery Shop,2026-01-05,16:10,429.94,Others,GPay,Tenkasi,Pending
TXN00578,Sanjay,Spotify,2026-05-10,20:45,1500.0,Entertainment,GPay,Madurai,Success
TXN00579,Nivetha,Myntra,2026-07-12,11:54,1252.55,Shopping,UPI,Bengaluru,Success
TXN00580,Ishaan,Meesho,2026-09-24,21:17,2244.05,Shopping,UPI,Madurai,Pending
TXN00581,Arun,Local Pharmacy,2026-05-25,10:11,2064.43,Health,UPI,Madurai,Failed
TXN00582,Kavi,Steam,2026-06-16,09:27,401.17,Entertainment,UPI,Coimbatore,Success
TXN00583,Sanjay,Amazon Kindle,2026-03-18,17:39,3211.52,Education,UPI,Trichy,Success
TXN00584,Keerthi,1mg,2026-06-13,23:14,1056.22,Health,Card,Madurai,Pending
TXN00585,Nivetha,Zomato,2026-05-13,14:17,561.62,Food,Card,Madurai,Success
TXN00586,Harini,Meesho,2026-04-24,23:25,2619.51,Shopping,PhonePe,Trichy,Success
TXN00587,Sanjay,KFC,2026-06-03,05:48,431.18,Food,UPI,Tirunelveli,Failed
TXN00588,Keerthi,DMart,2026-08-30,04:22,5515.85,Shopping,UPI,Coimbatore,Success
TXN00589,Ishaan,Metro,2026-06-21,22:20,325.73,Transport,PhonePe,Trichy,Pending
TXN00590,Deva,Uber,2026-06-19,12:41,733.04,Transport,UPI,Chennai,Success
TXN00591,Arun,Local Store,2026-01-28,21:39,1582.33,Others,GPay,Madurai,Success
TXN00592,Arun,RedBus,2026-04-10,17:04,309.96,Transport,GPay,Bengaluru,Success
TXN00593,Vishnu,Coursera,2026-01-28,05:08,1094.29,Education,UPI,Trichy,Success
TXN00594,Deva,Zomato,2026-06-11,06:09,404.61,Food,Card,Chennai,Success
TXN00595,Rahul,Swiggy,2026-01-30,00:09,148.47,Food,PhonePe,Chennai,Success
TXN00596,Ishaan,Electricity Board,2026-03-23,16:42,2386.33,Bills,PhonePe,Madurai,Failed
TXN00597,Priya,Uber,2026-08-08,16:17,878.78,Transport,Card,Tenkasi,Success
TXN00598,Abinaya,BookMyShow,2026-07-11,00:28,371.81,Entertainment,PhonePe,Madurai,Pending
TXN00599,Swetha,A2B,2026-01-03,21:23,748.92,Food,PhonePe,Tirunelveli,Success
TXN00600,Deva,Metro,2026-03-08,03:30,1200.0,Transport,UPI,Madurai,Success
TXN00601,Meena,Electricity Board,2026-01-24,10:10,2533.04,Bills,PhonePe,Coimbatore,Success
TXN00602,Rahul,ACT Fibernet,2026-03-10,11:41,4000.0,Bills,UPI,Trichy,Success
TXN00603,Anu,Dominos,2026-01-10,07:47,392.66,Food,PhonePe,Trichy,Success
TXN00604,Nivetha,Zomato,2026-01-12,20:07,347.13,Food,PhonePe,Bengaluru,Pending
TXN00605,Priya,Reliance Trends,2026-05-11,18:15,2861.37,Shopping,GPay,Madurai,Success
TXN00606,Abinaya,HealthPlus,2026-02-25,22:18,871.58,Health,GPay,Coimbatore,Pending
TXN00607,Abinaya,Uber,2026-07-14,04:13,444.88,Transport,Card,Trichy,Success
TXN00608,Ishaan,KFC,2026-01-05,10:16,472.41,Food,PhonePe,Chennai,Success
TXN00609,Sanjay,Temple,2026-03-12,14:17,1095.85,Others,UPI,Madurai,Failed
TXN00610,Meena,Jio,2026-02-28,03:37,2661.41,Bills,GPay,Trichy,Success
TXN00611,Deva,TNSTC,2026-04-14,12:13,193.66,Transport,UPI,Tenkasi,Failed
TXN00612,Harini,Steam,2026-09-12,07:05,1500.0,Entertainment,GPay,Madurai,Failed
TXN00613,Keerthi,Cafe Coffee Day,2026-01-07,22:55,280.5,Food,PhonePe,Coimbatore,Success
TXN00614,Keerthi,Netflix,2026-02-16,17:27,1139.49,Entertainment,Card,Madurai,Success
TXN00615,Nivetha,Gift,2026-04-29,15:35,1181.76,Others,UPI,Trichy,Pending
TXN00616,Ishaan,Rapido,2026-01-21,09:55,429.98,Transport,GPay,Chennai,Success
TXN00617,Swetha,ACT Fibernet,2026-03-01,03:14,2803.67,Bills,Card,Tenkasi,Pending
TXN00618,Abinaya,Jio,2026-07-03,14:56,1252.98,Bills,PhonePe,Salem,Success
TXN00619,Ishaan,Salon,2026-06-25,06:14,997.9,Others,GPay,Salem,Success
TXN00620,Harini,Amazon,2026-07-17,23:32,6000.0,Shopping,Card,Chennai,Success
TXN00621,Swetha,Electricity Board,2026-03-09,23:45,1621.02,Bills,PhonePe,Chennai,Success
TXN00622,Vishnu,Apollo Pharmacy,2026-09-05,19:25,1598.25,Health,Card,Madurai,Failed
TXN00623,Rahul,Steam,2026-01-15,23:21,442.23,Entertainment,Card,Madurai,Success
TXN00624,Keerthi,Steam,2026-07-30,15:02,1154.72,Entertainment,Card,Madurai,Success
TXN00625,Kavi,Uber,2026-09-26,19:40,402.31,Transport,UPI,Madurai,Success
TXN00626,Arun,Steam,2026-09-25,23:29,941.18,Entertainment,UPI,Madurai,Failed
TXN00627,Arun,Miscellaneous,2026-06-27,22:39,1764.23,Others,PhonePe,Madurai,Success
TXN00628,Priya,College Fees,2026-03-22,17:15,2241.27,Education,GPay,Tirunelveli,Success
TXN00629,Vishnu,Meesho,2026-09-09,10:56,4194.3,Shopping,PhonePe,Coimbatore,Success
TXN00630,Anu,Ola,2026-04-25,18:47,747.83,Transport,GPay,Bengaluru,Failed
TXN00631,Harini,Metro,2026-08-24,15:09,1093.82,Transport,PhonePe,Chennai,Success
TXN00632,Rahul,Google Workspace,2026-06-11,04:03,3523.03,Education,Card,Madurai,Success
TXN00633,Nivetha,College Fees,2026-07-31,01:13,5000.0,Education,GPay,Tenkasi,Success
TXN00634,Meena,KFC,2026-06-05,17:21,407.06,Food,GPay,Madurai,Failed
TXN00635,Deva,Reliance Trends,2026-07-06,01:51,1522.56,Shopping,Card,Tenkasi,Success
TXN00636,Vishnu,Spotify,2026-07-06,15:26,323.74,Entertainment,Card,Chennai,Pending
TXN00637,Kavi,Uber,2026-06-24,12:07,261.81,Transport,PhonePe,Trichy,Success
TXN00638,Swetha,Metro,2026-02-24,01:33,520.44,Transport,UPI,Madurai,Pending
TXN00639,Rahul,Zomato,2026-05-11,20:51,515.98,Food,Card,Madurai,Success
TXN00640,Deva,Spotify,2026-08-23,06:30,543.99,Entertainment,Card,Madurai,Success
TXN00641,Anu,DMart,2026-03-05,15:22,892.53,Shopping,Card,Madurai,Success
TXN00642,Sanjay,Electricity Board,2026-01-03,18:06,1425.2,Bills,PhonePe,Coimbatore,Success
TXN00643,Abinaya,DMart,2026-09-05,17:21,2395.21,Shopping,Card,Coimbatore,Failed
TXN00644,Nivetha,Ola,2026-07-18,22:26,608.29,Transport,PhonePe,Coimbatore,Success
TXN00645,Arun,RedBus,2026-05-08,09:20,1200.0,Transport,Card,Salem,Success
TXN00646,Anu,Meesho,2026-03-12,14:05,1127.57,Shopping,Card,Bengaluru,Success
TXN00647,Nivetha,Reliance Trends,2026-06-10,18:53,4469.56,Shopping,UPI,Salem,Pending
TXN00648,Deva,Steam,2026-06-26,22:57,1097.18,Entertainment,UPI,Madurai,Pending
TXN00649,Nivetha,Stationery Shop,2026-06-15,03:56,883.3,Others,PhonePe,Tenkasi,Failed
TXN00650,Meena,PharmEasy,2026-05-27,14:25,1910.62,Health,Card,Coimbatore,Pending
TXN00651,Meena,Swiggy,2026-01-28,22:52,423.62,Food,Card,Madurai,Success
TXN00652,Deva,Swiggy,2026-05-09,04:59,637.1,Food,PhonePe,Madurai,Success
TXN00653,Nivetha,Amazon,2026-01-17,12:14,1905.02,Shopping,PhonePe,Tirunelveli,Failed
TXN00654,Kavi,TNSTC,2026-07-19,08:06,357.91,Transport,PhonePe,Tenkasi,Pending
TXN00655,Swetha,Google Workspace,2026-01-25,13:01,899.6,Education,UPI,Tirunelveli,Pending
TXN00656,Harini,Meesho,2026-01-28,00:26,3825.03,Shopping,UPI,Bengaluru,Failed
TXN00657,Ishaan,Steam,2026-07-08,20:05,573.73,Entertainment,Card,Madurai,Success
TXN00658,Nivetha,KFC,2026-08-18,06:03,196.37,Food,PhonePe,Tenkasi,Success
TXN00659,Kavi,Cafe Coffee Day,2026-09-21,04:04,275.8,Food,PhonePe,Madurai,Pending
TXN00660,Abinaya,Meesho,2026-03-24,19:56,4163.58,Shopping,UPI,Chennai,Success
TXN00661,Abinaya,YouTube Premium,2026-03-20,11:00,873.27,Entertainment,PhonePe,Chennai,Success
TXN00662,Abinaya,KFC,2026-07-03,02:29,280.69,Food,UPI,Tirunelveli,Success
TXN00663,Anu,Miscellaneous,2026-02-04,17:14,2000.0,Others,PhonePe,Coimbatore,Failed
TXN00664,Harini,Flipkart,2026-06-28,07:33,2950.5,Shopping,Card,Coimbatore,Success
TXN00665,Sanjay,Zomato,2026-04-22,21:06,609.3,Food,UPI,Chennai,Success
TXN00666,Rahul,Reliance Trends,2026-06-27,15:12,3319.7,Shopping,GPay,Bengaluru,Success
TXN00667,Keerthi,Airtel,2026-06-14,13:01,1774.99,Bills,PhonePe,Tenkasi,Success
TXN00668,Harini,Swiggy,2026-09-22,12:47,586.04,Food,UPI,Madurai,Success
TXN00669,Swetha,Reliance Trends,2026-06-01,22:14,5786.26,Shopping,Card,Coimbatore,Success
TXN00670,Anu,1mg,2026-01-04,21:23,1305.11,Health,GPay,Coimbatore,Success
TXN00671,Deva,Uber,2026-08-06,03:32,927.57,Transport,PhonePe,Tenkasi,Pending
TXN00672,Meena,Zomato,2026-02-06,23:25,319.67,Food,Card,Tirunelveli,Pending
TXN00673,Abinaya,Airtel,2026-02-14,02:30,4000.0,Bills,UPI,Chennai,Success
TXN00674,Priya,Swiggy,2026-04-27,08:49,298.04,Food,GPay,Tirunelveli,Failed
TXN00675,Harini,Meesho,2026-06-11,00:34,6000.0,Shopping,Card,Chennai,Success
TXN00676,Sanjay,Dominos,2026-02-02,19:59,237.92,Food,GPay,Madurai,Pending
TXN00677,Nivetha,Coursera,2026-02-24,09:53,2119.31,Education,UPI,Salem,Failed
TXN00678,Ishaan,Cafe Coffee Day,2026-07-15,13:29,603.16,Food,UPI,Tenkasi,Success
TXN00679,Abinaya,Cafe Coffee Day,2026-07-20,18:37,900.0,Food,PhonePe,Chennai,Success
TXN00680,Sanjay,Myntra,2026-03-14,04:12,6000.0,Shopping,UPI,Madurai,Success
TXN00681,Abinaya,Swiggy,2026-02-13,10:24,900.0,Food,Card,Coimbatore,Failed
TXN00682,Nivetha,Flipkart,2026-07-31,22:02,1216.99,Shopping,UPI,Trichy,Success
TXN00683,Priya,Salon,2026-05-10,06:37,1274.92,Others,PhonePe,Madurai,Failed
TXN00684,Priya,Uber,2026-08-25,22:00,402.16,Transport,GPay,Tenkasi,Failed
TXN00685,Kavi,RedBus,2026-02-20,06:44,1052.19,Transport,GPay,Madurai,Success
TXN00686,Arun,Miscellaneous,2026-03-07,22:54,1862.87,Others,UPI,Coimbatore,Success
TXN00687,Deva,Cafe Coffee Day,2026-06-12,16:35,555.13,Food,GPay,Madurai,Success
TXN00688,Anu,Meesho,2026-03-20,19:18,2292.23,Shopping,UPI,Tenkasi,Pending
TXN00689,Anu,KFC,2026-01-03,10:41,256.55,Food,Card,Tirunelveli,Success
TXN00690,Swetha,Ola,2026-07-04,04:35,415.88,Transport,Card,Madurai,Success
TXN00691,Nivetha,Cafe Coffee Day,2026-08-17,12:14,309.59,Food,Card,Chennai,Success
TXN00692,Rahul,Amazon Kindle,2026-02-11,09:34,2622.82,Education,PhonePe,Coimbatore,Pending
TXN00693,Keerthi,Zomato,2026-02-09,02:34,828.67,Food,UPI,Coimbatore,Pending
TXN00694,Vishnu,Netflix,2026-07-27,20:08,848.68,Entertainment,GPay,Coimbatore,Failed
TXN00695,Keerthi,Flipkart,2026-08-30,22:19,1613.45,Shopping,UPI,Madurai,Failed
TXN00696,Anu,Spotify,2026-08-26,17:06,405.69,Entertainment,UPI,Chennai,Success
TXN00697,Kavi,Salon,2026-05-03,20:57,1487.56,Others,GPay,Chennai,Pending
TXN00698,Swetha,Udemy,2026-04-02,19:19,5000.0,Education,Card,Coimbatore,Success
TXN00699,Sanjay,RedBus,2026-09-05,12:14,648.5,Transport,PhonePe,Salem,Pending
TXN00700,Deva,Gift,2026-05-16,12:36,697.96,Others,PhonePe,Tirunelveli,Success
TXN00701,Abinaya,Zomato,2026-08-29,15:31,272.56,Food,UPI,Tenkasi,Success
TXN00702,Abinaya,Amazon,2026-09-24,21:37,4346.98,Shopping,UPI,Bengaluru,Success
TXN00703,Vishnu,A2B,2026-07-13,12:28,900.0,Food,PhonePe,Trichy,Success
TXN00704,Sanjay,RedBus,2026-05-09,12:50,519.51,Transport,GPay,Salem,Failed
TXN00705,Meena,Spotify,2026-09-04,20:37,596.06,Entertainment,UPI,Chennai,Success
TXN00706,Meena,Swiggy,2026-04-28,02:37,216.76,Food,Card,Salem,Success
TXN00707,Sanjay,Salon,2026-03-22,12:21,1056.58,Others,PhonePe,Madurai,Success
TXN00708,Nivetha,Water Board,2026-06-19,03:52,3186.76,Bills,PhonePe,Tirunelveli,Success
TXN00709,Sanjay,Meesho,2026-03-24,22:05,2036.55,Shopping,PhonePe,Chennai,Failed
TXN00710,Abinaya,College Fees,2026-03-24,04:35,2914.76,Education,PhonePe,Madurai,Failed
TXN00711,Meena,Cafe Coffee Day,2026-03-27,08:48,620.04,Food,PhonePe,Madurai,Success
TXN00712,Meena,Spotify,2026-05-26,02:55,1101.36,Entertainment,GPay,Bengaluru,Pending
TXN00713,Rahul,Zomato,2026-03-29,07:29,260.84,Food,Card,Tenkasi,Success
TXN00714,Arun,TNSTC,2026-09-19,09:01,377.01,Transport,PhonePe,Madurai,Failed
TXN00715,Nivetha,Zomato,2026-02-05,07:50,493.09,Food,Card,Trichy,Failed
TXN00716,Harini,TNSTC,2026-09-25,17:12,907.84,Transport,GPay,Madurai,Success
TXN00717,Harini,Metro,2026-09-01,20:59,1200.0,Transport,GPay,Tirunelveli,Success
TXN00718,Abinaya,Reliance Trends,2026-09-04,22:30,1650.38,Shopping,GPay,Salem,Success
TXN00719,Keerthi,1mg,2026-08-09,17:49,1768.27,Health,GPay,Tenkasi,Pending
TXN00720,Anu,Electricity Board,2026-09-04,13:00,2073.23,Bills,Card,Salem,Success
TXN00721,Arun,A2B,2026-03-10,08:41,369.26,Food,GPay,Tirunelveli,Success
TXN00722,Swetha,Electricity Board,2026-07-29,08:47,3940.97,Bills,GPay,Madurai,Success
TXN00723,Abinaya,Airtel,2026-09-25,04:01,2836.59,Bills,GPay,Trichy,Failed
TXN00724,Abinaya,RedBus,2026-06-11,13:57,855.25,Transport,PhonePe,Chennai,Pending
TXN00725,Kavi,A2B,2026-08-05,19:16,244.54,Food,UPI,Madurai,Success
TXN00726,Arun,YouTube Premium,2026-07-31,18:50,658.41,Entertainment,Card,Madurai,Success
TXN00727,Rahul,RedBus,2026-06-07,19:43,632.33,Transport,Card,Madurai,Success
TXN00728,Swetha,ACT Fibernet,2026-03-02,07:50,2279.0,Bills,PhonePe,Trichy,Pending
TXN00729,Swetha,Dominos,2026-04-20,17:21,900.0,Food,PhonePe,Trichy,Success
TXN00730,Swetha,College Fees,2026-07-19,21:42,2183.16,Education,GPay,Chennai,Success
TXN00731,Swetha,Swiggy,2026-08-11,03:00,117.17,Food,PhonePe,Madurai,Success
TXN00732,Ishaan,Swiggy,2026-01-20,13:07,486.83,Food,GPay,Madurai,Failed
TXN00733,Arun,TNSTC,2026-01-30,05:58,813.13,Transport,UPI,Tenkasi,Pending
TXN00734,Rahul,Metro,2026-09-23,09:45,633.54,Transport,PhonePe,Chennai,Pending
TXN00735,Abinaya,Ola,2026-03-28,23:00,125.6,Transport,PhonePe,Tirunelveli,Failed
TXN00736,Anu,Swiggy,2026-02-14,09:25,552.27,Food,GPay,Madurai,Success
TXN00737,Anu,BookMyShow,2026-04-13,17:40,1076.05,Entertainment,Card,Tenkasi,Failed
TXN00738,Nivetha,Netflix,2026-05-26,19:05,394.89,Entertainment,GPay,Trichy,Failed
TXN00739,Anu,KFC,2026-04-10,15:31,321.81,Food,UPI,Chennai,Success
TXN00740,Arun,Temple,2026-09-17,03:38,980.62,Others,PhonePe,Madurai,Success
TXN00741,Kavi,KFC,2026-09-20,08:47,344.72,Food,UPI,Coimbatore,Success
TXN00742,Vishnu,KFC,2026-08-15,12:52,374.92,Food,UPI,Tirunelveli,Pending
TXN00743,Rahul,RedBus,2026-08-24,20:01,726.3,Transport,UPI,Tirunelveli,Success
TXN00744,Rahul,Swiggy,2026-04-23,23:06,332.74,Food,GPay,Madurai,Success
TXN00745,Deva,DMart,2026-09-22,18:17,1322.39,Shopping,Card,Tirunelveli,Success
TXN00746,Nivetha,Amazon,2026-02-17,13:37,5079.15,Shopping,PhonePe,Tirunelveli,Success
TXN00747,Nivetha,DMart,2026-04-02,16:15,1731.73,Shopping,GPay,Tirunelveli,Failed
TXN00748,Anu,ACT Fibernet,2026-04-08,17:01,1849.72,Bills,UPI,Madurai,Success
TXN00749,Deva,Metro,2026-04-16,07:49,465.31,Transport,PhonePe,Madurai,Success
TXN00750,Vishnu,Ola,2026-02-24,04:05,322.97,Transport,UPI,Madurai,Success
TXN00751,Sanjay,Jio,2026-01-04,18:28,3364.28,Bills,Card,Bengaluru,Failed
TXN00752,Vishnu,Swiggy,2026-05-21,16:45,714.76,Food,UPI,Coimbatore,Success
TXN00753,Swetha,Ola,2026-04-24,19:41,495.84,Transport,UPI,Salem,Success
TXN00754,Abinaya,Zomato,2026-01-17,17:09,466.09,Food,Card,Coimbatore,Success
TXN00755,Harini,Amazon Kindle,2026-03-03,23:50,2733.86,Education,PhonePe,Salem,Success
TXN00756,Rahul,KFC,2026-04-18,12:57,254.04,Food,GPay,Chennai,Success
TXN00757,Kavi,KFC,2026-05-15,08:05,272.05,Food,UPI,Chennai,Success
TXN00758,Rahul,Myntra,2026-04-05,17:01,3023.12,Shopping,UPI,Bengaluru,Success
TXN00759,Deva,TNSTC,2026-07-25,09:32,319.08,Transport,UPI,Chennai,Success
TXN00760,Priya,TNSTC,2026-05-19,08:02,601.59,Transport,PhonePe,Coimbatore,Success
TXN00761,Harini,Google Workspace,2026-03-18,16:08,725.69,Education,PhonePe,Salem,Success
TXN00762,Priya,Uber,2026-09-22,18:13,481.5,Transport,PhonePe,Chennai,Pending
TXN00763,Anu,Metro,2026-01-25,13:35,719.32,Transport,UPI,Tirunelveli,Success
TXN00764,Nivetha,Gift,2026-09-01,21:29,1137.45,Others,PhonePe,Madurai,Success
TXN00765,Rahul,Coursera,2026-07-04,19:07,4826.54,Education,UPI,Trichy,Success
TXN00766,Keerthi,RedBus,2026-07-30,04:08,332.01,Transport,UPI,Tirunelveli,Success
TXN00767,Vishnu,A2B,2026-03-31,09:42,447.71,Food,PhonePe,Tenkasi,Failed
TXN00768,Anu,YouTube Premium,2026-08-17,02:40,1327.07,Entertainment,Card,Tenkasi,Pending
TXN00769,Arun,BookMyShow,2026-06-22,14:23,930.84,Entertainment,PhonePe,Madurai,Success
TXN00770,Arun,DMart,2026-03-24,11:43,4773.26,Shopping,GPay,Coimbatore,Success
TXN00771,Anu,Zomato,2026-05-17,20:39,244.09,Food,UPI,Chennai,Pending
TXN00772,Ishaan,College Fees,2026-09-24,15:22,2665.33,Education,UPI,Salem,Pending
TXN00773,Priya,Meesho,2026-05-01,22:35,2711.13,Shopping,GPay,Madurai,Success
TXN00774,Nivetha,A2B,2026-03-27,13:33,493.86,Food,GPay,Trichy,Success
TXN00775,Kavi,Netflix,2026-01-28,00:53,514.2,Entertainment,Card,Madurai,Failed
TXN00776,Meena,Dominos,2026-05-15,21:05,900.0,Food,GPay,Tirunelveli,Success
TXN00777,Kavi,Ola,2026-04-28,08:26,894.06,Transport,Card,Tenkasi,Success
TXN00778,Ishaan,Cafe Coffee Day,2026-09-27,05:49,888.5,Food,PhonePe,Chennai,Success
TXN00779,Abinaya,Swiggy,2026-08-28,18:27,549.02,Food,UPI,Tenkasi,Success
TXN00780,Meena,Amazon Kindle,2026-08-22,21:32,1744.61,Education,PhonePe,Chennai,Failed
TXN00781,Sanjay,Cafe Coffee Day,2026-06-08,11:51,656.32,Food,Card,Salem,Failed
TXN00782,Meena,TNSTC,2026-06-07,12:29,1200.0,Transport,GPay,Madurai,Success
TXN00783,Ishaan,Dominos,2026-09-25,04:39,548.61,Food,GPay,Madurai,Success
TXN00784,Ishaan,Amazon Kindle,2026-09-09,16:17,1547.68,Education,GPay,Chennai,Pending
TXN00785,Abinaya,YouTube Premium,2026-04-29,00:14,580.06,Entertainment,UPI,Tirunelveli,Failed
TXN00786,Anu,Salon,2026-05-08,05:34,1036.77,Others,Card,Madurai,Success
TXN00787,Vishnu,College Fees,2026-08-05,21:20,5000.0,Education,UPI,Chennai,Success
TXN00788,Meena,Udemy,2026-09-30,09:10,5000.0,Education,UPI,Tirunelveli,Success
TXN00789,Deva,Electricity Board,2026-05-29,03:46,1297.46,Bills,PhonePe,Salem,Success
TXN00790,Rahul,Metro,2026-09-09,06:24,749.34,Transport,UPI,Tenkasi,Pending
TXN00791,Abinaya,PharmEasy,2026-02-22,09:37,1110.33,Health,GPay,Madurai,Success
TXN00792,Priya,Rapido,2026-02-16,05:08,303.96,Transport,GPay,Trichy,Success
TXN00793,Rahul,Uber,2026-09-13,12:40,845.83,Transport,Card,Madurai,Success
TXN00794,Nivetha,Dominos,2026-03-16,01:54,509.77,Food,UPI,Tirunelveli,Success
TXN00795,Swetha,A2B,2026-04-09,08:32,527.68,Food,Card,Chennai,Success
TXN00796,Vishnu,BookMyShow,2026-08-15,08:26,730.32,Entertainment,PhonePe,Madurai,Success
TXN00797,Abinaya,Cafe Coffee Day,2026-04-17,16:08,555.57,Food,GPay,Madurai,Failed
TXN00798,Sanjay,Electricity Board,2026-01-22,18:45,2401.77,Bills,UPI,Bengaluru,Success
TXN00799,Kavi,HealthPlus,2026-07-04,01:46,2441.08,Health,UPI,Madurai,Success
TXN00800,Deva,Metro,2026-08-11,11:04,393.12,Transport,PhonePe,Bengaluru,Pending
TXN00801,Priya,Jio,2026-05-05,00:18,3382.76,Bills,GPay,Tirunelveli,Success
TXN00802,Arun,Netflix,2026-03-21,12:40,1197.43,Entertainment,Card,Tirunelveli,Pending
TXN00803,Deva,Swiggy,2026-06-23,21:20,562.38,Food,GPay,Madurai,Pending
TXN00804,Abinaya,Apollo Pharmacy,2026-02-24,04:17,1565.89,Health,PhonePe,Chennai,Pending
TXN00805,Deva,Dominos,2026-04-09,00:43,446.23,Food,UPI,Chennai,Success
TXN00806,Harini,Steam,2026-01-21,16:33,762.61,Entertainment,PhonePe,Chennai,Success
TXN00807,Meena,Electricity Board,2026-04-06,18:33,2110.08,Bills,Card,Madurai,Success
TXN00808,Anu,ACT Fibernet,2026-03-24,02:21,913.38,Bills,UPI,Trichy,Failed
TXN00809,Priya,Google Workspace,2026-07-07,15:29,5000.0,Education,UPI,Chennai,Failed
TXN00810,Swetha,Amazon,2026-04-05,00:38,5555.53,Shopping,Card,Tenkasi,Pending
TXN00811,Vishnu,KFC,2026-02-02,22:28,900.0,Food,PhonePe,Chennai,Success
TXN00812,Vishnu,Water Board,2026-03-20,20:55,2923.88,Bills,Card,Chennai,Failed
TXN00813,Anu,YouTube Premium,2026-02-19,17:51,567.75,Entertainment,UPI,Chennai,Success
TXN00814,Kavi,Metro,2026-01-17,06:53,799.97,Transport,PhonePe,Madurai,Success
TXN00815,Rahul,Swiggy,2026-07-18,22:27,741.28,Food,GPay,Madurai,Failed
TXN00816,Meena,Temple,2026-07-07,07:32,609.69,Others,UPI,Tenkasi,Success
TXN00817,Nivetha,KFC,2026-09-09,02:43,900.0,Food,PhonePe,Madurai,Pending
TXN00818,Swetha,Dominos,2026-08-01,12:35,372.48,Food,UPI,Tenkasi,Failed
TXN00819,Abinaya,DMart,2026-01-21,02:24,4568.64,Shopping,UPI,Tirunelveli,Failed
TXN00820,Kavi,A2B,2026-04-29,18:08,900.0,Food,GPay,Bengaluru,Success
TXN00821,Deva,TNSTC,2026-04-02,19:03,716.6,Transport,PhonePe,Madurai,Failed
TXN00822,Meena,Cafe Coffee Day,2026-07-03,23:01,900.0,Food,GPay,Chennai,Pending
TXN00823,Nivetha,College Fees,2026-04-03,18:46,1160.01,Education,GPay,Tenkasi,Success
TXN00824,Meena,Dominos,2026-08-15,12:01,255.77,Food,PhonePe,Chennai,Failed
TXN00825,Meena,Rapido,2026-07-31,21:36,392.36,Transport,UPI,Bengaluru,Success
TXN00826,Vishnu,BookMyShow,2026-04-20,12:48,252.7,Entertainment,PhonePe,Trichy,Failed
TXN00827,Keerthi,Water Board,2026-08-18,13:33,815.13,Bills,UPI,Trichy,Success
TXN00828,Nivetha,Uber,2026-01-09,17:40,1200.0,Transport,UPI,Madurai,Failed
TXN00829,Keerthi,Spotify,2026-04-20,10:44,1500.0,Entertainment,UPI,Chennai,Success
TXN00830,Swetha,Swiggy,2026-09-19,18:59,342.95,Food,UPI,Tirunelveli,Failed
TXN00831,Keerthi,Reliance Trends,2026-08-24,12:08,6000.0,Shopping,GPay,Coimbatore,Success
TXN00832,Priya,Zomato,2026-05-12,10:15,399.38,Food,PhonePe,Madurai,Success
TXN00833,Arun,Amazon,2026-02-09,11:04,6000.0,Shopping,PhonePe,Chennai,Pending
TXN00834,Priya,Meesho,2026-06-03,01:16,6000.0,Shopping,GPay,Coimbatore,Failed
TXN00835,Swetha,Steam,2026-06-21,11:52,567.0,Entertainment,GPay,Coimbatore,Success
TXN00836,Harini,Electricity Board,2026-01-06,21:38,3271.6,Bills,GPay,Bengaluru,Success
TXN00837,Harini,DMart,2026-03-18,11:09,5680.57,Shopping,GPay,Madurai,Success
TXN00838,Nivetha,Hotstar,2026-07-21,15:12,559.41,Entertainment,GPay,Madurai,Pending
TXN00839,Arun,Google Workspace,2026-05-29,13:27,560.12,Education,PhonePe,Coimbatore,Success
TXN00840,Priya,Zomato,2026-01-26,18:42,730.15,Food,Card,Chennai,Failed
TXN00841,Ishaan,TNSTC,2026-03-08,04:36,386.77,Transport,Card,Madurai,Pending
TXN00842,Meena,Dominos,2026-04-11,19:09,436.31,Food,Card,Madurai,Pending
TXN00843,Nivetha,Reliance Trends,2026-05-17,14:40,3413.44,Shopping,PhonePe,Coimbatore,Success
TXN00844,Sanjay,Rapido,2026-07-31,14:27,844.58,Transport,GPay,Bengaluru,Success
TXN00845,Anu,YouTube Premium,2026-01-13,10:24,659.64,Entertainment,UPI,Madurai,Failed
TXN00846,Anu,Ola,2026-03-16,15:02,710.19,Transport,Card,Tenkasi,Failed
TXN00847,Keerthi,Jio,2026-07-11,05:19,4000.0,Bills,PhonePe,Tirunelveli,Pending
TXN00848,Vishnu,DMart,2026-03-17,09:49,1059.46,Shopping,GPay,Madurai,Success
TXN00849,Anu,Swiggy,2026-08-19,16:04,216.32,Food,GPay,Trichy,Success
TXN00850,Anu,Swiggy,2026-09-25,08:49,246.36,Food,PhonePe,Madurai,Success
TXN00851,Rahul,KFC,2026-01-10,12:51,351.59,Food,PhonePe,Tenkasi,Pending
TXN00852,Keerthi,Reliance Trends,2026-03-29,02:03,4700.16,Shopping,GPay,Tenkasi,Success
TXN00853,Deva,A2B,2026-08-27,22:20,829.53,Food,UPI,Tirunelveli,Success
TXN00854,Kavi,Jio,2026-07-04,03:40,1864.03,Bills,UPI,Chennai,Pending
TXN00855,Ishaan,Swiggy,2026-07-14,17:21,422.87,Food,Card,Salem,Success
TXN00856,Kavi,DMart,2026-09-30,03:00,6000.0,Shopping,Card,Salem,Failed
TXN00857,Deva,Zomato,2026-01-12,01:21,526.29,Food,Card,Coimbatore,Failed
TXN00858,Keerthi,Flipkart,2026-07-21,05:21,2497.16,Shopping,UPI,Coimbatore,Success
TXN00859,Anu,Uber,2026-06-04,08:03,1009.0,Transport,UPI,Trichy,Pending
TXN00860,Ishaan,KFC,2026-01-16,18:56,721.04,Food,UPI,Tirunelveli,Success
TXN00861,Deva,Myntra,2026-03-12,02:59,3821.81,Shopping,Card,Madurai,Pending
TXN00862,Harini,Steam,2026-05-04,19:33,583.24,Entertainment,PhonePe,Coimbatore,Success
TXN00863,Harini,Stationery Shop,2026-03-09,07:03,593.26,Others,UPI,Bengaluru,Success
TXN00864,Priya,Cafe Coffee Day,2026-06-08,23:30,287.69,Food,PhonePe,Coimbatore,Success
TXN00865,Keerthi,HealthPlus,2026-03-22,10:50,970.08,Health,PhonePe,Madurai,Pending
TXN00866,Meena,Coursera,2026-06-12,04:58,1550.06,Education,GPay,Coimbatore,Success
TXN00867,Abinaya,Metro,2026-06-05,15:07,460.48,Transport,Card,Tirunelveli,Success
TXN00868,Keerthi,Cafe Coffee Day,2026-04-07,03:38,466.39,Food,UPI,Tirunelveli,Success
TXN00869,Priya,1mg,2026-04-29,20:21,1628.54,Health,UPI,Madurai,Failed
TXN00870,Deva,Ola,2026-09-02,04:34,330.15,Transport,UPI,Trichy,Success
TXN00871,Vishnu,RedBus,2026-07-18,16:46,704.52,Transport,UPI,Tenkasi,Success
TXN00872,Priya,Meesho,2026-07-29,00:30,3226.3,Shopping,PhonePe,Madurai,Success
TXN00873,Harini,PharmEasy,2026-02-03,06:02,1449.95,Health,PhonePe,Madurai,Success
TXN00874,Vishnu,Dominos,2026-05-07,14:35,337.15,Food,UPI,Tenkasi,Success
TXN00875,Swetha,College Fees,2026-06-10,13:27,1398.12,Education,Card,Madurai,Pending
TXN00876,Nivetha,Reliance Trends,2026-02-25,15:24,4200.42,Shopping,GPay,Coimbatore,Failed
TXN00877,Vishnu,TNSTC,2026-07-22,01:20,642.66,Transport,PhonePe,Salem,Failed
TXN00878,Harini,RedBus,2026-05-30,15:00,744.69,Transport,GPay,Coimbatore,Success
TXN00879,Keerthi,Dominos,2026-03-27,14:25,371.67,Food,UPI,Chennai,Success
TXN00880,Arun,A2B,2026-08-20,03:05,348.88,Food,PhonePe,Salem,Success
TXN00881,Kavi,Water Board,2026-07-31,11:02,3631.29,Bills,PhonePe,Madurai,Success
TXN00882,Abinaya,Dominos,2026-02-16,08:32,900.0,Food,PhonePe,Madurai,Success
TXN00883,Nivetha,ACT Fibernet,2026-03-05,03:06,1763.7,Bills,PhonePe,Tenkasi,Pending
TXN00884,Nivetha,Netflix,2026-09-26,13:06,869.36,Entertainment,UPI,Chennai,Success
TXN00885,Swetha,DMart,2026-07-14,01:29,2938.35,Shopping,PhonePe,Bengaluru,Success
TXN00886,Keerthi,Flipkart,2026-03-16,06:06,1949.06,Shopping,PhonePe,Chennai,Success
TXN00887,Abinaya,Cafe Coffee Day,2026-08-17,09:51,367.28,Food,UPI,Chennai,Pending
TXN00888,Priya,Metro,2026-01-02,21:15,1200.0,Transport,PhonePe,Madurai,Success
TXN00889,Abinaya,YouTube Premium,2026-01-03,20:45,540.81,Entertainment,Card,Chennai,Failed
TXN00890,Deva,Meesho,2026-07-29,15:04,3202.33,Shopping,Card,Madurai,Success
TXN00891,Arun,Coursera,2026-05-23,21:09,1803.75,Education,PhonePe,Tenkasi,Failed
TXN00892,Vishnu,Google Workspace,2026-03-17,01:52,2492.94,Education,GPay,Tirunelveli,Success
TXN00893,Anu,Cafe Coffee Day,2026-06-02,11:18,318.23,Food,GPay,Madurai,Pending
TXN00894,Abinaya,Uber,2026-05-26,20:51,464.46,Transport,PhonePe,Madurai,Success
TXN00895,Arun,Google Workspace,2026-07-04,01:13,1162.39,Education,PhonePe,Tirunelveli,Success
TXN00896,Swetha,Jio,2026-02-04,14:35,2186.29,Bills,UPI,Madurai,Success
TXN00897,Kavi,Water Board,2026-05-21,11:14,1701.82,Bills,PhonePe,Madurai,Success
TXN00898,Harini,RedBus,2026-01-30,03:43,814.77,Transport,PhonePe,Coimbatore,Failed
TXN00899,Nivetha,Salon,2026-05-28,14:34,981.49,Others,GPay,Bengaluru,Success
TXN00900,Vishnu,HealthPlus,2026-09-12,17:44,1027.43,Health,UPI,Chennai,Success
TXN00901,Sanjay,DMart,2026-04-30,09:54,1800.22,Shopping,PhonePe,Coimbatore,Failed
TXN00902,Abinaya,Spotify,2026-03-02,07:04,797.13,Entertainment,Card,Madurai,Pending
TXN00903,Harini,Water Board,2026-04-19,00:23,4000.0,Bills,UPI,Chennai,Success
TXN00904,Deva,Miscellaneous,2026-06-07,10:14,742.61,Others,UPI,Trichy,Success
TXN00905,Meena,KFC,2026-06-20,11:39,171.71,Food,GPay,Chennai,Success
TXN00906,Nivetha,College Fees,2026-04-10,11:16,2875.45,Education,GPay,Coimbatore,Success
TXN00907,Keerthi,Myntra,2026-03-11,16:26,5910.82,Shopping,Card,Tenkasi,Success
TXN00908,Sanjay,Ola,2026-07-31,01:54,826.2,Transport,UPI,Chennai,Success
TXN00909,Ishaan,HealthPlus,2026-01-10,07:06,787.63,Health,UPI,Coimbatore,Failed
TXN00910,Sanjay,Hotstar,2026-03-18,09:34,852.98,Entertainment,UPI,Chennai,Success
TXN00911,Anu,Coursera,2026-07-19,06:23,4073.26,Education,PhonePe,Bengaluru,Failed
TXN00912,Kavi,HealthPlus,2026-06-11,01:04,1217.16,Health,UPI,Salem,Pending
TXN00913,Harini,A2B,2026-08-20,10:19,347.98,Food,PhonePe,Madurai,Success
TXN00914,Meena,1mg,2026-01-20,06:53,1159.67,Health,GPay,Chennai,Success
TXN00915,Rahul,Netflix,2026-03-20,06:29,716.41,Entertainment,Card,Coimbatore,Failed
TXN00916,Keerthi,Myntra,2026-03-15,03:21,1621.82,Shopping,UPI,Coimbatore,Success
TXN00917,Sanjay,KFC,2026-01-19,15:40,522.21,Food,PhonePe,Bengaluru,Pending
TXN00918,Nivetha,Meesho,2026-06-09,01:30,3511.3,Shopping,GPay,Salem,Success
TXN00919,Vishnu,Miscellaneous,2026-08-28,01:34,1174.3,Others,GPay,Coimbatore,Success
TXN00920,Meena,Netflix,2026-06-09,21:48,779.94,Entertainment,UPI,Tirunelveli,Success
TXN00921,Anu,Spotify,2026-09-30,10:53,415.73,Entertainment,UPI,Madurai,Success
TXN00922,Sanjay,Dominos,2026-05-21,03:54,408.44,Food,PhonePe,Madurai,Success
TXN00923,Arun,Amazon,2026-06-29,18:45,6000.0,Shopping,GPay,Coimbatore,Success
TXN00924,Ishaan,PharmEasy,2026-05-06,05:50,1741.87,Health,UPI,Madurai,Failed
TXN00925,Ishaan,Swiggy,2026-08-16,01:43,301.8,Food,UPI,Tenkasi,Failed
TXN00926,Abinaya,Airtel,2026-07-16,01:50,2880.62,Bills,GPay,Chennai,Success
TXN00927,Harini,Jio,2026-07-02,10:39,4000.0,Bills,Card,Chennai,Failed
TXN00928,Vishnu,Rapido,2026-03-09,03:10,745.87,Transport,GPay,Madurai,Success
TXN00929,Rahul,Metro,2026-08-27,16:03,561.52,Transport,UPI,Madurai,Pending
TXN00930,Deva,Ola,2026-07-20,06:15,1200.0,Transport,UPI,Madurai,Success
TXN00931,Keerthi,DMart,2026-09-07,01:01,2337.79,Shopping,UPI,Tenkasi,Success
TXN00932,Rahul,Swiggy,2026-03-29,09:38,811.36,Food,Card,Madurai,Success
TXN00933,Arun,YouTube Premium,2026-02-24,11:07,585.86,Entertainment,GPay,Coimbatore,Success
TXN00934,Sanjay,RedBus,2026-08-25,13:40,490.65,Transport,UPI,Madurai,Failed
TXN00935,Harini,RedBus,2026-03-23,16:27,935.98,Transport,PhonePe,Madurai,Failed
TXN00936,Kavi,Meesho,2026-06-25,18:35,6000.0,Shopping,Card,Chennai,Success
TXN00937,Deva,Metro,2026-09-07,03:54,581.12,Transport,GPay,Madurai,Pending
TXN00938,Arun,Salon,2026-04-01,10:30,1991.15,Others,GPay,Chennai,Success
TXN00939,Kavi,BookMyShow,2026-09-11,22:00,981.25,Entertainment,Card,Coimbatore,Success
TXN00940,Abinaya,Metro,2026-01-01,05:00,398.25,Transport,PhonePe,Madurai,Failed
TXN00941,Priya,Steam,2026-08-17,06:40,640.88,Entertainment,UPI,Chennai,Success
TXN00942,Sanjay,Airtel,2026-06-05,14:50,2768.5,Bills,UPI,Salem,Failed
TXN00943,Keerthi,Cafe Coffee Day,2026-01-05,20:52,900.0,Food,GPay,Chennai,Failed
TXN00944,Harini,Reliance Trends,2026-07-09,18:44,5366.66,Shopping,UPI,Salem,Success
TXN00945,Abinaya,Uber,2026-05-25,01:03,1082.9,Transport,UPI,Trichy,Success
TXN00946,Harini,1mg,2026-06-12,13:03,746.45,Health,Card,Trichy,Pending
TXN00947,Harini,Electricity Board,2026-03-30,16:12,3089.31,Bills,PhonePe,Chennai,Pending
TXN00948,Deva,Spotify,2026-03-20,09:50,1154.12,Entertainment,UPI,Coimbatore,Success
TXN00949,Priya,Cafe Coffee Day,2026-01-09,04:54,546.05,Food,GPay,Madurai,Pending
TXN00950,Keerthi,DMart,2026-02-13,04:41,4397.41,Shopping,Card,Coimbatore,Success
TXN00951,Swetha,Cafe Coffee Day,2026-08-06,21:16,184.02,Food,Card,Chennai,Pending
TXN00952,Rahul,Airtel,2026-07-01,07:42,593.1,Bills,Card,Coimbatore,Success
TXN00953,Harini,Flipkart,2026-05-02,17:07,3533.96,Shopping,Card,Tenkasi,Pending
TXN00954,Harini,A2B,2026-01-20,19:23,453.88,Food,UPI,Bengaluru,Success
TXN00955,Nivetha,TNSTC,2026-02-10,04:50,544.35,Transport,Card,Chennai,Pending
TXN00956,Vishnu,Water Board,2026-09-22,02:40,2616.63,Bills,UPI,Bengaluru,Success
TXN00957,Keerthi,KFC,2026-02-09,23:20,523.49,Food,PhonePe,Tenkasi,Success
TXN00958,Swetha,Google Workspace,2026-01-06,16:00,3065.43,Education,GPay,Coimbatore,Success
TXN00959,Meena,Dominos,2026-06-30,10:03,766.24,Food,UPI,Salem,Success
TXN00960,Priya,A2B,2026-05-14,02:05,351.78,Food,UPI,Madurai,Pending
TXN00961,Arun,Electricity Board,2026-05-30,21:18,2501.01,Bills,GPay,Madurai,Pending
TXN00962,Ishaan,Amazon,2026-02-09,09:29,2155.73,Shopping,PhonePe,Coimbatore,Failed
TXN00963,Priya,A2B,2026-01-08,03:48,166.65,Food,UPI,Tenkasi,Success
TXN00964,Priya,Reliance Trends,2026-08-17,12:37,2612.63,Shopping,PhonePe,Salem,Pending
TXN00965,Ishaan,Zomato,2026-04-03,18:00,837.39,Food,PhonePe,Tirunelveli,Success
TXN00966,Anu,Swiggy,2026-03-20,16:55,292.24,Food,PhonePe,Bengaluru,Failed
TXN00967,Swetha,Local Pharmacy,2026-03-27,07:11,1949.07,Health,Card,Chennai,Pending
TXN00968,Nivetha,Reliance Trends,2026-05-16,03:57,5042.13,Shopping,GPay,Salem,Pending
TXN00969,Priya,Apollo Pharmacy,2026-09-01,18:10,2306.31,Health,Card,Chennai,Success
TXN00970,Harini,Zomato,2026-05-15,04:57,328.85,Food,Card,Trichy,Success
TXN00971,Vishnu,Reliance Trends,2026-07-15,23:09,2053.86,Shopping,UPI,Chennai,Success
TXN00972,Meena,ACT Fibernet,2026-09-30,21:45,2116.57,Bills,GPay,Trichy,Success
TXN00973,Vishnu,Myntra,2026-05-19,09:06,3557.79,Shopping,UPI,Chennai,Success
TXN00974,Ishaan,Jio,2026-05-04,22:56,2953.59,Bills,Card,Tenkasi,Success
TXN00975,Swetha,Water Board,2026-04-03,10:41,2972.09,Bills,UPI,Madurai,Pending
TXN00976,Abinaya,RedBus,2026-07-30,03:20,1200.0,Transport,GPay,Tenkasi,Success
TXN00977,Kavi,RedBus,2026-05-26,08:35,1200.0,Transport,UPI,Trichy,Success
TXN00978,Abinaya,Flipkart,2026-04-22,20:27,2533.74,Shopping,GPay,Madurai,Success
TXN00979,Nivetha,Apollo Pharmacy,2026-03-08,12:49,3000.0,Health,GPay,Bengaluru,Failed
TXN00980,Swetha,Steam,2026-04-05,08:38,433.46,Entertainment,PhonePe,Salem,Success
TXN00981,Rahul,Myntra,2026-08-21,09:26,1760.11,Shopping,GPay,Tenkasi,Pending
TXN00982,Nivetha,Meesho,2026-03-24,02:31,4729.8,Shopping,UPI,Salem,Success
TXN00983,Swetha,A2B,2026-01-31,08:48,408.14,Food,Card,Madurai,Success
TXN00984,Priya,YouTube Premium,2026-07-21,06:05,213.25,Entertainment,Card,Chennai,Success
TXN00985,Rahul,Miscellaneous,2026-02-24,15:04,2000.0,Others,Card,Madurai,Success
TXN00986,Ishaan,DMart,2026-05-09,15:13,4303.52,Shopping,GPay,Madurai,Success
TXN00987,Keerthi,Netflix,2026-07-19,09:05,754.42,Entertainment,GPay,Coimbatore,Success
TXN00988,Nivetha,Ola,2026-01-02,17:35,555.7,Transport,Card,Chennai,Failed
TXN00989,Swetha,Metro,2026-02-05,18:26,544.85,Transport,Card,Coimbatore,Success
TXN00990,Abinaya,Zomato,2026-07-03,11:22,150.72,Food,Card,Chennai,Success
TXN00991,Ishaan,DMart,2026-06-24,02:44,1880.28,Shopping,GPay,Chennai,Success
TXN00992,Swetha,Meesho,2026-01-21,13:06,2127.89,Shopping,PhonePe,Tirunelveli,Success
TXN00993,Deva,Cafe Coffee Day,2026-07-03,16:36,853.37,Food,Card,Madurai,Success
TXN00994,Keerthi,Amazon,2026-01-19,06:35,2238.18,Shopping,PhonePe,Tenkasi,Success
TXN00995,Nivetha,Amazon,2026-07-19,02:09,3784.25,Shopping,PhonePe,Bengaluru,Success
TXN00996,Sanjay,RedBus,2026-01-19,11:34,556.88,Transport,Card,Chennai,Success
TXN00997,Anu,Swiggy,2026-03-02,07:13,288.68,Food,GPay,Tirunelveli,Success
TXN00998,Sanjay,Metro,2026-04-30,02:27,712.93,Transport,PhonePe,Coimbatore,Pending
TXN00999,Nivetha,Amazon,2026-01-24,08:17,3043.77,Shopping,GPay,Madurai,Success
TXN01000,Sanjay,Steam,2026-01-26,10:29,1445.0,Entertainment,PhonePe,Madurai,Pending
TXN01001,Rahul,Gift,2026-02-28,16:58,814.95,Others,GPay,Tenkasi,Success
TXN01002,Swetha,RedBus,2026-08-07,11:30,429.46,Transport,GPay,Tenkasi,Success
TXN01003,Sanjay,Metro,2026-03-12,10:58,971.52,Transport,GPay,Chennai,Pending
TXN01004,Swetha,Spotify,2026-02-02,04:07,723.55,Entertainment,PhonePe,Madurai,Success
TXN01005,Priya,Myntra,2026-07-09,18:53,5103.83,Shopping,PhonePe,Trichy,Pending
TXN01006,Rahul,Stationery Shop,2026-02-21,21:34,753.21,Others,GPay,Madurai,Success
TXN01007,Harini,Water Board,2026-02-11,00:13,2247.1,Bills,GPay,Tirunelveli,Success
TXN01008,Priya,Netflix,2026-09-01,23:37,570.13,Entertainment,UPI,Bengaluru,Success
TXN01009,Deva,Zomato,2026-08-19,14:03,297.37,Food,UPI,Madurai,Failed
TXN01010,Priya,Ola,2026-04-03,17:03,182.47,Transport,GPay,Tenkasi,Failed
TXN01011,Kavi,KFC,2026-08-03,00:09,900.0,Food,UPI,Tenkasi,Success
TXN01012,Deva,KFC,2026-07-05,18:25,358.78,Food,GPay,Madurai,Failed
TXN01013,Deva,KFC,2026-01-28,06:36,622.84,Food,PhonePe,Chennai,Success
TXN01014,Swetha,Netflix,2026-04-01,05:27,728.81,Entertainment,Card,Madurai,Success
TXN01015,Keerthi,Steam,2026-04-18,14:50,1500.0,Entertainment,UPI,Madurai,Success
TXN01016,Anu,A2B,2026-02-23,01:47,181.1,Food,Card,Tenkasi,Success
TXN01017,Priya,Hotstar,2026-09-21,03:57,895.77,Entertainment,GPay,Madurai,Success
TXN01018,Keerthi,Jio,2026-06-16,14:18,3149.92,Bills,Card,Madurai,Failed
TXN01019,Nivetha,Spotify,2026-02-26,11:07,825.57,Entertainment,UPI,Tenkasi,Success
TXN01020,Kavi,Zomato,2026-07-12,07:31,312.03,Food,Card,Madurai,Success
TXN01021,Rahul,Swiggy,2026-03-16,07:22,184.81,Food,GPay,Coimbatore,Success
TXN01022,Rahul,Reliance Trends,2026-08-23,06:37,2155.97,Shopping,UPI,Madurai,Success
TXN01023,Anu,DMart,2026-03-07,01:05,1046.7,Shopping,PhonePe,Bengaluru,Success
TXN01024,Arun,Steam,2026-08-27,15:39,1196.25,Entertainment,PhonePe,Madurai,Success
TXN01025,Priya,BookMyShow,2026-03-22,21:46,1035.9,Entertainment,PhonePe,Tirunelveli,Success
TXN01026,Keerthi,RedBus,2026-07-30,17:48,979.17,Transport,PhonePe,Madurai,Success
TXN01027,Vishnu,BookMyShow,2026-05-23,00:29,475.74,Entertainment,Card,Bengaluru,Success
TXN01028,Nivetha,College Fees,2026-08-11,19:46,1410.33,Education,PhonePe,Salem,Success
TXN01029,Keerthi,Ola,2026-01-03,14:15,822.26,Transport,PhonePe,Bengaluru,Failed
TXN01030,Abinaya,Jio,2026-09-29,13:27,2714.86,Bills,GPay,Bengaluru,Success
TXN01031,Swetha,Local Pharmacy,2026-09-11,08:12,566.18,Health,GPay,Tirunelveli,Success
TXN01032,Meena,Amazon,2026-03-09,12:14,2100.24,Shopping,Card,Trichy,Success
TXN01033,Deva,Rapido,2026-09-03,22:50,1200.0,Transport,GPay,Tenkasi,Success
TXN01034,Priya,YouTube Premium,2026-08-26,04:43,1227.52,Entertainment,GPay,Trichy,Success
TXN01035,Harini,Metro,2026-08-26,21:37,535.03,Transport,UPI,Madurai,Pending
TXN01036,Vishnu,Swiggy,2026-06-20,18:07,241.0,Food,Card,Tenkasi,Pending
TXN01037,Ishaan,Apollo Pharmacy,2026-04-17,23:22,906.07,Health,UPI,Chennai,Pending
TXN01038,Arun,Swiggy,2026-07-06,01:45,370.98,Food,GPay,Salem,Failed
TXN01039,Harini,Netflix,2026-07-07,05:58,367.61,Entertainment,GPay,Chennai,Success
TXN01040,Meena,Cafe Coffee Day,2026-06-21,08:08,900.0,Food,PhonePe,Trichy,Success
TXN01041,Kavi,RedBus,2026-04-26,10:56,1132.62,Transport,PhonePe,Tenkasi,Pending
TXN01042,Keerthi,Myntra,2026-01-28,02:09,1603.89,Shopping,Card,Madurai,Success
TXN01043,Anu,Rapido,2026-09-30,23:09,1200.0,Transport,GPay,Chennai,Success
TXN01044,Keerthi,KFC,2026-02-03,06:25,364.52,Food,UPI,Madurai,Pending
TXN01045,Kavi,Meesho,2026-02-09,03:43,3084.3,Shopping,PhonePe,Madurai,Success
TXN01046,Ishaan,Stationery Shop,2026-03-19,06:58,781.34,Others,PhonePe,Madurai,Success
TXN01047,Sanjay,RedBus,2026-03-09,16:10,336.18,Transport,Card,Madurai,Pending
TXN01048,Harini,A2B,2026-04-07,02:08,385.19,Food,GPay,Chennai,Success
TXN01049,Vishnu,Coursera,2026-06-25,22:22,954.82,Education,UPI,Tirunelveli,Success
TXN01050,Rahul,PharmEasy,2026-06-05,19:21,1266.86,Health,Card,Coimbatore,Success
TXN01051,Keerthi,Zomato,2026-04-27,16:31,446.46,Food,PhonePe,Tirunelveli,Success
TXN01052,Ishaan,ACT Fibernet,2026-06-30,09:42,2353.5,Bills,GPay,Tirunelveli,Success
TXN01053,Priya,Meesho,2026-05-27,06:13,1318.49,Shopping,PhonePe,Tenkasi,Pending
TXN01054,Vishnu,Ola,2026-05-02,03:59,271.56,Transport,PhonePe,Trichy,Success
TXN01055,Anu,Amazon,2026-07-09,06:17,3401.17,Shopping,Card,Coimbatore,Success
TXN01056,Meena,Flipkart,2026-03-17,12:43,1606.64,Shopping,UPI,Trichy,Success
TXN01057,Meena,College Fees,2026-01-13,13:48,2282.6,Education,UPI,Bengaluru,Success
TXN01058,Swetha,TNSTC,2026-03-21,00:08,1200.0,Transport,Card,Madurai,Success
TXN01059,Meena,Cafe Coffee Day,2026-06-01,16:10,234.85,Food,UPI,Bengaluru,Pending
TXN01060,Swetha,Local Store,2026-08-15,11:33,630.73,Others,PhonePe,Bengaluru,Failed
TXN01061,Kavi,DMart,2026-03-01,10:30,5217.86,Shopping,GPay,Trichy,Success
TXN01062,Harini,Swiggy,2026-07-02,03:09,172.28,Food,PhonePe,Tenkasi,Success
TXN01063,Abinaya,Rapido,2026-09-27,07:34,549.34,Transport,PhonePe,Tenkasi,Failed
TXN01064,Deva,Rapido,2026-02-14,17:28,1200.0,Transport,Card,Madurai,Pending
TXN01065,Deva,Temple,2026-07-04,13:34,1191.74,Others,GPay,Coimbatore,Pending
TXN01066,Nivetha,Flipkart,2026-07-10,00:24,5043.05,Shopping,UPI,Salem,Success
TXN01067,Anu,Myntra,2026-02-14,07:21,2403.56,Shopping,Card,Chennai,Failed
TXN01068,Keerthi,Cafe Coffee Day,2026-05-28,05:35,233.0,Food,Card,Chennai,Success
TXN01069,Keerthi,Metro,2026-02-14,04:54,265.9,Transport,Card,Chennai,Success
TXN01070,Ishaan,Stationery Shop,2026-07-12,03:01,1158.81,Others,UPI,Chennai,Success
TXN01071,Harini,Apollo Pharmacy,2026-03-31,18:58,1782.51,Health,UPI,Tenkasi,Success
TXN01072,Nivetha,Electricity Board,2026-04-06,13:01,4000.0,Bills,PhonePe,Coimbatore,Success
TXN01073,Meena,A2B,2026-06-05,16:51,385.2,Food,UPI,Coimbatore,Failed
TXN01074,Nivetha,Google Workspace,2026-03-20,08:57,3003.91,Education,GPay,Chennai,Success
TXN01075,Sanjay,A2B,2026-05-28,14:14,438.87,Food,Card,Tirunelveli,Success
TXN01076,Rahul,Stationery Shop,2026-03-03,09:27,532.57,Others,PhonePe,Salem,Success
TXN01077,Kavi,Meesho,2026-09-04,19:18,3538.51,Shopping,UPI,Coimbatore,Failed
TXN01078,Vishnu,TNSTC,2026-03-03,12:44,1093.2,Transport,Card,Madurai,Pending
TXN01079,Nivetha,KFC,2026-01-30,04:59,668.22,Food,UPI,Coimbatore,Success
TXN01080,Rahul,Rapido,2026-03-25,01:48,412.7,Transport,PhonePe,Salem,Success
TXN01081,Anu,Myntra,2026-05-29,09:57,6000.0,Shopping,UPI,Chennai,Success
TXN01082,Sanjay,Water Board,2026-04-04,03:13,1788.93,Bills,PhonePe,Bengaluru,Pending
TXN01083,Swetha,Salon,2026-06-04,09:15,1957.3,Others,UPI,Madurai,Success
TXN01084,Kavi,Amazon Kindle,2026-01-07,04:40,2139.46,Education,UPI,Coimbatore,Success
TXN01085,Ishaan,Reliance Trends,2026-06-24,05:33,5838.64,Shopping,Card,Chennai,Success
TXN01086,Deva,Apollo Pharmacy,2026-09-27,18:09,1376.21,Health,PhonePe,Madurai,Success
TXN01087,Meena,Cafe Coffee Day,2026-08-24,02:36,436.31,Food,GPay,Trichy,Success
TXN01088,Vishnu,Amazon,2026-06-28,10:38,5340.22,Shopping,GPay,Madurai,Success
TXN01089,Anu,DMart,2026-09-25,11:40,6000.0,Shopping,Card,Madurai,Failed
TXN01090,Nivetha,Spotify,2026-03-07,23:41,700.09,Entertainment,GPay,Chennai,Success
TXN01091,Nivetha,Spotify,2026-03-08,02:40,638.11,Entertainment,PhonePe,Madurai,Success
TXN01092,Nivetha,TNSTC,2026-01-10,16:31,407.78,Transport,GPay,Tirunelveli,Success
TXN01093,Abinaya,College Fees,2026-09-20,20:14,1574.53,Education,GPay,Madurai,Pending
TXN01094,Rahul,Gift,2026-02-03,10:17,696.78,Others,UPI,Madurai,Success
TXN01095,Abinaya,Cafe Coffee Day,2026-04-16,20:03,350.07,Food,GPay,Trichy,Failed
TXN01096,Priya,Zomato,2026-03-16,09:28,752.85,Food,GPay,Tenkasi,Success
TXN01097,Anu,Google Workspace,2026-02-04,03:22,3418.23,Education,PhonePe,Chennai,Failed
TXN01098,Swetha,KFC,2026-04-09,09:37,696.69,Food,PhonePe,Madurai,Pending
TXN01099,Keerthi,Udemy,2026-02-20,07:18,3778.23,Education,GPay,Trichy,Pending
TXN01100,Vishnu,Google Workspace,2026-04-05,15:00,4934.24,Education,UPI,Trichy,Pending
TXN01101,Priya,Jio,2026-04-20,17:33,1360.81,Bills,Card,Tirunelveli,Success
TXN01102,Harini,Flipkart,2026-08-27,03:45,3454.94,Shopping,UPI,Madurai,Success
TXN01103,Priya,KFC,2026-05-28,19:01,190.68,Food,UPI,Coimbatore,Pending
TXN01104,Abinaya,Cafe Coffee Day,2026-07-17,09:40,191.49,Food,Card,Madurai,Success
TXN01105,Arun,TNSTC,2026-07-28,09:55,652.2,Transport,Card,Trichy,Success
TXN01106,Deva,Temple,2026-07-08,06:07,942.49,Others,Card,Salem,Pending
TXN01107,Sanjay,Swiggy,2026-08-13,17:50,477.87,Food,GPay,Coimbatore,Success
TXN01108,Sanjay,Cafe Coffee Day,2026-07-25,23:43,656.86,Food,PhonePe,Madurai,Success
TXN01109,Kavi,KFC,2026-07-06,06:47,900.0,Food,PhonePe,Trichy,Success
TXN01110,Deva,YouTube Premium,2026-04-30,14:29,800.86,Entertainment,Card,Coimbatore,Success
TXN01111,Rahul,Cafe Coffee Day,2026-07-24,12:09,430.08,Food,UPI,Madurai,Pending
TXN01112,Sanjay,Dominos,2026-09-19,09:31,318.13,Food,Card,Tenkasi,Success
TXN01113,Swetha,Zomato,2026-09-08,16:58,759.64,Food,GPay,Chennai,Success
TXN01114,Sanjay,1mg,2026-01-28,02:19,1089.08,Health,GPay,Bengaluru,Success
TXN01115,Sanjay,TNSTC,2026-06-17,05:12,527.69,Transport,PhonePe,Madurai,Success
TXN01116,Arun,Rapido,2026-09-24,16:48,871.29,Transport,GPay,Tenkasi,Pending
TXN01117,Deva,Dominos,2026-09-16,08:55,490.84,Food,Card,Madurai,Success
TXN01118,Anu,Reliance Trends,2026-08-09,04:03,3114.38,Shopping,GPay,Tirunelveli,Success
TXN01119,Rahul,TNSTC,2026-08-24,01:13,384.35,Transport,Card,Chennai,Success
TXN01120,Priya,Jio,2026-03-26,16:46,2494.86,Bills,UPI,Coimbatore,Pending
TXN01121,Priya,Meesho,2026-02-26,19:25,6000.0,Shopping,Card,Chennai,Success
TXN01122,Rahul,DMart,2026-03-22,17:17,1512.26,Shopping,Card,Tenkasi,Success
TXN01123,Harini,Swiggy,2026-06-30,09:42,255.9,Food,Card,Madurai,Failed
TXN01124,Abinaya,YouTube Premium,2026-07-07,11:54,1229.28,Entertainment,GPay,Madurai,Success
TXN01125,Abinaya,Water Board,2026-02-19,14:36,2363.35,Bills,UPI,Tirunelveli,Success
TXN01126,Anu,Myntra,2026-05-06,08:27,6000.0,Shopping,GPay,Chennai,Pending
TXN01127,Sanjay,Zomato,2026-02-03,10:24,313.06,Food,GPay,Chennai,Pending
TXN01128,Anu,Amazon,2026-08-24,22:27,5016.63,Shopping,UPI,Madurai,Success
TXN01129,Arun,Dominos,2026-01-11,23:45,565.16,Food,Card,Coimbatore,Success
TXN01130,Arun,Dominos,2026-07-19,11:00,279.11,Food,UPI,Madurai,Success
TXN01131,Kavi,Google Workspace,2026-04-16,11:28,1824.75,Education,GPay,Tirunelveli,Pending
TXN01132,Meena,Dominos,2026-06-03,12:24,473.99,Food,UPI,Tirunelveli,Success
TXN01133,Deva,BookMyShow,2026-04-20,09:48,498.62,Entertainment,GPay,Coimbatore,Failed
TXN01134,Abinaya,A2B,2026-02-17,19:44,872.89,Food,Card,Madurai,Success
TXN01135,Arun,Uber,2026-09-29,16:13,918.19,Transport,GPay,Chennai,Failed
TXN01136,Deva,TNSTC,2026-06-04,17:13,470.18,Transport,GPay,Chennai,Pending
TXN01137,Harini,Amazon Kindle,2026-08-01,13:43,2358.61,Education,UPI,Tenkasi,Success
TXN01138,Arun,PharmEasy,2026-09-22,06:22,2589.63,Health,PhonePe,Coimbatore,Success
TXN01139,Rahul,RedBus,2026-09-30,20:58,593.22,Transport,Card,Madurai,Success
TXN01140,Keerthi,TNSTC,2026-04-13,12:26,1200.0,Transport,GPay,Coimbatore,Failed
TXN01141,Priya,BookMyShow,2026-07-30,10:52,1065.52,Entertainment,UPI,Madurai,Success
TXN01142,Sanjay,Netflix,2026-05-27,22:03,510.28,Entertainment,Card,Madurai,Success
TXN01143,Ishaan,Stationery Shop,2026-05-03,03:52,568.03,Others,PhonePe,Trichy,Success
TXN01144,Deva,Zomato,2026-09-06,19:06,841.26,Food,UPI,Madurai,Success
TXN01145,Harini,College Fees,2026-03-23,09:18,2023.62,Education,GPay,Tenkasi,Success
TXN01146,Abinaya,Ola,2026-04-01,21:59,664.14,Transport,UPI,Madurai,Pending
TXN01147,Nivetha,Gift,2026-02-12,10:42,213.74,Others,GPay,Coimbatore,Success
TXN01148,Ishaan,RedBus,2026-02-16,13:32,620.74,Transport,Card,Salem,Success
TXN01149,Vishnu,Cafe Coffee Day,2026-09-14,04:07,217.07,Food,GPay,Madurai,Failed
TXN01150,Sanjay,KFC,2026-02-16,08:07,215.65,Food,UPI,Tirunelveli,Success
TXN01151,Kavi,Google Workspace,2026-07-19,08:03,5000.0,Education,UPI,Tirunelveli,Success
TXN01152,Deva,Electricity Board,2026-05-21,15:00,1740.04,Bills,PhonePe,Madurai,Success
TXN01153,Ishaan,Dominos,2026-07-11,23:52,383.33,Food,GPay,Salem,Success
TXN01154,Anu,Jio,2026-05-07,09:28,4000.0,Bills,Card,Coimbatore,Pending
TXN01155,Anu,Zomato,2026-01-11,22:01,801.71,Food,UPI,Chennai,Success
TXN01156,Abinaya,KFC,2026-05-03,08:38,900.0,Food,GPay,Salem,Pending
TXN01157,Harini,KFC,2026-03-04,18:15,900.0,Food,UPI,Chennai,Pending
TXN01158,Vishnu,Ola,2026-05-11,10:16,960.21,Transport,GPay,Chennai,Success
TXN01159,Keerthi,Netflix,2026-04-18,05:28,1500.0,Entertainment,PhonePe,Tirunelveli,Success
TXN01160,Sanjay,Dominos,2026-05-21,02:44,309.19,Food,Card,Chennai,Success
TXN01161,Rahul,Local Pharmacy,2026-08-05,03:25,949.91,Health,UPI,Trichy,Pending
TXN01162,Nivetha,Zomato,2026-08-04,20:33,216.12,Food,GPay,Madurai,Success
TXN01163,Vishnu,Cafe Coffee Day,2026-01-15,01:46,180.12,Food,UPI,Coimbatore,Success
TXN01164,Sanjay,Airtel,2026-07-25,06:49,2215.37,Bills,PhonePe,Chennai,Success
TXN01165,Ishaan,Cafe Coffee Day,2026-03-22,08:31,203.12,Food,GPay,Chennai,Success
TXN01166,Nivetha,KFC,2026-07-30,10:54,251.93,Food,PhonePe,Bengaluru,Failed
TXN01167,Rahul,Dominos,2026-03-30,23:27,416.89,Food,PhonePe,Salem,Success
TXN01168,Vishnu,RedBus,2026-02-13,14:08,144.07,Transport,UPI,Chennai,Success
TXN01169,Priya,Myntra,2026-04-25,00:42,2946.89,Shopping,Card,Chennai,Failed
TXN01170,Keerthi,Uber,2026-08-25,06:46,620.1,Transport,PhonePe,Coimbatore,Success
TXN01171,Nivetha,Local Store,2026-08-08,20:29,2000.0,Others,GPay,Salem,Success
TXN01172,Priya,Rapido,2026-03-02,00:28,692.7,Transport,UPI,Madurai,Success
TXN01173,Harini,Google Workspace,2026-09-11,04:02,2751.83,Education,Card,Tirunelveli,Pending
TXN01174,Nivetha,Stationery Shop,2026-09-11,13:02,2000.0,Others,UPI,Madurai,Success
TXN01175,Harini,Zomato,2026-04-07,14:16,412.4,Food,PhonePe,Salem,Success
TXN01176,Harini,Zomato,2026-05-15,08:02,522.41,Food,GPay,Tirunelveli,Success
TXN01177,Rahul,KFC,2026-08-23,02:55,806.1,Food,UPI,Salem,Failed
TXN01178,Rahul,Amazon,2026-07-23,23:26,2044.35,Shopping,UPI,Madurai,Pending
TXN01179,Nivetha,Ola,2026-05-12,02:29,1059.33,Transport,Card,Chennai,Pending
TXN01180,Meena,Gift,2026-08-30,12:05,482.68,Others,UPI,Madurai,Success
TXN01181,Sanjay,Water Board,2026-05-10,17:13,2999.91,Bills,GPay,Bengaluru,Success
TXN01182,Harini,RedBus,2026-07-09,04:30,892.44,Transport,Card,Chennai,Pending
TXN01183,Abinaya,RedBus,2026-09-15,16:49,494.68,Transport,UPI,Coimbatore,Success
TXN01184,Keerthi,A2B,2026-09-29,14:46,425.79,Food,GPay,Chennai,Success
TXN01185,Ishaan,Zomato,2026-09-13,09:35,900.0,Food,GPay,Madurai,Success
TXN01186,Anu,Metro,2026-05-16,17:38,579.67,Transport,UPI,Bengaluru,Success
TXN01187,Harini,A2B,2026-09-09,05:09,631.52,Food,UPI,Salem,Pending
TXN01188,Vishnu,KFC,2026-04-07,05:04,483.54,Food,Card,Bengaluru,Success
TXN01189,Deva,Uber,2026-03-25,15:56,427.28,Transport,Card,Madurai,Success
TXN01190,Kavi,Dominos,2026-08-15,12:10,338.3,Food,Card,Bengaluru,Success
TXN01191,Meena,DMart,2026-03-17,04:13,3817.53,Shopping,Card,Coimbatore,Success
TXN01192,Kavi,A2B,2026-03-28,17:21,900.0,Food,UPI,Madurai,Success
TXN01193,Arun,ACT Fibernet,2026-01-03,17:57,1016.12,Bills,PhonePe,Salem,Failed
TXN01194,Priya,Hotstar,2026-09-13,23:06,1500.0,Entertainment,GPay,Chennai,Success
TXN01195,Keerthi,Swiggy,2026-03-04,13:27,667.75,Food,UPI,Chennai,Pending
TXN01196,Arun,A2B,2026-03-20,00:59,412.61,Food,GPay,Bengaluru,Success
TXN01197,Rahul,Uber,2026-05-18,20:16,737.42,Transport,Card,Tirunelveli,Success
TXN01198,Abinaya,Cafe Coffee Day,2026-08-20,11:05,660.96,Food,GPay,Chennai,Pending
TXN01199,Nivetha,Cafe Coffee Day,2026-01-25,21:58,258.2,Food,PhonePe,Salem,Success
TXN01200,Anu,Local Store,2026-07-15,03:09,931.64,Others,GPay,Tirunelveli,Failed
TXN01201,Ishaan,Meesho,2026-01-11,07:06,3081.44,Shopping,Card,Madurai,Success
TXN01202,Harini,Spotify,2026-03-20,04:06,326.85,Entertainment,UPI,Tirunelveli,Pending
TXN01203,Rahul,A2B,2026-03-09,12:15,746.63,Food,UPI,Tirunelveli,Pending
TXN01204,Kavi,Metro,2026-08-17,13:14,437.87,Transport,PhonePe,Tirunelveli,Success
TXN01205,Ishaan,Meesho,2026-08-05,12:34,2255.27,Shopping,Card,Coimbatore,Success
TXN01206,Priya,KFC,2026-01-21,17:31,449.02,Food,Card,Chennai,Success
TXN01207,Rahul,Rapido,2026-09-27,21:29,786.78,Transport,PhonePe,Tenkasi,Success
TXN01208,Meena,Cafe Coffee Day,2026-02-10,16:18,576.42,Food,Card,Madurai,Success
TXN01209,Priya,Local Store,2026-09-25,14:35,1042.13,Others,UPI,Bengaluru,Success
TXN01210,Arun,A2B,2026-09-20,03:40,564.11,Food,GPay,Madurai,Success
TXN01211,Harini,RedBus,2026-05-10,12:07,414.66,Transport,Card,Chennai,Pending
TXN01212,Arun,Myntra,2026-08-25,06:07,3352.43,Shopping,GPay,Madurai,Success
TXN01213,Vishnu,Stationery Shop,2026-06-02,10:42,1372.56,Others,GPay,Madurai,Success
TXN01214,Nivetha,HealthPlus,2026-05-16,11:39,1118.68,Health,Card,Madurai,Failed
TXN01215,Deva,Stationery Shop,2026-02-24,14:48,1030.0,Others,UPI,Madurai,Pending
TXN01216,Abinaya,Salon,2026-03-29,22:23,1390.33,Others,GPay,Madurai,Success
TXN01217,Rahul,College Fees,2026-07-04,23:34,2457.54,Education,Card,Trichy,Success
TXN01218,Nivetha,Steam,2026-03-06,04:36,403.49,Entertainment,UPI,Tenkasi,Success
TXN01219,Deva,Swiggy,2026-04-07,00:54,900.0,Food,GPay,Madurai,Pending
TXN01220,Rahul,Zomato,2026-04-08,02:56,897.07,Food,PhonePe,Tenkasi,Success
TXN01221,Swetha,Myntra,2026-01-12,03:58,3064.28,Shopping,Card,Chennai,Success
TXN01222,Keerthi,Zomato,2026-08-30,00:40,900.0,Food,Card,Madurai,Success
TXN01223,Arun,Dominos,2026-07-20,01:44,660.44,Food,UPI,Madurai,Failed
TXN01224,Abinaya,A2B,2026-09-11,19:45,419.31,Food,Card,Madurai,Success
TXN01225,Nivetha,Hotstar,2026-09-07,13:38,545.32,Entertainment,UPI,Coimbatore,Success
TXN01226,Meena,Electricity Board,2026-02-01,18:01,1143.0,Bills,Card,Coimbatore,Success
TXN01227,Harini,Netflix,2026-08-02,16:09,734.64,Entertainment,GPay,Coimbatore,Success
TXN01228,Rahul,Swiggy,2026-08-12,00:42,290.8,Food,UPI,Tenkasi,Success
TXN01229,Ishaan,Flipkart,2026-08-13,07:55,1984.59,Shopping,Card,Trichy,Success
TXN01230,Deva,KFC,2026-08-28,04:28,566.33,Food,UPI,Coimbatore,Failed
TXN01231,Nivetha,Rapido,2026-07-04,16:07,293.64,Transport,Card,Trichy,Pending
TXN01232,Arun,Udemy,2026-09-05,04:24,1066.15,Education,GPay,Madurai,Pending
TXN01233,Deva,1mg,2026-08-01,16:51,1627.54,Health,Card,Madurai,Success
TXN01234,Deva,Rapido,2026-07-03,08:54,849.69,Transport,GPay,Madurai,Success
TXN01235,Sanjay,Amazon Kindle,2026-06-22,14:41,3220.1,Education,GPay,Madurai,Success
TXN01236,Arun,Uber,2026-05-13,11:36,257.97,Transport,PhonePe,Madurai,Success
TXN01237,Swetha,YouTube Premium,2026-09-21,20:37,541.01,Entertainment,UPI,Madurai,Success
TXN01238,Nivetha,Apollo Pharmacy,2026-02-26,03:36,1108.54,Health,Card,Madurai,Success
TXN01239,Arun,KFC,2026-01-22,17:18,203.02,Food,GPay,Tirunelveli,Failed
TXN01240,Priya,Swiggy,2026-03-22,09:58,478.5,Food,PhonePe,Tenkasi,Success
TXN01241,Rahul,Cafe Coffee Day,2026-02-20,05:15,528.68,Food,Card,Tirunelveli,Pending
TXN01242,Anu,Cafe Coffee Day,2026-04-14,14:59,423.5,Food,PhonePe,Chennai,Success
TXN01243,Swetha,Temple,2026-06-24,09:47,435.07,Others,PhonePe,Tirunelveli,Success
TXN01244,Priya,Reliance Trends,2026-08-01,12:18,6000.0,Shopping,UPI,Madurai,Pending
TXN01245,Sanjay,DMart,2026-03-12,14:38,1974.85,Shopping,Card,Madurai,Success
TXN01246,Keerthi,TNSTC,2026-07-05,01:00,1041.54,Transport,Card,Chennai,Failed
TXN01247,Priya,Local Pharmacy,2026-06-23,10:44,3000.0,Health,GPay,Tirunelveli,Success
TXN01248,Swetha,TNSTC,2026-01-19,22:32,492.08,Transport,GPay,Madurai,Success
TXN01249,Priya,DMart,2026-09-24,10:05,3850.76,Shopping,GPay,Salem,Pending
TXN01250,Harini,Dominos,2026-06-10,11:44,226.72,Food,UPI,Salem,Pending
TXN01251,Vishnu,Uber,2026-07-26,15:13,502.8,Transport,PhonePe,Madurai,Pending
TXN01252,Deva,Cafe Coffee Day,2026-06-26,22:08,599.96,Food,Card,Salem,Pending
TXN01253,Swetha,Dominos,2026-01-19,18:20,472.89,Food,UPI,Madurai,Success
TXN01254,Harini,Rapido,2026-05-26,07:17,908.62,Transport,PhonePe,Trichy,Failed
TXN01255,Meena,Jio,2026-03-23,00:47,1594.8,Bills,UPI,Coimbatore,Pending
TXN01256,Keerthi,Netflix,2026-06-05,14:25,1353.89,Entertainment,UPI,Tirunelveli,Success
TXN01257,Kavi,Google Workspace,2026-09-17,12:05,1525.24,Education,UPI,Trichy,Success
TXN01258,Abinaya,Jio,2026-06-02,19:32,2618.03,Bills,GPay,Trichy,Success
TXN01259,Abinaya,DMart,2026-04-30,11:57,2243.92,Shopping,PhonePe,Chennai,Pending
TXN01260,Ishaan,A2B,2026-07-13,17:44,187.94,Food,PhonePe,Tenkasi,Pending
TXN01261,Deva,Cafe Coffee Day,2026-08-21,03:20,687.02,Food,PhonePe,Madurai,Success
TXN01262,Nivetha,Zomato,2026-02-17,02:07,115.08,Food,Card,Chennai,Success
TXN01263,Keerthi,Temple,2026-02-09,12:36,678.79,Others,PhonePe,Madurai,Success
TXN01264,Meena,Metro,2026-09-13,21:43,350.33,Transport,Card,Chennai,Success
TXN01265,Rahul,Dominos,2026-08-02,05:33,900.0,Food,Card,Trichy,Pending
TXN01266,Meena,Airtel,2026-09-20,18:03,3258.5,Bills,Card,Madurai,Success
TXN01267,Nivetha,Uber,2026-03-22,19:04,342.87,Transport,Card,Madurai,Success
TXN01268,Keerthi,YouTube Premium,2026-03-03,12:36,413.61,Entertainment,Card,Bengaluru,Success
TXN01269,Ishaan,Water Board,2026-07-10,10:24,1610.94,Bills,PhonePe,Madurai,Success
TXN01270,Ishaan,PharmEasy,2026-03-14,20:07,824.71,Health,GPay,Madurai,Success
TXN01271,Abinaya,College Fees,2026-04-21,06:14,5000.0,Education,UPI,Bengaluru,Success
TXN01272,Rahul,Steam,2026-01-23,14:15,310.42,Entertainment,UPI,Madurai,Success
TXN01273,Arun,Dominos,2026-07-13,16:13,900.0,Food,Card,Chennai,Success
TXN01274,Vishnu,Cafe Coffee Day,2026-08-24,15:21,580.24,Food,PhonePe,Tenkasi,Failed
TXN01275,Priya,College Fees,2026-07-29,13:13,3520.19,Education,UPI,Salem,Success
TXN01276,Keerthi,Zomato,2026-08-15,09:28,498.03,Food,GPay,Chennai,Pending
TXN01277,Kavi,Cafe Coffee Day,2026-06-08,19:09,196.19,Food,GPay,Salem,Failed
TXN01278,Kavi,Steam,2026-01-28,19:27,1236.57,Entertainment,GPay,Tenkasi,Success
TXN01279,Deva,Google Workspace,2026-09-30,06:08,2622.64,Education,GPay,Trichy,Success
TXN01280,Ishaan,Amazon,2026-08-16,02:53,1817.4,Shopping,PhonePe,Madurai,Pending
TXN01281,Arun,RedBus,2026-01-12,11:36,1115.09,Transport,GPay,Chennai,Success
TXN01282,Priya,TNSTC,2026-05-12,03:06,1063.33,Transport,UPI,Chennai,Success
TXN01283,Kavi,Apollo Pharmacy,2026-04-04,08:43,2800.75,Health,UPI,Coimbatore,Success
TXN01284,Priya,Jio,2026-03-28,02:00,3449.57,Bills,Card,Chennai,Pending
TXN01285,Anu,KFC,2026-07-19,03:22,350.01,Food,GPay,Madurai,Success
TXN01286,Priya,Rapido,2026-07-12,04:07,827.69,Transport,UPI,Chennai,Success
TXN01287,Deva,Uber,2026-09-18,17:13,1100.63,Transport,PhonePe,Madurai,Success
TXN01288,Kavi,Meesho,2026-07-28,02:14,5149.83,Shopping,UPI,Madurai,Success
TXN01289,Abinaya,Temple,2026-05-18,18:54,272.45,Others,PhonePe,Chennai,Success
TXN01290,Sanjay,KFC,2026-07-28,15:13,451.04,Food,PhonePe,Madurai,Success
TXN01291,Vishnu,Coursera,2026-07-11,18:26,1740.16,Education,PhonePe,Tenkasi,Success
TXN01292,Swetha,Zomato,2026-08-20,01:25,900.0,Food,Card,Madurai,Failed
TXN01293,Vishnu,Jio,2026-03-27,00:01,2007.32,Bills,UPI,Chennai,Pending
TXN01294,Keerthi,Swiggy,2026-05-09,23:12,603.57,Food,UPI,Bengaluru,Failed
TXN01295,Anu,BookMyShow,2026-09-19,09:36,889.14,Entertainment,PhonePe,Salem,Failed
TXN01296,Priya,Gift,2026-02-15,13:29,2000.0,Others,GPay,Trichy,Success
TXN01297,Kavi,Cafe Coffee Day,2026-04-18,20:50,900.0,Food,UPI,Tirunelveli,Success
TXN01298,Swetha,Water Board,2026-05-14,15:27,2121.08,Bills,UPI,Chennai,Pending
TXN01299,Deva,A2B,2026-04-18,15:41,537.39,Food,UPI,Tenkasi,Success
TXN01300,Anu,RedBus,2026-01-02,20:46,1200.0,Transport,PhonePe,Madurai,Pending
TXN01301,Abinaya,Dominos,2026-09-08,13:24,254.25,Food,PhonePe,Salem,Success
TXN01302,Kavi,Water Board,2026-01-16,22:55,1189.23,Bills,GPay,Tirunelveli,Failed
TXN01303,Sanjay,BookMyShow,2026-07-03,13:12,559.38,Entertainment,Card,Madurai,Failed
TXN01304,Vishnu,Flipkart,2026-08-25,12:38,4701.85,Shopping,GPay,Tirunelveli,Success
TXN01305,Rahul,Flipkart,2026-07-03,06:32,3195.25,Shopping,GPay,Madurai,Success
TXN01306,Vishnu,Swiggy,2026-04-24,07:59,330.58,Food,UPI,Tenkasi,Pending
TXN01307,Anu,TNSTC,2026-04-18,00:14,1200.0,Transport,Card,Madurai,Pending
TXN01308,Vishnu,Ola,2026-09-14,16:51,267.29,Transport,GPay,Tenkasi,Success
TXN01309,Meena,Udemy,2026-03-07,02:13,1766.48,Education,PhonePe,Madurai,Success
TXN01310,Ishaan,Udemy,2026-05-21,06:32,2369.06,Education,PhonePe,Bengaluru,Failed
TXN01311,Abinaya,Cafe Coffee Day,2026-08-21,00:04,900.0,Food,UPI,Bengaluru,Pending
TXN01312,Sanjay,TNSTC,2026-08-10,13:53,428.39,Transport,GPay,Tenkasi,Success
TXN01313,Kavi,A2B,2026-07-05,17:39,632.9,Food,Card,Trichy,Success
TXN01314,Keerthi,Netflix,2026-08-04,18:10,734.78,Entertainment,GPay,Trichy,Success
TXN01315,Anu,BookMyShow,2026-02-11,19:31,416.54,Entertainment,PhonePe,Madurai,Success
TXN01316,Nivetha,Uber,2026-05-08,06:43,819.06,Transport,Card,Madurai,Success
TXN01317,Anu,Udemy,2026-09-03,14:44,2190.22,Education,GPay,Chennai,Success
TXN01318,Arun,Swiggy,2026-05-07,03:40,351.54,Food,UPI,Tirunelveli,Success
TXN01319,Deva,TNSTC,2026-09-24,08:04,296.2,Transport,GPay,Bengaluru,Success
TXN01320,Swetha,Gift,2026-08-17,19:45,1059.18,Others,Card,Coimbatore,Success
TXN01321,Kavi,Swiggy,2026-06-10,23:40,900.0,Food,GPay,Bengaluru,Success
TXN01322,Swetha,Netflix,2026-06-04,20:50,570.57,Entertainment,Card,Madurai,Success
TXN01323,Harini,Metro,2026-01-27,10:03,334.31,Transport,GPay,Madurai,Failed
TXN01324,Harini,Dominos,2026-01-06,15:28,188.49,Food,Card,Madurai,Success
TXN01325,Rahul,Dominos,2026-01-14,15:29,179.76,Food,GPay,Tirunelveli,Success
TXN01326,Anu,KFC,2026-01-07,20:18,438.04,Food,GPay,Coimbatore,Success
TXN01327,Kavi,Steam,2026-03-06,21:45,838.95,Entertainment,PhonePe,Coimbatore,Failed
TXN01328,Ishaan,KFC,2026-08-16,06:20,584.35,Food,Card,Chennai,Pending
TXN01329,Priya,Zomato,2026-06-09,19:57,448.93,Food,GPay,Tirunelveli,Success
TXN01330,Meena,Dominos,2026-03-16,05:01,520.54,Food,UPI,Bengaluru,Success
TXN01331,Ishaan,Meesho,2026-01-05,17:40,6000.0,Shopping,UPI,Tenkasi,Success
TXN01332,Sanjay,KFC,2026-09-17,19:05,900.0,Food,GPay,Tenkasi,Success
TXN01333,Harini,Swiggy,2026-04-14,02:20,900.0,Food,PhonePe,Chennai,Pending
TXN01334,Deva,Myntra,2026-06-19,19:44,5369.99,Shopping,Card,Tenkasi,Failed
TXN01335,Anu,RedBus,2026-03-25,03:34,882.01,Transport,Card,Tenkasi,Success
TXN01336,Keerthi,Electricity Board,2026-04-23,00:07,891.25,Bills,GPay,Tirunelveli,Success
TXN01337,Deva,Miscellaneous,2026-04-20,08:09,901.85,Others,Card,Trichy,Failed
TXN01338,Nivetha,Meesho,2026-07-12,07:00,3580.64,Shopping,UPI,Tirunelveli,Pending
TXN01339,Priya,BookMyShow,2026-01-06,02:31,496.94,Entertainment,GPay,Tirunelveli,Success
TXN01340,Abinaya,A2B,2026-08-14,06:38,900.0,Food,PhonePe,Coimbatore,Success
TXN01341,Arun,DMart,2026-01-16,06:47,2568.67,Shopping,UPI,Salem,Success
TXN01342,Ishaan,Stationery Shop,2026-03-31,11:35,415.59,Others,UPI,Madurai,Pending
TXN01343,Deva,RedBus,2026-05-15,03:27,497.53,Transport,GPay,Madurai,Success
TXN01344,Vishnu,Netflix,2026-02-26,11:33,1007.51,Entertainment,Card,Tenkasi,Pending
TXN01345,Ishaan,Stationery Shop,2026-03-29,17:59,630.95,Others,UPI,Chennai,Success
TXN01346,Keerthi,Google Workspace,2026-03-15,04:27,2382.95,Education,GPay,Chennai,Success
TXN01347,Deva,1mg,2026-08-08,21:42,636.85,Health,UPI,Coimbatore,Success
TXN01348,Keerthi,Ola,2026-05-31,05:04,483.07,Transport,PhonePe,Madurai,Failed
TXN01349,Deva,YouTube Premium,2026-09-18,19:56,806.48,Entertainment,UPI,Madurai,Success
TXN01350,Deva,Meesho,2026-02-03,05:42,2931.72,Shopping,Card,Trichy,Pending
TXN01351,Harini,Hotstar,2026-09-23,15:50,1246.54,Entertainment,UPI,Trichy,Success
TXN01352,Anu,Zomato,2026-09-11,16:10,275.19,Food,Card,Trichy,Pending
TXN01353,Arun,A2B,2026-04-23,06:55,572.65,Food,GPay,Chennai,Success
TXN01354,Vishnu,Dominos,2026-08-06,12:52,642.33,Food,PhonePe,Madurai,Success
TXN01355,Priya,KFC,2026-02-13,04:35,320.06,Food,UPI,Bengaluru,Success
TXN01356,Ishaan,Swiggy,2026-01-22,15:52,291.18,Food,UPI,Chennai,Success
TXN01357,Arun,KFC,2026-08-10,13:57,900.0,Food,Card,Chennai,Success
TXN01358,Swetha,Myntra,2026-01-13,06:07,2606.12,Shopping,UPI,Coimbatore,Success
TXN01359,Deva,BookMyShow,2026-02-12,10:03,1000.56,Entertainment,GPay,Madurai,Success
TXN01360,Meena,Water Board,2026-04-27,03:21,2661.4,Bills,GPay,Coimbatore,Success
TXN01361,Kavi,Apollo Pharmacy,2026-04-11,23:02,712.88,Health,PhonePe,Chennai,Success
TXN01362,Ishaan,Myntra,2026-03-12,18:32,3445.37,Shopping,UPI,Chennai,Success
TXN01363,Abinaya,Amazon Kindle,2026-07-26,13:50,2803.12,Education,UPI,Tirunelveli,Success
TXN01364,Swetha,KFC,2026-09-20,05:05,900.0,Food,Card,Tenkasi,Pending
TXN01365,Deva,TNSTC,2026-04-30,17:36,669.3,Transport,PhonePe,Madurai,Success
TXN01366,Swetha,Reliance Trends,2026-08-25,11:37,4687.32,Shopping,Card,Coimbatore,Pending
TXN01367,Anu,Swiggy,2026-08-02,07:09,733.94,Food,Card,Salem,Pending
TXN01368,Rahul,BookMyShow,2026-03-13,19:42,689.3,Entertainment,GPay,Salem,Success
TXN01369,Ishaan,Udemy,2026-07-01,11:35,5000.0,Education,GPay,Bengaluru,Success
TXN01370,Harini,Zomato,2026-06-03,11:07,311.03,Food,Card,Chennai,Pending
TXN01371,Abinaya,Hotstar,2026-03-20,11:16,328.83,Entertainment,GPay,Coimbatore,Success
TXN01372,Sanjay,Hotstar,2026-04-15,13:20,260.98,Entertainment,Card,Tirunelveli,Success
TXN01373,Meena,Apollo Pharmacy,2026-06-18,19:26,1183.3,Health,Card,Chennai,Success
TXN01374,Sanjay,Dominos,2026-02-23,23:02,177.2,Food,GPay,Salem,Success
TXN01375,Priya,RedBus,2026-04-06,06:47,420.7,Transport,Card,Madurai,Success
TXN01376,Keerthi,Amazon,2026-04-30,09:56,3081.93,Shopping,UPI,Bengaluru,Success
TXN01377,Kavi,HealthPlus,2026-01-06,05:51,1769.0,Health,UPI,Chennai,Failed
TXN01378,Vishnu,Rapido,2026-02-26,04:24,500.07,Transport,Card,Salem,Success
TXN01379,Harini,Hotstar,2026-04-16,04:26,544.25,Entertainment,GPay,Chennai,Success
TXN01380,Ishaan,Zomato,2026-06-08,20:03,358.5,Food,Card,Chennai,Success
TXN01381,Meena,Zomato,2026-04-14,00:15,633.47,Food,Card,Trichy,Success
TXN01382,Rahul,Airtel,2026-05-07,17:56,1171.86,Bills,Card,Madurai,Failed
TXN01383,Keerthi,ACT Fibernet,2026-08-25,19:39,1416.32,Bills,Card,Coimbatore,Success
TXN01384,Nivetha,Swiggy,2026-06-02,13:20,563.53,Food,Card,Madurai,Success
TXN01385,Vishnu,RedBus,2026-05-08,06:07,649.63,Transport,PhonePe,Tirunelveli,Success
TXN01386,Nivetha,Reliance Trends,2026-04-04,23:50,1234.22,Shopping,Card,Chennai,Pending
TXN01387,Kavi,RedBus,2026-03-22,09:20,1095.05,Transport,GPay,Chennai,Success
TXN01388,Ishaan,Google Workspace,2026-04-22,16:50,1991.94,Education,GPay,Tenkasi,Pending
TXN01389,Swetha,TNSTC,2026-02-23,17:13,327.53,Transport,UPI,Coimbatore,Success
TXN01390,Harini,Myntra,2026-09-17,01:31,1452.74,Shopping,UPI,Chennai,Success
TXN01391,Abinaya,Temple,2026-06-25,13:37,1823.16,Others,Card,Madurai,Success
TXN01392,Harini,Flipkart,2026-03-11,11:09,947.58,Shopping,UPI,Madurai,Success
TXN01393,Nivetha,Cafe Coffee Day,2026-02-12,18:43,591.38,Food,Card,Chennai,Success
TXN01394,Nivetha,Airtel,2026-05-23,05:30,3306.23,Bills,PhonePe,Bengaluru,Success
TXN01395,Vishnu,Airtel,2026-05-31,04:14,1674.96,Bills,GPay,Madurai,Success
TXN01396,Nivetha,Reliance Trends,2026-01-06,23:07,6000.0,Shopping,GPay,Chennai,Pending
TXN01397,Priya,A2B,2026-01-18,23:02,272.99,Food,PhonePe,Chennai,Success
TXN01398,Deva,Hotstar,2026-09-25,21:52,1072.89,Entertainment,GPay,Chennai,Pending
TXN01399,Nivetha,Cafe Coffee Day,2026-06-07,15:09,499.89,Food,GPay,Tenkasi,Success
TXN01400,Arun,Swiggy,2026-05-08,12:47,900.0,Food,Card,Madurai,Success
TXN01401,Deva,Zomato,2026-01-08,11:30,402.69,Food,Card,Madurai,Success
TXN01402,Sanjay,Ola,2026-03-27,05:42,776.93,Transport,PhonePe,Madurai,Success
TXN01403,Harini,Swiggy,2026-04-08,21:19,498.15,Food,UPI,Coimbatore,Success
TXN01404,Keerthi,Flipkart,2026-04-29,07:17,1327.55,Shopping,Card,Coimbatore,Success
TXN01405,Anu,Swiggy,2026-06-11,00:24,433.71,Food,GPay,Chennai,Success
TXN01406,Deva,Dominos,2026-05-23,22:11,339.21,Food,GPay,Chennai,Pending
TXN01407,Anu,KFC,2026-06-04,20:26,500.01,Food,PhonePe,Madurai,Success
TXN01408,Kavi,Meesho,2026-02-18,20:28,3927.78,Shopping,PhonePe,Trichy,Success
TXN01409,Sanjay,Rapido,2026-03-31,21:41,1200.0,Transport,PhonePe,Trichy,Success
TXN01410,Anu,Steam,2026-06-21,00:36,221.88,Entertainment,Card,Bengaluru,Success
TXN01411,Keerthi,Hotstar,2026-04-30,17:11,799.7,Entertainment,Card,Coimbatore,Failed
TXN01412,Nivetha,RedBus,2026-03-05,10:32,301.32,Transport,PhonePe,Bengaluru,Success
TXN01413,Nivetha,Airtel,2026-02-10,02:02,2806.24,Bills,PhonePe,Chennai,Failed
TXN01414,Anu,Zomato,2026-07-12,06:58,900.0,Food,PhonePe,Coimbatore,Success
TXN01415,Abinaya,DMart,2026-06-18,04:34,2556.54,Shopping,Card,Madurai,Pending
TXN01416,Anu,A2B,2026-08-01,22:07,304.46,Food,GPay,Tenkasi,Failed
TXN01417,Swetha,YouTube Premium,2026-05-05,07:01,616.41,Entertainment,UPI,Madurai,Success
TXN01418,Abinaya,HealthPlus,2026-04-24,20:45,759.83,Health,PhonePe,Salem,Pending
TXN01419,Meena,Dominos,2026-01-04,02:12,107.35,Food,Card,Chennai,Pending
TXN01420,Kavi,Dominos,2026-03-14,06:58,542.13,Food,GPay,Bengaluru,Pending
TXN01421,Kavi,Udemy,2026-09-17,02:40,2511.08,Education,PhonePe,Madurai,Success
TXN01422,Nivetha,Meesho,2026-04-12,08:21,2018.91,Shopping,PhonePe,Chennai,Pending
TXN01423,Priya,Meesho,2026-08-18,21:41,1682.5,Shopping,UPI,Tenkasi,Success
TXN01424,Ishaan,Zomato,2026-07-04,13:35,745.28,Food,Card,Salem,Success
TXN01425,Priya,BookMyShow,2026-08-10,05:19,1500.0,Entertainment,Card,Chennai,Failed
TXN01426,Abinaya,Electricity Board,2026-06-03,20:18,2231.27,Bills,Card,Tirunelveli,Success
TXN01427,Priya,Water Board,2026-07-14,15:49,658.86,Bills,PhonePe,Coimbatore,Success
TXN01428,Rahul,Amazon Kindle,2026-06-20,04:39,2323.49,Education,Card,Madurai,Success
TXN01429,Rahul,Metro,2026-01-07,17:05,738.91,Transport,PhonePe,Madurai,Success
TXN01430,Rahul,ACT Fibernet,2026-07-11,13:06,1761.69,Bills,Card,Chennai,Success
TXN01431,Ishaan,TNSTC,2026-01-20,04:14,555.63,Transport,GPay,Tenkasi,Success
TXN01432,Keerthi,College Fees,2026-05-11,11:53,1753.9,Education,PhonePe,Coimbatore,Success
TXN01433,Nivetha,HealthPlus,2026-01-30,22:13,1323.32,Health,UPI,Coimbatore,Pending
TXN01434,Keerthi,Meesho,2026-09-02,01:10,5158.72,Shopping,PhonePe,Chennai,Success
TXN01435,Sanjay,Local Store,2026-03-17,08:55,1127.76,Others,GPay,Trichy,Pending
TXN01436,Rahul,KFC,2026-05-07,20:33,345.46,Food,PhonePe,Bengaluru,Success
TXN01437,Sanjay,RedBus,2026-02-17,21:59,522.95,Transport,GPay,Salem,Success
TXN01438,Keerthi,Miscellaneous,2026-04-07,14:26,2000.0,Others,GPay,Chennai,Failed
TXN01439,Vishnu,Flipkart,2026-09-30,22:28,1699.74,Shopping,UPI,Madurai,Failed
TXN01440,Arun,TNSTC,2026-02-15,03:43,421.08,Transport,Card,Chennai,Pending
TXN01441,Arun,Metro,2026-05-18,07:09,554.96,Transport,UPI,Tirunelveli,Success
TXN01442,Harini,Metro,2026-09-09,00:03,437.88,Transport,GPay,Trichy,Success
TXN01443,Kavi,Netflix,2026-08-02,22:20,1500.0,Entertainment,Card,Tirunelveli,Failed
TXN01444,Nivetha,A2B,2026-04-06,04:35,800.42,Food,PhonePe,Chennai,Success
TXN01445,Rahul,Zomato,2026-04-19,06:20,418.97,Food,GPay,Madurai,Success
TXN01446,Abinaya,Zomato,2026-07-29,15:02,900.0,Food,PhonePe,Trichy,Success
TXN01447,Kavi,Google Workspace,2026-05-31,02:55,2984.83,Education,PhonePe,Salem,Success
TXN01448,Kavi,Dominos,2026-05-01,16:18,900.0,Food,UPI,Madurai,Success
TXN01449,Sanjay,College Fees,2026-05-17,00:14,5000.0,Education,GPay,Tirunelveli,Success
TXN01450,Swetha,Google Workspace,2026-09-25,00:14,3234.6,Education,GPay,Bengaluru,Success
TXN01451,Arun,College Fees,2026-08-31,11:30,1372.32,Education,UPI,Coimbatore,Success
TXN01452,Harini,Hotstar,2026-05-03,12:19,825.09,Entertainment,UPI,Chennai,Success
TXN01453,Harini,DMart,2026-06-19,03:25,2068.77,Shopping,GPay,Chennai,Success
TXN01454,Rahul,Swiggy,2026-03-13,00:52,628.66,Food,Card,Salem,Pending
TXN01455,Kavi,HealthPlus,2026-05-08,12:34,1873.08,Health,UPI,Salem,Pending
TXN01456,Arun,College Fees,2026-07-31,22:32,2903.01,Education,Card,Trichy,Failed
TXN01457,Abinaya,Flipkart,2026-07-04,01:33,4733.07,Shopping,UPI,Bengaluru,Success
TXN01458,Anu,DMart,2026-09-06,13:39,3647.82,Shopping,PhonePe,Tenkasi,Failed
TXN01459,Arun,Steam,2026-09-01,22:28,759.89,Entertainment,UPI,Tirunelveli,Success
TXN01460,Keerthi,Steam,2026-04-10,04:53,409.35,Entertainment,Card,Madurai,Success
TXN01461,Keerthi,KFC,2026-09-12,02:58,332.31,Food,GPay,Coimbatore,Success
TXN01462,Vishnu,A2B,2026-08-17,03:56,269.97,Food,Card,Tenkasi,Success
TXN01463,Sanjay,Dominos,2026-03-29,22:31,750.39,Food,PhonePe,Coimbatore,Success
TXN01464,Kavi,DMart,2026-06-17,13:05,2821.02,Shopping,GPay,Madurai,Success
TXN01465,Deva,A2B,2026-03-05,22:42,531.12,Food,Card,Trichy,Pending
TXN01466,Keerthi,Ola,2026-06-20,07:38,472.48,Transport,Card,Coimbatore,Success
TXN01467,Swetha,Water Board,2026-06-25,12:52,3817.31,Bills,GPay,Bengaluru,Pending
TXN01468,Nivetha,Cafe Coffee Day,2026-08-12,07:57,652.6,Food,Card,Trichy,Pending
TXN01469,Ishaan,Spotify,2026-02-15,11:36,843.92,Entertainment,GPay,Madurai,Success
TXN01470,Arun,Steam,2026-07-08,04:20,776.6,Entertainment,GPay,Bengaluru,Failed
TXN01471,Harini,Rapido,2026-02-01,20:08,392.31,Transport,GPay,Coimbatore,Success
TXN01472,Deva,Hotstar,2026-07-06,23:11,571.76,Entertainment,Card,Salem,Success
TXN01473,Meena,Zomato,2026-07-22,00:18,203.05,Food,PhonePe,Tenkasi,Success
TXN01474,Vishnu,Hotstar,2026-04-23,17:03,1123.07,Entertainment,PhonePe,Chennai,Success
TXN01475,Priya,Electricity Board,2026-01-18,20:26,3070.7,Bills,PhonePe,Tenkasi,Pending
TXN01476,Ishaan,A2B,2026-09-02,21:32,713.71,Food,GPay,Coimbatore,Success
TXN01477,Rahul,Zomato,2026-06-20,05:12,278.82,Food,Card,Madurai,Success
TXN01478,Deva,Metro,2026-01-27,06:06,1200.0,Transport,PhonePe,Salem,Pending
TXN01479,Nivetha,Dominos,2026-07-20,11:31,391.42,Food,PhonePe,Chennai,Success
TXN01480,Sanjay,Meesho,2026-07-20,02:27,4029.54,Shopping,UPI,Chennai,Success
TXN01481,Nivetha,KFC,2026-07-21,03:19,238.24,Food,PhonePe,Madurai,Pending
TXN01482,Anu,1mg,2026-06-05,15:37,2922.23,Health,GPay,Trichy,Pending
TXN01483,Arun,Airtel,2026-03-16,07:09,3000.77,Bills,Card,Madurai,Success
TXN01484,Swetha,Stationery Shop,2026-02-22,23:09,864.28,Others,GPay,Trichy,Success
TXN01485,Harini,Airtel,2026-03-28,01:55,1603.08,Bills,Card,Bengaluru,Pending
TXN01486,Anu,Amazon,2026-03-02,17:35,4383.51,Shopping,PhonePe,Bengaluru,Success
TXN01487,Anu,Cafe Coffee Day,2026-07-26,08:21,890.25,Food,PhonePe,Coimbatore,Pending
TXN01488,Kavi,Coursera,2026-03-30,22:16,1648.16,Education,Card,Madurai,Success
TXN01489,Swetha,Electricity Board,2026-07-15,09:23,1966.84,Bills,GPay,Trichy,Success
TXN01490,Sanjay,Cafe Coffee Day,2026-03-01,02:49,356.26,Food,GPay,Chennai,Success
TXN01491,Rahul,Swiggy,2026-09-03,09:20,900.0,Food,PhonePe,Tenkasi,Success
TXN01492,Nivetha,DMart,2026-09-05,22:00,2213.65,Shopping,PhonePe,Madurai,Success
TXN01493,Harini,Metro,2026-06-16,02:10,317.64,Transport,PhonePe,Madurai,Success
TXN01494,Keerthi,Cafe Coffee Day,2026-01-11,13:26,687.64,Food,PhonePe,Salem,Success
TXN01495,Vishnu,Google Workspace,2026-09-23,19:57,5000.0,Education,Card,Coimbatore,Success
TXN01496,Nivetha,KFC,2026-03-02,06:10,664.54,Food,GPay,Tirunelveli,Success
TXN01497,Nivetha,Water Board,2026-03-04,01:20,3740.57,Bills,Card,Madurai,Success
TXN01498,Arun,Flipkart,2026-05-12,01:11,6000.0,Shopping,PhonePe,Madurai,Success
TXN01499,Kavi,Jio,2026-03-29,14:26,4000.0,Bills,UPI,Coimbatore,Failed
TXN01500,Abinaya,Miscellaneous,2026-05-31,22:29,2000.0,Others,GPay,Madurai,Failed
TXN01501,Rahul,Google Workspace,2026-06-10,17:50,5000.0,Education,Card,Madurai,Pending
TXN01502,Arun,Rapido,2026-02-20,22:37,469.16,Transport,PhonePe,Coimbatore,Pending
TXN01503,Deva,Swiggy,2026-04-21,04:34,692.1,Food,PhonePe,Madurai,Success
TXN01504,Meena,HealthPlus,2026-03-07,21:14,1680.88,Health,UPI,Madurai,Success
TXN01505,Kavi,TNSTC,2026-03-25,13:39,273.88,Transport,UPI,Coimbatore,Success
TXN01506,Kavi,Temple,2026-03-15,18:17,1096.95,Others,Card,Bengaluru,Pending
TXN01507,Kavi,Stationery Shop,2026-04-09,12:42,1877.69,Others,UPI,Tenkasi,Pending
TXN01508,Sanjay,Hotstar,2026-03-20,10:47,1081.51,Entertainment,PhonePe,Tenkasi,Success
TXN01509,Harini,Meesho,2026-05-19,04:15,2965.15,Shopping,PhonePe,Madurai,Success
TXN01510,Kavi,Hotstar,2026-06-18,21:51,558.24,Entertainment,Card,Trichy,Success
TXN01511,Anu,Netflix,2026-04-26,09:20,1086.86,Entertainment,UPI,Salem,Success
TXN01512,Kavi,Swiggy,2026-02-23,04:12,430.32,Food,PhonePe,Chennai,Success
TXN01513,Meena,Flipkart,2026-09-08,03:15,5671.34,Shopping,UPI,Trichy,Failed
TXN01514,Anu,Hotstar,2026-05-19,20:44,1446.2,Entertainment,UPI,Trichy,Failed
TXN01515,Keerthi,Swiggy,2026-04-03,11:46,586.98,Food,UPI,Madurai,Success
TXN01516,Sanjay,DMart,2026-03-07,08:50,1752.81,Shopping,Card,Bengaluru,Success
TXN01517,Sanjay,Swiggy,2026-03-06,04:52,377.66,Food,PhonePe,Coimbatore,Pending
TXN01518,Arun,BookMyShow,2026-07-09,08:30,1500.0,Entertainment,GPay,Trichy,Pending
TXN01519,Harini,Water Board,2026-07-01,15:59,2766.7,Bills,PhonePe,Trichy,Success
TXN01520,Ishaan,Hotstar,2026-04-28,10:25,1500.0,Entertainment,Card,Madurai,Failed
TXN01521,Ishaan,Jio,2026-02-10,02:37,1210.24,Bills,UPI,Chennai,Success
TXN01522,Deva,Metro,2026-01-30,02:53,1200.0,Transport,PhonePe,Bengaluru,Failed
TXN01523,Ishaan,Cafe Coffee Day,2026-08-06,23:06,189.17,Food,Card,Coimbatore,Success
TXN01524,Keerthi,HealthPlus,2026-09-21,23:23,2071.19,Health,Card,Trichy,Success
TXN01525,Keerthi,DMart,2026-01-08,21:02,1181.54,Shopping,GPay,Coimbatore,Success
TXN01526,Keerthi,Zomato,2026-08-06,23:58,866.82,Food,GPay,Tirunelveli,Pending
TXN01527,Nivetha,KFC,2026-08-18,05:45,301.46,Food,GPay,Chennai,Failed
TXN01528,Keerthi,DMart,2026-02-08,12:31,2833.04,Shopping,PhonePe,Salem,Success
TXN01529,Meena,Airtel,2026-09-11,12:56,2490.61,Bills,GPay,Chennai,Success
TXN01530,Anu,Zomato,2026-05-08,18:24,729.44,Food,UPI,Bengaluru,Pending
TXN01531,Ishaan,Jio,2026-04-20,00:04,1893.45,Bills,UPI,Madurai,Success
TXN01532,Harini,Google Workspace,2026-09-21,01:12,2893.26,Education,UPI,Madurai,Pending
TXN01533,Keerthi,Dominos,2026-07-02,00:12,550.87,Food,Card,Tenkasi,Success
TXN01534,Rahul,RedBus,2026-01-03,11:56,640.82,Transport,UPI,Chennai,Success
TXN01535,Harini,Airtel,2026-09-09,06:44,1876.92,Bills,GPay,Chennai,Success
TXN01536,Meena,Swiggy,2026-03-05,16:38,360.03,Food,PhonePe,Coimbatore,Success
TXN01537,Priya,Gift,2026-08-29,13:29,1225.78,Others,UPI,Tirunelveli,Success
TXN01538,Ishaan,PharmEasy,2026-05-18,03:42,1824.73,Health,PhonePe,Chennai,Failed
TXN01539,Sanjay,Dominos,2026-07-01,14:48,325.8,Food,PhonePe,Tirunelveli,Success
TXN01540,Anu,Swiggy,2026-04-08,09:43,426.24,Food,PhonePe,Salem,Success
TXN01541,Priya,Swiggy,2026-03-24,22:44,181.51,Food,UPI,Chennai,Success
TXN01542,Rahul,Zomato,2026-08-04,16:41,413.94,Food,UPI,Bengaluru,Success
TXN01543,Rahul,KFC,2026-07-24,17:07,184.29,Food,PhonePe,Tirunelveli,Success
TXN01544,Priya,College Fees,2026-03-06,05:18,1996.31,Education,GPay,Madurai,Success
TXN01545,Meena,Rapido,2026-06-25,14:39,351.92,Transport,PhonePe,Madurai,Success
TXN01546,Nivetha,KFC,2026-05-25,16:35,309.23,Food,Card,Madurai,Success
TXN01547,Swetha,Swiggy,2026-09-19,06:22,900.0,Food,PhonePe,Chennai,Pending
TXN01548,Ishaan,Zomato,2026-05-07,22:44,251.27,Food,UPI,Tirunelveli,Pending
TXN01549,Deva,Dominos,2026-09-15,20:51,381.48,Food,GPay,Chennai,Pending
TXN01550,Deva,Ola,2026-03-03,04:30,738.23,Transport,PhonePe,Bengaluru,Success
TXN01551,Abinaya,Electricity Board,2026-08-07,00:36,722.53,Bills,PhonePe,Madurai,Success
TXN01552,Deva,Reliance Trends,2026-07-28,17:55,2831.33,Shopping,GPay,Madurai,Success
TXN01553,Nivetha,Amazon Kindle,2026-06-22,14:32,2932.57,Education,PhonePe,Tenkasi,Success
TXN01554,Abinaya,Meesho,2026-02-26,09:11,1713.68,Shopping,GPay,Coimbatore,Success
TXN01555,Ishaan,A2B,2026-06-13,01:37,214.48,Food,Card,Bengaluru,Success
TXN01556,Abinaya,Flipkart,2026-05-27,16:06,4725.88,Shopping,UPI,Madurai,Success
TXN01557,Keerthi,A2B,2026-05-10,16:46,166.59,Food,Card,Tenkasi,Success
TXN01558,Anu,ACT Fibernet,2026-01-07,23:18,1670.91,Bills,GPay,Chennai,Pending
TXN01559,Swetha,KFC,2026-07-05,20:06,244.82,Food,UPI,Salem,Success
TXN01560,Arun,Hotstar,2026-07-16,02:58,222.94,Entertainment,UPI,Chennai,Success
TXN01561,Priya,Amazon,2026-04-08,06:35,5723.13,Shopping,GPay,Tenkasi,Success
TXN01562,Keerthi,Electricity Board,2026-08-31,06:53,3018.9,Bills,UPI,Madurai,Success
TXN01563,Nivetha,RedBus,2026-08-03,18:47,1200.0,Transport,PhonePe,Madurai,Success
TXN01564,Ishaan,Miscellaneous,2026-08-18,21:29,1094.33,Others,UPI,Salem,Success
TXN01565,Keerthi,Jio,2026-09-26,17:11,1081.73,Bills,Card,Chennai,Success
TXN01566,Priya,Amazon,2026-01-24,19:19,2336.48,Shopping,PhonePe,Coimbatore,Success
TXN01567,Swetha,Coursera,2026-07-23,16:53,413.64,Education,PhonePe,Bengaluru,Pending
TXN01568,Vishnu,Water Board,2026-08-13,17:23,925.01,Bills,GPay,Coimbatore,Success
TXN01569,Meena,TNSTC,2026-05-20,07:03,529.22,Transport,Card,Tirunelveli,Failed
TXN01570,Abinaya,Ola,2026-01-05,17:30,1098.34,Transport,PhonePe,Madurai,Failed
TXN01571,Meena,TNSTC,2026-04-23,10:06,469.31,Transport,UPI,Trichy,Success
TXN01572,Ishaan,Cafe Coffee Day,2026-01-24,18:12,568.19,Food,PhonePe,Coimbatore,Success
TXN01573,Ishaan,Stationery Shop,2026-03-10,09:13,1172.29,Others,PhonePe,Madurai,Success
TXN01574,Sanjay,Amazon,2026-03-01,00:02,1541.87,Shopping,PhonePe,Bengaluru,Failed
TXN01575,Anu,DMart,2026-02-12,18:44,1560.5,Shopping,UPI,Tenkasi,Success
TXN01576,Nivetha,Myntra,2026-01-30,21:21,4422.49,Shopping,UPI,Madurai,Success
TXN01577,Vishnu,Uber,2026-05-12,00:32,376.47,Transport,UPI,Chennai,Success
TXN01578,Sanjay,Reliance Trends,2026-07-15,22:19,3836.09,Shopping,GPay,Bengaluru,Pending
TXN01579,Vishnu,A2B,2026-04-23,11:04,285.14,Food,PhonePe,Tenkasi,Success
TXN01580,Deva,A2B,2026-08-17,07:54,317.18,Food,Card,Coimbatore,Success
TXN01581,Anu,Electricity Board,2026-09-11,06:11,2557.86,Bills,Card,Madurai,Success
TXN01582,Priya,Temple,2026-09-09,06:09,913.86,Others,PhonePe,Tirunelveli,Success
TXN01583,Ishaan,DMart,2026-07-21,23:27,2536.52,Shopping,PhonePe,Madurai,Success
TXN01584,Deva,Google Workspace,2026-05-06,15:31,1488.88,Education,GPay,Madurai,Success
TXN01585,Harini,Metro,2026-01-07,20:35,655.58,Transport,PhonePe,Madurai,Pending
TXN01586,Harini,Jio,2026-01-23,04:30,1303.78,Bills,GPay,Chennai,Success
TXN01587,Swetha,Udemy,2026-01-07,00:19,3427.56,Education,PhonePe,Madurai,Pending
TXN01588,Meena,Swiggy,2026-02-13,06:54,274.49,Food,UPI,Trichy,Pending
TXN01589,Rahul,Zomato,2026-06-07,11:19,385.44,Food,Card,Trichy,Success
TXN01590,Priya,Dominos,2026-03-05,00:43,632.16,Food,UPI,Madurai,Pending
TXN01591,Kavi,Swiggy,2026-08-01,04:50,553.15,Food,GPay,Coimbatore,Failed
TXN01592,Keerthi,Amazon,2026-07-17,05:01,3779.81,Shopping,PhonePe,Madurai,Success
TXN01593,Sanjay,Amazon Kindle,2026-02-27,16:47,2381.81,Education,Card,Madurai,Pending
TXN01594,Kavi,Ola,2026-02-09,21:00,320.69,Transport,UPI,Madurai,Success
TXN01595,Kavi,A2B,2026-03-19,06:04,741.56,Food,GPay,Chennai,Success
TXN01596,Meena,Dominos,2026-08-06,05:07,462.99,Food,PhonePe,Chennai,Pending
TXN01597,Sanjay,Cafe Coffee Day,2026-02-23,09:15,327.61,Food,UPI,Chennai,Success
TXN01598,Sanjay,Local Pharmacy,2026-02-09,00:04,1029.11,Health,UPI,Chennai,Pending
TXN01599,Swetha,Ola,2026-07-19,15:14,1200.0,Transport,UPI,Tenkasi,Success
TXN01600,Swetha,Cafe Coffee Day,2026-02-27,19:43,419.71,Food,Card,Tirunelveli,Success
TXN01601,Nivetha,Meesho,2026-03-07,06:12,6000.0,Shopping,GPay,Madurai,Success
TXN01602,Anu,Temple,2026-07-31,20:32,469.7,Others,Card,Chennai,Success
TXN01603,Priya,Amazon Kindle,2026-08-03,18:45,4905.04,Education,PhonePe,Tirunelveli,Success
TXN01604,Meena,Dominos,2026-02-12,19:49,384.44,Food,PhonePe,Coimbatore,Success
TXN01605,Harini,Cafe Coffee Day,2026-02-14,08:01,338.01,Food,PhonePe,Coimbatore,Pending
TXN01606,Abinaya,Myntra,2026-08-31,04:33,1669.97,Shopping,GPay,Madurai,Success
TXN01607,Abinaya,Amazon,2026-05-31,15:42,3111.2,Shopping,UPI,Salem,Success
TXN01608,Vishnu,Flipkart,2026-04-18,07:39,5007.86,Shopping,Card,Salem,Success
TXN01609,Nivetha,Swiggy,2026-01-14,23:45,484.79,Food,PhonePe,Madurai,Success
TXN01610,Anu,TNSTC,2026-02-07,16:16,464.03,Transport,GPay,Madurai,Pending
TXN01611,Vishnu,Water Board,2026-03-14,02:41,883.15,Bills,PhonePe,Madurai,Success
TXN01612,Kavi,Zomato,2026-04-04,16:02,398.18,Food,Card,Madurai,Success
TXN01613,Priya,Steam,2026-07-30,11:30,916.93,Entertainment,UPI,Trichy,Success
TXN01614,Swetha,Dominos,2026-02-26,05:19,287.53,Food,GPay,Tenkasi,Success
TXN01615,Keerthi,Swiggy,2026-03-24,00:22,900.0,Food,PhonePe,Tenkasi,Failed
TXN01616,Vishnu,TNSTC,2026-05-13,19:31,470.45,Transport,Card,Chennai,Failed
TXN01617,Ishaan,Google Workspace,2026-05-20,03:08,3079.01,Education,Card,Trichy,Success
TXN01618,Harini,KFC,2026-04-19,13:40,367.71,Food,PhonePe,Bengaluru,Pending
TXN01619,Abinaya,Hotstar,2026-02-09,23:38,1202.98,Entertainment,PhonePe,Madurai,Pending
TXN01620,Rahul,TNSTC,2026-03-26,01:51,654.75,Transport,Card,Chennai,Success
TXN01621,Sanjay,A2B,2026-02-23,02:39,900.0,Food,UPI,Chennai,Success
TXN01622,Arun,A2B,2026-05-03,09:37,507.02,Food,UPI,Tirunelveli,Success
TXN01623,Meena,Ola,2026-01-06,10:33,812.08,Transport,PhonePe,Madurai,Failed
TXN01624,Meena,Zomato,2026-05-18,02:54,523.45,Food,GPay,Madurai,Success
TXN01625,Arun,Reliance Trends,2026-01-25,10:44,1613.75,Shopping,Card,Madurai,Success
TXN01626,Ishaan,Jio,2026-07-23,17:04,3899.1,Bills,UPI,Madurai,Success
TXN01627,Anu,Stationery Shop,2026-02-19,11:18,1217.9,Others,UPI,Trichy,Success
TXN01628,Keerthi,Dominos,2026-03-18,00:48,630.24,Food,GPay,Trichy,Failed
TXN01629,Swetha,KFC,2026-03-24,05:10,810.72,Food,GPay,Chennai,Success
TXN01630,Rahul,DMart,2026-04-29,07:21,5443.45,Shopping,GPay,Madurai,Pending
TXN01631,Sanjay,Miscellaneous,2026-09-22,20:46,557.84,Others,PhonePe,Madurai,Failed
TXN01632,Meena,Cafe Coffee Day,2026-03-09,11:34,232.54,Food,UPI,Bengaluru,Success
TXN01633,Anu,Rapido,2026-07-18,08:09,391.71,Transport,Card,Tenkasi,Success
TXN01634,Arun,Airtel,2026-09-12,03:19,1042.58,Bills,PhonePe,Tenkasi,Failed
TXN01635,Priya,Apollo Pharmacy,2026-02-14,17:01,1190.23,Health,UPI,Tirunelveli,Failed
TXN01636,Rahul,Apollo Pharmacy,2026-02-04,09:33,816.03,Health,UPI,Chennai,Success
TXN01637,Anu,KFC,2026-08-24,08:48,257.31,Food,GPay,Chennai,Success
TXN01638,Ishaan,Temple,2026-03-13,04:13,1196.03,Others,Card,Tirunelveli,Pending
TXN01639,Rahul,RedBus,2026-07-29,21:09,248.3,Transport,UPI,Madurai,Success
TXN01640,Priya,Metro,2026-02-12,23:17,618.35,Transport,UPI,Chennai,Success
TXN01641,Meena,BookMyShow,2026-01-30,08:21,1258.4,Entertainment,GPay,Chennai,Failed
TXN01642,Vishnu,DMart,2026-05-29,12:49,4816.79,Shopping,PhonePe,Coimbatore,Success
TXN01643,Arun,1mg,2026-07-18,15:46,2102.51,Health,GPay,Chennai,Success
TXN01644,Kavi,Cafe Coffee Day,2026-08-27,03:43,690.34,Food,Card,Chennai,Pending
TXN01645,Priya,Swiggy,2026-04-13,13:42,666.63,Food,Card,Trichy,Success
TXN01646,Kavi,Rapido,2026-09-01,03:54,332.63,Transport,Card,Chennai,Success
TXN01647,Rahul,Rapido,2026-03-16,21:51,530.08,Transport,PhonePe,Madurai,Success
TXN01648,Anu,Spotify,2026-07-05,14:40,1108.37,Entertainment,Card,Coimbatore,Success
TXN01649,Deva,Dominos,2026-08-05,09:12,356.55,Food,GPay,Madurai,Pending
TXN01650,Sanjay,Rapido,2026-05-21,13:49,469.0,Transport,PhonePe,Madurai,Success
TXN01651,Ishaan,Uber,2026-09-26,07:18,697.67,Transport,Card,Salem,Success
TXN01652,Keerthi,Cafe Coffee Day,2026-08-08,11:40,900.0,Food,GPay,Madurai,Success
TXN01653,Priya,Myntra,2026-09-01,18:16,4723.23,Shopping,Card,Madurai,Success
TXN01654,Swetha,Metro,2026-07-19,00:20,251.64,Transport,Card,Madurai,Success
TXN01655,Swetha,KFC,2026-03-16,11:03,502.85,Food,PhonePe,Salem,Success
TXN01656,Abinaya,PharmEasy,2026-09-13,10:48,884.28,Health,Card,Madurai,Success
TXN01657,Swetha,Uber,2026-09-24,00:07,982.72,Transport,Card,Bengaluru,Success
TXN01658,Vishnu,Local Pharmacy,2026-02-19,01:14,3000.0,Health,Card,Salem,Pending
TXN01659,Nivetha,Airtel,2026-03-27,20:30,4000.0,Bills,Card,Bengaluru,Pending
TXN01660,Deva,Local Pharmacy,2026-01-08,12:38,2404.21,Health,PhonePe,Chennai,Pending
TXN01661,Abinaya,Rapido,2026-03-05,23:52,794.98,Transport,UPI,Chennai,Failed
TXN01662,Sanjay,Dominos,2026-06-30,12:01,620.94,Food,Card,Bengaluru,Success
TXN01663,Harini,Reliance Trends,2026-04-01,15:39,1746.92,Shopping,UPI,Coimbatore,Success
TXN01664,Anu,Temple,2026-08-12,13:01,962.21,Others,PhonePe,Madurai,Failed
TXN01665,Vishnu,A2B,2026-05-26,23:57,510.11,Food,Card,Tenkasi,Pending
TXN01666,Keerthi,Google Workspace,2026-02-23,03:03,1772.09,Education,GPay,Salem,Success
TXN01667,Abinaya,Cafe Coffee Day,2026-09-12,21:17,593.22,Food,Card,Tenkasi,Success
TXN01668,Kavi,KFC,2026-05-29,14:21,900.0,Food,GPay,Tenkasi,Pending
TXN01669,Deva,Zomato,2026-04-11,16:01,180.07,Food,Card,Tirunelveli,Success
TXN01670,Anu,Apollo Pharmacy,2026-07-22,00:15,2121.27,Health,Card,Bengaluru,Success
TXN01671,Swetha,ACT Fibernet,2026-05-16,10:29,2001.06,Bills,UPI,Madurai,Success
TXN01672,Sanjay,TNSTC,2026-01-08,00:53,787.99,Transport,Card,Madurai,Success
TXN01673,Swetha,Zomato,2026-03-29,19:31,504.7,Food,UPI,Chennai,Success
TXN01674,Deva,TNSTC,2026-07-21,01:45,520.99,Transport,Card,Coimbatore,Success
TXN01675,Harini,KFC,2026-03-30,13:45,215.66,Food,Card,Madurai,Pending
TXN01676,Meena,Myntra,2026-03-06,17:12,4404.21,Shopping,PhonePe,Madurai,Success
TXN01677,Sanjay,Uber,2026-05-14,18:52,778.9,Transport,Card,Coimbatore,Pending
TXN01678,Anu,Ola,2026-08-12,00:23,780.54,Transport,GPay,Madurai,Success
TXN01679,Swetha,Metro,2026-02-10,19:31,1159.89,Transport,GPay,Coimbatore,Failed
TXN01680,Abinaya,TNSTC,2026-07-03,06:22,462.38,Transport,PhonePe,Trichy,Success
TXN01681,Sanjay,Zomato,2026-05-06,12:54,452.68,Food,UPI,Salem,Success
TXN01682,Sanjay,Myntra,2026-01-12,21:47,1925.24,Shopping,GPay,Madurai,Success
TXN01683,Vishnu,Water Board,2026-03-04,03:39,1528.67,Bills,Card,Madurai,Failed
TXN01684,Ishaan,Udemy,2026-02-09,16:52,1258.74,Education,PhonePe,Madurai,Success
TXN01685,Keerthi,ACT Fibernet,2026-09-09,00:44,1342.11,Bills,Card,Tirunelveli,Success
TXN01686,Kavi,TNSTC,2026-08-03,12:48,179.76,Transport,GPay,Coimbatore,Success
TXN01687,Sanjay,PharmEasy,2026-06-02,00:20,1852.66,Health,PhonePe,Salem,Success
TXN01688,Sanjay,Zomato,2026-06-25,11:50,900.0,Food,GPay,Coimbatore,Success
TXN01689,Arun,TNSTC,2026-09-25,08:41,327.21,Transport,GPay,Coimbatore,Success
TXN01690,Deva,Netflix,2026-09-20,05:12,673.28,Entertainment,GPay,Tenkasi,Failed
TXN01691,Vishnu,Stationery Shop,2026-06-17,04:43,2000.0,Others,PhonePe,Chennai,Success
TXN01692,Kavi,Zomato,2026-05-21,16:26,618.46,Food,PhonePe,Trichy,Success
TXN01693,Kavi,Ola,2026-09-11,14:53,712.15,Transport,UPI,Chennai,Success
TXN01694,Harini,HealthPlus,2026-04-12,23:27,935.13,Health,UPI,Bengaluru,Success
TXN01695,Ishaan,Steam,2026-06-09,05:39,709.77,Entertainment,GPay,Bengaluru,Failed
TXN01696,Nivetha,Flipkart,2026-05-20,10:52,2174.17,Shopping,Card,Coimbatore,Success
TXN01697,Kavi,RedBus,2026-06-30,12:45,767.73,Transport,Card,Tenkasi,Success
TXN01698,Vishnu,DMart,2026-09-19,08:38,3890.33,Shopping,PhonePe,Madurai,Success
TXN01699,Harini,RedBus,2026-01-16,03:54,476.16,Transport,UPI,Madurai,Success
TXN01700,Swetha,Ola,2026-05-06,02:28,524.68,Transport,PhonePe,Chennai,Success
TXN01701,Sanjay,Ola,2026-03-04,00:19,1162.31,Transport,PhonePe,Chennai,Success
TXN01702,Nivetha,A2B,2026-08-27,19:22,900.0,Food,UPI,Madurai,Success
TXN01703,Keerthi,Rapido,2026-05-26,20:32,499.82,Transport,GPay,Madurai,Success
TXN01704,Meena,Airtel,2026-02-08,19:35,1712.02,Bills,UPI,Madurai,Pending
TXN01705,Harini,Cafe Coffee Day,2026-06-13,06:45,242.94,Food,Card,Trichy,Success
TXN01706,Abinaya,Airtel,2026-05-21,14:22,1766.89,Bills,Card,Tirunelveli,Success
TXN01707,Kavi,Amazon,2026-07-16,08:04,3099.19,Shopping,UPI,Chennai,Failed
TXN01708,Abinaya,Google Workspace,2026-05-26,04:28,1082.05,Education,GPay,Madurai,Success
TXN01709,Abinaya,Temple,2026-01-09,02:22,1232.86,Others,GPay,Salem,Success
TXN01710,Kavi,Local Pharmacy,2026-06-04,09:22,1337.79,Health,Card,Tirunelveli,Pending
TXN01711,Swetha,PharmEasy,2026-06-10,16:51,3000.0,Health,GPay,Chennai,Failed
TXN01712,Abinaya,RedBus,2026-03-04,12:45,1200.0,Transport,Card,Chennai,Success
TXN01713,Kavi,Google Workspace,2026-03-13,03:35,5000.0,Education,GPay,Madurai,Success
TXN01714,Vishnu,Rapido,2026-03-29,03:00,745.94,Transport,Card,Trichy,Success
TXN01715,Nivetha,Udemy,2026-01-03,23:29,2185.01,Education,UPI,Salem,Failed
TXN01716,Ishaan,Jio,2026-01-25,10:23,2412.53,Bills,GPay,Salem,Success
TXN01717,Ishaan,Amazon,2026-03-29,04:42,2706.44,Shopping,Card,Chennai,Success
TXN01718,Rahul,RedBus,2026-07-31,21:44,1166.96,Transport,UPI,Madurai,Success
TXN01719,Sanjay,Local Pharmacy,2026-09-02,22:34,2207.49,Health,PhonePe,Madurai,Failed
TXN01720,Ishaan,Meesho,2026-02-17,09:00,2370.28,Shopping,Card,Madurai,Success
TXN01721,Nivetha,Myntra,2026-04-16,23:43,4452.31,Shopping,PhonePe,Madurai,Pending
TXN01722,Kavi,Uber,2026-01-07,22:53,233.01,Transport,GPay,Bengaluru,Success
TXN01723,Rahul,Zomato,2026-02-23,11:37,900.0,Food,PhonePe,Tirunelveli,Success
TXN01724,Vishnu,Ola,2026-08-21,22:22,420.29,Transport,UPI,Coimbatore,Success
TXN01725,Vishnu,Spotify,2026-07-06,13:09,1500.0,Entertainment,PhonePe,Coimbatore,Success
TXN01726,Vishnu,Dominos,2026-04-07,02:20,362.07,Food,PhonePe,Tenkasi,Success
TXN01727,Harini,Local Store,2026-02-22,05:01,1056.83,Others,UPI,Madurai,Failed
TXN01728,Keerthi,BookMyShow,2026-01-09,15:43,664.46,Entertainment,GPay,Madurai,Success
TXN01729,Ishaan,Spotify,2026-05-16,04:02,1020.36,Entertainment,Card,Madurai,Success
TXN01730,Kavi,KFC,2026-07-23,17:08,249.44,Food,PhonePe,Chennai,Success
TXN01731,Meena,TNSTC,2026-07-09,03:20,178.6,Transport,Card,Chennai,Success
TXN01732,Sanjay,Swiggy,2026-05-31,06:27,900.0,Food,Card,Chennai,Success
TXN01733,Priya,Dominos,2026-08-10,03:43,900.0,Food,Card,Coimbatore,Failed
TXN01734,Sanjay,Apollo Pharmacy,2026-02-28,01:48,1185.29,Health,GPay,Madurai,Success
TXN01735,Arun,Swiggy,2026-02-21,09:24,296.03,Food,GPay,Madurai,Failed
TXN01736,Keerthi,Zomato,2026-07-21,03:27,415.35,Food,Card,Tenkasi,Success
TXN01737,Nivetha,Spotify,2026-04-16,05:50,428.81,Entertainment,UPI,Tirunelveli,Success
TXN01738,Anu,Zomato,2026-01-02,03:13,568.0,Food,UPI,Tenkasi,Pending
TXN01739,Meena,Zomato,2026-06-06,23:28,382.69,Food,Card,Salem,Pending
TXN01740,Priya,Airtel,2026-04-06,11:20,1569.82,Bills,GPay,Chennai,Success
TXN01741,Priya,Local Pharmacy,2026-06-21,00:42,1110.86,Health,Card,Bengaluru,Success
TXN01742,Ishaan,Zomato,2026-01-05,20:16,443.33,Food,PhonePe,Salem,Pending
TXN01743,Rahul,Myntra,2026-08-30,03:44,2524.35,Shopping,Card,Coimbatore,Success
TXN01744,Vishnu,Amazon,2026-09-26,17:10,2940.17,Shopping,UPI,Madurai,Success
TXN01745,Swetha,Zomato,2026-06-05,11:27,323.94,Food,GPay,Madurai,Success
TXN01746,Rahul,Dominos,2026-09-07,08:39,816.69,Food,UPI,Trichy,Pending
TXN01747,Rahul,Myntra,2026-06-20,17:40,3716.25,Shopping,UPI,Madurai,Success
TXN01748,Vishnu,DMart,2026-05-19,23:24,2951.76,Shopping,Card,Salem,Success
TXN01749,Nivetha,KFC,2026-04-23,22:30,268.27,Food,PhonePe,Tenkasi,Success
TXN01750,Anu,1mg,2026-08-09,12:16,2574.66,Health,PhonePe,Coimbatore,Failed
TXN01751,Nivetha,Ola,2026-02-25,09:20,434.85,Transport,Card,Madurai,Pending
TXN01752,Sanjay,Metro,2026-03-31,09:03,639.11,Transport,Card,Coimbatore,Failed
TXN01753,Keerthi,ACT Fibernet,2026-06-08,06:30,1499.32,Bills,Card,Chennai,Success
TXN01754,Arun,Swiggy,2026-03-04,14:47,673.85,Food,UPI,Coimbatore,Failed
TXN01755,Arun,Electricity Board,2026-02-26,00:17,696.25,Bills,UPI,Bengaluru,Success
TXN01756,Keerthi,Electricity Board,2026-03-18,17:51,1483.57,Bills,Card,Trichy,Pending
TXN01757,Arun,A2B,2026-09-07,09:50,682.17,Food,PhonePe,Coimbatore,Success
TXN01758,Swetha,Swiggy,2026-04-22,09:39,306.88,Food,Card,Madurai,Success
TXN01759,Kavi,Reliance Trends,2026-08-09,12:01,1062.49,Shopping,UPI,Madurai,Success
TXN01760,Vishnu,Metro,2026-06-29,09:40,424.16,Transport,UPI,Madurai,Success
TXN01761,Sanjay,Reliance Trends,2026-05-19,04:52,3532.47,Shopping,PhonePe,Bengaluru,Success
TXN01762,Harini,Udemy,2026-04-23,01:05,1341.13,Education,GPay,Coimbatore,Success
TXN01763,Keerthi,College Fees,2026-07-24,03:20,2342.64,Education,Card,Chennai,Success
TXN01764,Keerthi,A2B,2026-08-12,23:10,428.12,Food,UPI,Chennai,Success
TXN01765,Swetha,Rapido,2026-03-11,14:12,1200.0,Transport,PhonePe,Coimbatore,Success
TXN01766,Deva,KFC,2026-08-25,18:37,292.06,Food,GPay,Chennai,Success
TXN01767,Harini,Zomato,2026-03-12,17:58,900.0,Food,Card,Tirunelveli,Success
TXN01768,Nivetha,Dominos,2026-07-01,14:35,292.95,Food,UPI,Chennai,Success
TXN01769,Harini,BookMyShow,2026-01-14,14:22,1066.2,Entertainment,Card,Bengaluru,Success
TXN01770,Swetha,Apollo Pharmacy,2026-09-20,12:44,1287.51,Health,UPI,Madurai,Success
TXN01771,Arun,Zomato,2026-07-21,04:17,363.11,Food,UPI,Coimbatore,Success
TXN01772,Sanjay,Dominos,2026-02-13,01:52,214.27,Food,Card,Madurai,Success
TXN01773,Vishnu,YouTube Premium,2026-02-19,09:55,1062.17,Entertainment,GPay,Bengaluru,Success
TXN01774,Rahul,Water Board,2026-09-19,01:48,3543.48,Bills,GPay,Trichy,Success
TXN01775,Deva,Metro,2026-04-25,23:03,801.59,Transport,Card,Coimbatore,Success
TXN01776,Vishnu,Metro,2026-01-04,16:33,419.43,Transport,UPI,Madurai,Pending
TXN01777,Nivetha,Hotstar,2026-03-20,20:36,649.89,Entertainment,GPay,Madurai,Success
TXN01778,Meena,Gift,2026-08-31,00:50,906.12,Others,PhonePe,Madurai,Success
TXN01779,Rahul,KFC,2026-07-27,16:30,655.64,Food,GPay,Chennai,Success
TXN01780,Vishnu,Flipkart,2026-08-13,22:27,5679.1,Shopping,UPI,Madurai,Failed
TXN01781,Kavi,Water Board,2026-03-14,22:26,1778.58,Bills,GPay,Chennai,Success
TXN01782,Priya,Flipkart,2026-09-03,09:53,1126.39,Shopping,PhonePe,Coimbatore,Success
TXN01783,Sanjay,Rapido,2026-05-21,13:21,224.03,Transport,Card,Madurai,Success
TXN01784,Nivetha,Meesho,2026-08-06,05:03,1997.38,Shopping,Card,Tirunelveli,Success
TXN01785,Ishaan,Jio,2026-06-05,01:09,3456.95,Bills,Card,Chennai,Success
TXN01786,Sanjay,DMart,2026-07-01,04:45,4144.82,Shopping,Card,Salem,Success
TXN01787,Keerthi,College Fees,2026-03-23,12:12,3708.94,Education,UPI,Trichy,Success
TXN01788,Vishnu,KFC,2026-09-26,13:19,315.58,Food,PhonePe,Salem,Success
TXN01789,Kavi,Water Board,2026-06-23,15:41,1617.29,Bills,PhonePe,Madurai,Success
TXN01790,Vishnu,Steam,2026-06-05,13:26,1307.78,Entertainment,UPI,Tirunelveli,Pending
TXN01791,Keerthi,Amazon,2026-08-30,20:40,6000.0,Shopping,Card,Tirunelveli,Success
TXN01792,Priya,DMart,2026-06-15,20:05,5092.8,Shopping,UPI,Coimbatore,Success
TXN01793,Anu,RedBus,2026-01-24,01:00,1018.93,Transport,Card,Coimbatore,Success
TXN01794,Priya,Cafe Coffee Day,2026-09-01,11:02,308.43,Food,GPay,Madurai,Success
TXN01795,Swetha,Spotify,2026-03-31,13:06,1123.53,Entertainment,PhonePe,Tirunelveli,Success
TXN01796,Keerthi,College Fees,2026-01-20,02:29,1248.45,Education,UPI,Madurai,Success
TXN01797,Swetha,Dominos,2026-06-14,03:40,847.95,Food,GPay,Chennai,Success
TXN01798,Rahul,Cafe Coffee Day,2026-05-10,16:45,562.12,Food,PhonePe,Chennai,Success
TXN01799,Sanjay,College Fees,2026-03-24,14:48,2200.0,Education,PhonePe,Madurai,Pending
TXN01800,Swetha,HealthPlus,2026-01-13,21:28,481.24,Health,GPay,Tirunelveli,Failed
TXN01801,Kavi,Metro,2026-07-04,13:55,516.67,Transport,PhonePe,Madurai,Success
TXN01802,Meena,KFC,2026-09-28,16:56,464.2,Food,UPI,Salem,Success
TXN01803,Vishnu,Zomato,2026-06-30,12:10,490.03,Food,Card,Madurai,Failed
TXN01804,Keerthi,RedBus,2026-08-13,14:35,529.34,Transport,PhonePe,Coimbatore,Success
TXN01805,Harini,DMart,2026-09-22,10:10,2277.53,Shopping,GPay,Salem,Success
TXN01806,Kavi,Netflix,2026-06-19,00:46,495.39,Entertainment,GPay,Coimbatore,Failed
TXN01807,Vishnu,Stationery Shop,2026-07-03,02:19,2000.0,Others,UPI,Bengaluru,Success
TXN01808,Ishaan,Flipkart,2026-09-14,10:39,6000.0,Shopping,PhonePe,Madurai,Failed
TXN01809,Arun,Dominos,2026-08-30,08:58,523.59,Food,GPay,Madurai,Failed
TXN01810,Abinaya,Metro,2026-04-13,11:25,396.56,Transport,Card,Madurai,Success
TXN01811,Priya,Apollo Pharmacy,2026-02-01,08:02,856.06,Health,UPI,Madurai,Pending
TXN01812,Kavi,BookMyShow,2026-02-06,14:12,685.55,Entertainment,GPay,Tirunelveli,Success
TXN01813,Nivetha,KFC,2026-09-03,04:25,900.0,Food,GPay,Tenkasi,Failed
TXN01814,Nivetha,PharmEasy,2026-09-17,07:41,1761.97,Health,GPay,Madurai,Success
TXN01815,Harini,Amazon Kindle,2026-01-29,00:53,4933.65,Education,PhonePe,Madurai,Success
TXN01816,Meena,Stationery Shop,2026-01-10,18:51,1921.82,Others,Card,Tenkasi,Pending
TXN01817,Abinaya,Dominos,2026-03-06,14:40,672.96,Food,Card,Chennai,Pending
TXN01818,Harini,Steam,2026-03-02,21:00,427.63,Entertainment,GPay,Coimbatore,Success
TXN01819,Anu,Myntra,2026-05-02,07:55,5836.16,Shopping,Card,Madurai,Success
TXN01820,Arun,Amazon,2026-01-24,00:30,1549.96,Shopping,Card,Madurai,Pending
TXN01821,Deva,Metro,2026-03-06,14:58,404.85,Transport,GPay,Tirunelveli,Success
TXN01822,Ishaan,Ola,2026-05-06,09:58,720.21,Transport,UPI,Madurai,Failed
TXN01823,Arun,Spotify,2026-02-09,02:36,649.58,Entertainment,GPay,Chennai,Pending
TXN01824,Meena,A2B,2026-08-16,10:19,547.26,Food,UPI,Madurai,Success
TXN01825,Swetha,YouTube Premium,2026-05-17,10:53,391.65,Entertainment,PhonePe,Coimbatore,Failed
TXN01826,Meena,Cafe Coffee Day,2026-07-30,21:13,309.8,Food,GPay,Coimbatore,Success
TXN01827,Ishaan,Meesho,2026-04-29,10:24,4297.05,Shopping,PhonePe,Madurai,Failed
TXN01828,Meena,Cafe Coffee Day,2026-03-14,01:13,900.0,Food,UPI,Madurai,Pending
TXN01829,Nivetha,Flipkart,2026-01-11,17:01,6000.0,Shopping,Card,Chennai,Success
TXN01830,Ishaan,Uber,2026-02-13,02:02,256.67,Transport,Card,Madurai,Success
TXN01831,Vishnu,A2B,2026-07-15,13:07,402.28,Food,Card,Tenkasi,Success
TXN01832,Abinaya,Dominos,2026-08-09,18:10,334.37,Food,Card,Madurai,Success
TXN01833,Sanjay,Swiggy,2026-06-22,08:57,461.92,Food,UPI,Chennai,Success
TXN01834,Deva,Reliance Trends,2026-08-11,14:35,3576.6,Shopping,UPI,Trichy,Pending
TXN01835,Swetha,Jio,2026-05-28,18:15,1523.32,Bills,Card,Madurai,Pending
TXN01836,Harini,TNSTC,2026-07-15,15:57,1074.57,Transport,UPI,Coimbatore,Success
TXN01837,Keerthi,Metro,2026-05-21,02:55,1193.8,Transport,GPay,Madurai,Success
TXN01838,Swetha,Ola,2026-07-22,01:19,1152.45,Transport,UPI,Coimbatore,Failed
TXN01839,Ishaan,KFC,2026-01-07,04:14,283.84,Food,UPI,Chennai,Pending
TXN01840,Arun,Myntra,2026-08-16,15:47,3680.13,Shopping,UPI,Tenkasi,Success
TXN01841,Rahul,Netflix,2026-09-03,21:46,1413.23,Entertainment,GPay,Madurai,Success
TXN01842,Deva,Water Board,2026-06-10,02:11,3257.02,Bills,GPay,Chennai,Success
TXN01843,Priya,Meesho,2026-09-11,04:20,4632.38,Shopping,UPI,Madurai,Success
TXN01844,Sanjay,Zomato,2026-02-28,22:20,900.0,Food,GPay,Madurai,Success
TXN01845,Priya,Swiggy,2026-06-12,01:25,365.03,Food,Card,Trichy,Failed
TXN01846,Nivetha,Reliance Trends,2026-01-09,23:09,1182.16,Shopping,UPI,Madurai,Success
TXN01847,Meena,ACT Fibernet,2026-02-25,02:38,1763.21,Bills,PhonePe,Trichy,Success
TXN01848,Rahul,Salon,2026-04-15,11:07,889.41,Others,GPay,Madurai,Success
TXN01849,Anu,KFC,2026-08-07,09:39,900.0,Food,Card,Tirunelveli,Success
TXN01850,Abinaya,Flipkart,2026-07-28,22:15,2159.98,Shopping,UPI,Chennai,Success
TXN01851,Rahul,A2B,2026-01-16,05:28,899.65,Food,UPI,Bengaluru,Failed
TXN01852,Abinaya,A2B,2026-01-14,03:37,900.0,Food,PhonePe,Madurai,Failed
TXN01853,Deva,Hotstar,2026-07-13,19:53,1500.0,Entertainment,UPI,Tirunelveli,Success
TXN01854,Sanjay,Swiggy,2026-02-10,02:38,464.99,Food,Card,Trichy,Pending
TXN01855,Arun,Ola,2026-03-04,18:00,974.19,Transport,Card,Coimbatore,Failed
TXN01856,Arun,Coursera,2026-05-18,06:39,2936.46,Education,Card,Chennai,Success
TXN01857,Ishaan,Reliance Trends,2026-07-05,07:52,1978.07,Shopping,UPI,Salem,Success
TXN01858,Anu,BookMyShow,2026-05-04,15:11,1500.0,Entertainment,GPay,Trichy,Pending
TXN01859,Keerthi,Metro,2026-09-16,02:36,854.85,Transport,GPay,Chennai,Success
TXN01860,Sanjay,Myntra,2026-08-03,07:50,1853.68,Shopping,PhonePe,Coimbatore,Success
TXN01861,Vishnu,RedBus,2026-05-06,13:54,500.61,Transport,PhonePe,Tirunelveli,Failed
TXN01862,Sanjay,Google Workspace,2026-06-24,10:42,2363.84,Education,UPI,Madurai,Success
TXN01863,Kavi,Netflix,2026-09-11,21:35,1500.0,Entertainment,PhonePe,Chennai,Failed
TXN01864,Keerthi,Ola,2026-03-27,04:07,322.29,Transport,Card,Madurai,Success
TXN01865,Ishaan,College Fees,2026-02-21,04:18,744.47,Education,Card,Tirunelveli,Pending
TXN01866,Vishnu,Apollo Pharmacy,2026-03-09,17:34,805.45,Health,PhonePe,Chennai,Success
TXN01867,Keerthi,KFC,2026-03-07,13:43,529.88,Food,Card,Chennai,Success
TXN01868,Meena,Miscellaneous,2026-06-22,11:29,592.47,Others,UPI,Madurai,Success
TXN01869,Arun,RedBus,2026-07-01,15:19,556.61,Transport,GPay,Tenkasi,Success
TXN01870,Sanjay,Meesho,2026-09-02,23:53,2342.95,Shopping,Card,Chennai,Success
TXN01871,Nivetha,Zomato,2026-01-04,20:15,150.96,Food,GPay,Madurai,Success
TXN01872,Anu,RedBus,2026-06-14,14:58,421.71,Transport,Card,Tenkasi,Success
TXN01873,Meena,Zomato,2026-04-29,10:08,417.97,Food,UPI,Trichy,Success
TXN01874,Anu,TNSTC,2026-06-15,13:06,1042.73,Transport,Card,Madurai,Success
TXN01875,Swetha,YouTube Premium,2026-04-18,14:41,1500.0,Entertainment,PhonePe,Madurai,Success
TXN01876,Ishaan,KFC,2026-06-27,09:43,306.16,Food,UPI,Coimbatore,Success
TXN01877,Kavi,Airtel,2026-04-25,05:46,2281.54,Bills,Card,Madurai,Success
TXN01878,Keerthi,Local Store,2026-05-23,04:48,1344.29,Others,GPay,Madurai,Success
TXN01879,Deva,Swiggy,2026-01-21,18:25,900.0,Food,PhonePe,Coimbatore,Success
TXN01880,Swetha,Reliance Trends,2026-07-09,06:56,2281.99,Shopping,Card,Madurai,Success
TXN01881,Arun,Rapido,2026-03-06,15:29,388.88,Transport,Card,Chennai,Failed
TXN01882,Keerthi,Rapido,2026-08-10,16:50,504.09,Transport,GPay,Madurai,Success
TXN01883,Kavi,A2B,2026-03-01,12:04,296.05,Food,UPI,Salem,Pending
TXN01884,Nivetha,Swiggy,2026-03-22,17:18,681.83,Food,GPay,Tirunelveli,Success
TXN01885,Ishaan,Myntra,2026-06-11,01:18,5317.67,Shopping,GPay,Chennai,Pending
TXN01886,Kavi,Meesho,2026-01-19,21:39,3537.97,Shopping,UPI,Bengaluru,Success
TXN01887,Abinaya,Metro,2026-04-11,09:03,680.82,Transport,Card,Madurai,Success
TXN01888,Priya,Dominos,2026-09-12,09:38,900.0,Food,PhonePe,Coimbatore,Pending
TXN01889,Deva,Flipkart,2026-04-20,00:06,2748.19,Shopping,GPay,Tenkasi,Failed
TXN01890,Kavi,Dominos,2026-04-02,01:19,731.35,Food,PhonePe,Coimbatore,Pending
TXN01891,Nivetha,Dominos,2026-05-01,21:46,416.05,Food,Card,Madurai,Pending
TXN01892,Rahul,Myntra,2026-04-29,09:58,1634.2,Shopping,PhonePe,Coimbatore,Success
TXN01893,Rahul,Cafe Coffee Day,2026-07-02,18:32,900.0,Food,Card,Coimbatore,Failed
TXN01894,Ishaan,Dominos,2026-08-03,15:15,559.57,Food,GPay,Madurai,Success
TXN01895,Deva,Rapido,2026-08-26,10:53,1123.23,Transport,GPay,Tenkasi,Success
TXN01896,Anu,Coursera,2026-09-08,20:30,3268.32,Education,PhonePe,Trichy,Success
TXN01897,Sanjay,Dominos,2026-09-17,07:20,639.38,Food,UPI,Madurai,Success
TXN01898,Abinaya,Dominos,2026-06-12,14:02,300.45,Food,UPI,Coimbatore,Success
TXN01899,Swetha,TNSTC,2026-01-28,09:09,1200.0,Transport,Card,Chennai,Success
TXN01900,Nivetha,Local Pharmacy,2026-08-18,13:59,2063.17,Health,GPay,Madurai,Success
TXN01901,Arun,Spotify,2026-02-26,20:56,1500.0,Entertainment,PhonePe,Salem,Pending
TXN01902,Anu,Salon,2026-01-11,12:56,969.5,Others,GPay,Madurai,Pending
TXN01903,Swetha,Swiggy,2026-02-02,22:21,339.77,Food,UPI,Trichy,Failed
TXN01904,Meena,Swiggy,2026-07-22,07:49,747.76,Food,PhonePe,Madurai,Success
TXN01905,Swetha,Rapido,2026-07-31,07:21,306.75,Transport,UPI,Madurai,Success
TXN01906,Nivetha,KFC,2026-01-11,17:58,900.0,Food,GPay,Madurai,Success
TXN01907,Meena,Amazon,2026-03-22,09:39,2703.16,Shopping,Card,Chennai,Success
TXN01908,Abinaya,A2B,2026-05-20,04:13,732.77,Food,PhonePe,Madurai,Success
TXN01909,Sanjay,TNSTC,2026-02-09,02:31,735.71,Transport,UPI,Chennai,Success
TXN01910,Nivetha,RedBus,2026-01-08,18:29,1195.37,Transport,Card,Trichy,Success
TXN01911,Keerthi,Google Workspace,2026-06-09,11:02,5000.0,Education,Card,Madurai,Success
TXN01912,Meena,BookMyShow,2026-08-23,06:55,898.84,Entertainment,UPI,Trichy,Success
TXN01913,Ishaan,Coursera,2026-05-30,14:39,1115.13,Education,Card,Bengaluru,Success
TXN01914,Deva,Gift,2026-05-26,23:59,2000.0,Others,UPI,Bengaluru,Success
TXN01915,Meena,Reliance Trends,2026-07-21,12:43,1468.26,Shopping,GPay,Madurai,Success
TXN01916,Nivetha,Reliance Trends,2026-01-13,13:33,4060.21,Shopping,PhonePe,Madurai,Failed
TXN01917,Rahul,Flipkart,2026-06-09,11:20,6000.0,Shopping,GPay,Chennai,Pending
TXN01918,Swetha,Flipkart,2026-03-28,07:05,4170.89,Shopping,GPay,Tenkasi,Success
TXN01919,Arun,Dominos,2026-08-31,17:51,339.29,Food,PhonePe,Madurai,Success
TXN01920,Vishnu,Metro,2026-09-10,08:36,699.85,Transport,PhonePe,Coimbatore,Success
TXN01921,Ishaan,Dominos,2026-06-14,23:31,353.64,Food,PhonePe,Trichy,Success
TXN01922,Arun,RedBus,2026-04-18,19:11,454.92,Transport,GPay,Chennai,Success
TXN01923,Meena,Dominos,2026-08-25,16:29,550.12,Food,PhonePe,Coimbatore,Success
TXN01924,Meena,Reliance Trends,2026-08-06,23:52,778.13,Shopping,GPay,Salem,Success
TXN01925,Harini,Uber,2026-09-24,04:08,551.61,Transport,GPay,Madurai,Success
TXN01926,Deva,Flipkart,2026-08-06,16:54,3412.06,Shopping,GPay,Chennai,Success
TXN01927,Sanjay,Zomato,2026-08-03,13:37,503.87,Food,Card,Tirunelveli,Success
TXN01928,Ishaan,Amazon,2026-05-19,17:50,2052.99,Shopping,UPI,Madurai,Pending
TXN01929,Arun,ACT Fibernet,2026-05-29,17:51,2803.28,Bills,PhonePe,Salem,Success
TXN01930,Deva,Cafe Coffee Day,2026-05-09,16:06,488.14,Food,UPI,Tirunelveli,Failed
TXN01931,Deva,Dominos,2026-09-26,16:10,900.0,Food,PhonePe,Bengaluru,Success
TXN01932,Anu,Swiggy,2026-02-04,00:11,652.46,Food,PhonePe,Chennai,Success
TXN01933,Nivetha,Local Store,2026-08-23,11:17,776.07,Others,GPay,Madurai,Failed
TXN01934,Abinaya,Swiggy,2026-06-29,21:43,738.24,Food,PhonePe,Tenkasi,Success
TXN01935,Keerthi,KFC,2026-05-21,09:42,190.96,Food,GPay,Madurai,Success
TXN01936,Arun,TNSTC,2026-07-26,08:41,656.82,Transport,UPI,Trichy,Failed
TXN01937,Meena,Salon,2026-03-20,03:30,1209.77,Others,PhonePe,Tenkasi,Success
TXN01938,Deva,Cafe Coffee Day,2026-02-22,04:19,505.12,Food,UPI,Madurai,Failed
TXN01939,Arun,RedBus,2026-05-22,21:01,398.41,Transport,Card,Tenkasi,Success
TXN01940,Keerthi,Cafe Coffee Day,2026-04-29,07:23,497.14,Food,PhonePe,Chennai,Success
TXN01941,Keerthi,Netflix,2026-03-26,16:13,433.35,Entertainment,PhonePe,Tirunelveli,Success
TXN01942,Anu,Amazon,2026-09-19,15:00,6000.0,Shopping,GPay,Madurai,Success
TXN01943,Sanjay,TNSTC,2026-03-02,08:13,653.5,Transport,UPI,Chennai,Failed
TXN01944,Harini,Hotstar,2026-08-31,12:07,1056.87,Entertainment,Card,Chennai,Pending
TXN01945,Vishnu,Rapido,2026-04-20,05:40,285.72,Transport,GPay,Coimbatore,Failed
TXN01946,Vishnu,Cafe Coffee Day,2026-08-15,16:43,344.25,Food,PhonePe,Madurai,Success
TXN01947,Swetha,Cafe Coffee Day,2026-08-11,22:15,661.26,Food,GPay,Madurai,Failed
TXN01948,Priya,Myntra,2026-06-27,14:28,5448.87,Shopping,UPI,Madurai,Success
TXN01949,Arun,Ola,2026-07-11,06:06,375.4,Transport,PhonePe,Coimbatore,Success
TXN01950,Deva,Coursera,2026-06-08,11:12,1251.26,Education,PhonePe,Chennai,Success
TXN01951,Keerthi,Gift,2026-01-07,20:42,1338.28,Others,UPI,Chennai,Failed
TXN01952,Abinaya,ACT Fibernet,2026-01-23,23:44,1713.26,Bills,Card,Tenkasi,Success
TXN01953,Ishaan,Cafe Coffee Day,2026-01-16,16:04,202.9,Food,GPay,Madurai,Failed
TXN01954,Sanjay,Salon,2026-02-23,01:18,398.01,Others,PhonePe,Chennai,Success
TXN01955,Abinaya,A2B,2026-04-01,04:29,338.37,Food,PhonePe,Tenkasi,Pending
TXN01956,Harini,Coursera,2026-08-16,21:45,4658.51,Education,GPay,Tirunelveli,Success
TXN01957,Abinaya,Metro,2026-01-09,11:21,1190.56,Transport,UPI,Chennai,Success
TXN01958,Keerthi,Amazon Kindle,2026-01-08,22:40,3008.59,Education,UPI,Trichy,Failed
TXN01959,Harini,Electricity Board,2026-04-09,17:07,2265.52,Bills,GPay,Tirunelveli,Success
TXN01960,Nivetha,Zomato,2026-01-23,09:24,384.25,Food,PhonePe,Madurai,Success
TXN01961,Deva,RedBus,2026-01-02,10:37,182.38,Transport,Card,Trichy,Success
TXN01962,Meena,Myntra,2026-02-14,19:19,5643.72,Shopping,UPI,Chennai,Success
TXN01963,Kavi,Temple,2026-02-14,06:20,1263.69,Others,GPay,Madurai,Success
TXN01964,Arun,Rapido,2026-01-06,07:25,389.94,Transport,GPay,Tenkasi,Success
TXN01965,Anu,Cafe Coffee Day,2026-04-08,04:31,900.0,Food,PhonePe,Chennai,Success
TXN01966,Abinaya,Myntra,2026-05-23,04:47,1616.88,Shopping,UPI,Chennai,Success
TXN01967,Anu,RedBus,2026-04-13,06:02,1152.98,Transport,PhonePe,Chennai,Success
TXN01968,Ishaan,Myntra,2026-09-08,12:07,1185.79,Shopping,UPI,Trichy,Success
TXN01969,Anu,KFC,2026-03-29,01:15,900.0,Food,Card,Chennai,Pending
TXN01970,Harini,Reliance Trends,2026-08-11,11:50,1456.87,Shopping,PhonePe,Madurai,Pending
TXN01971,Swetha,Cafe Coffee Day,2026-06-25,23:52,900.0,Food,UPI,Trichy,Success
TXN01972,Meena,Reliance Trends,2026-09-20,07:11,2181.58,Shopping,UPI,Tirunelveli,Success
TXN01973,Deva,A2B,2026-09-22,22:28,659.11,Food,GPay,Chennai,Success
TXN01974,Rahul,Udemy,2026-07-13,22:28,5000.0,Education,UPI,Madurai,Success
TXN01975,Keerthi,Google Workspace,2026-07-03,00:16,2229.26,Education,GPay,Madurai,Pending
TXN01976,Harini,Zomato,2026-02-21,06:23,900.0,Food,UPI,Chennai,Pending
TXN01977,Ishaan,A2B,2026-08-13,21:02,900.0,Food,PhonePe,Madurai,Success
TXN01978,Arun,Meesho,2026-07-24,16:09,1366.8,Shopping,Card,Coimbatore,Pending
TXN01979,Ishaan,Zomato,2026-07-25,10:14,469.55,Food,UPI,Trichy,Success
TXN01980,Keerthi,Swiggy,2026-08-07,09:11,414.63,Food,GPay,Salem,Success
TXN01981,Harini,Google Workspace,2026-03-27,10:15,2667.5,Education,PhonePe,Coimbatore,Failed
TXN01982,Nivetha,Salon,2026-03-13,04:26,832.63,Others,PhonePe,Bengaluru,Failed
TXN01983,Anu,Cafe Coffee Day,2026-06-08,04:49,287.89,Food,GPay,Tirunelveli,Success
TXN01984,Rahul,Myntra,2026-03-17,06:50,2972.17,Shopping,Card,Chennai,Success
TXN01985,Ishaan,Flipkart,2026-04-15,14:54,4229.08,Shopping,PhonePe,Chennai,Success
TXN01986,Nivetha,Apollo Pharmacy,2026-09-02,05:26,387.06,Health,UPI,Madurai,Success
TXN01987,Kavi,A2B,2026-04-19,16:07,786.54,Food,Card,Chennai,Pending
TXN01988,Harini,DMart,2026-07-18,04:23,3404.0,Shopping,PhonePe,Tirunelveli,Success
TXN01989,Swetha,ACT Fibernet,2026-05-25,23:01,4000.0,Bills,Card,Bengaluru,Success
TXN01990,Arun,Local Pharmacy,2026-09-08,22:51,1209.82,Health,GPay,Chennai,Success
TXN01991,Arun,DMart,2026-07-08,12:21,2244.76,Shopping,PhonePe,Madurai,Success
TXN01992,Meena,A2B,2026-04-28,04:42,304.36,Food,Card,Tirunelveli,Success
TXN01993,Deva,Dominos,2026-02-17,11:35,626.5,Food,UPI,Madurai,Success
TXN01994,Sanjay,Meesho,2026-06-09,13:12,1120.93,Shopping,PhonePe,Madurai,Success
TXN01995,Vishnu,Metro,2026-04-02,05:34,412.74,Transport,UPI,Coimbatore,Success
TXN01996,Sanjay,Dominos,2026-02-12,11:49,524.65,Food,GPay,Coimbatore,Success
TXN01997,Nivetha,Cafe Coffee Day,2026-03-24,10:53,207.2,Food,Card,Madurai,Success
TXN01998,Arun,Zomato,2026-09-06,22:19,494.97,Food,Card,Coimbatore,Success
TXN01999,Harini,Metro,2026-08-06,08:49,1200.0,Transport,GPay,Chennai,Success
TXN02000,Arun,Coursera,2026-07-10,16:09,4934.55,Education,Card,Tirunelveli,Failed
TXN02001,Vishnu,PharmEasy,2026-04-02,14:28,1451.7,Health,UPI,Coimbatore,Success
TXN02002,Swetha,Reliance Trends,2026-01-04,11:30,5328.05,Shopping,GPay,Chennai,Success
TXN02003,Arun,Steam,2026-01-25,15:51,1040.87,Entertainment,Card,Madurai,Success
TXN02004,Abinaya,Local Store,2026-07-07,01:42,1132.37,Others,Card,Madurai,Success
TXN02005,Sanjay,Hotstar,2026-06-01,00:48,1142.77,Entertainment,Card,Chennai,Success
TXN02006,Ishaan,KFC,2026-01-09,15:14,384.74,Food,UPI,Madurai,Success
TXN02007,Ishaan,A2B,2026-01-19,18:08,403.66,Food,GPay,Tenkasi,Success
TXN02008,Harini,Cafe Coffee Day,2026-02-18,04:18,602.28,Food,GPay,Madurai,Failed
TXN02009,Priya,Cafe Coffee Day,2026-06-26,15:38,470.05,Food,Card,Tenkasi,Success
TXN02010,Arun,Steam,2026-02-09,11:08,1500.0,Entertainment,Card,Madurai,Success
TXN02011,Abinaya,A2B,2026-09-20,02:41,726.49,Food,GPay,Madurai,Success
TXN02012,Keerthi,Rapido,2026-07-25,00:45,947.49,Transport,UPI,Tenkasi,Success
TXN02013,Nivetha,Ola,2026-03-01,06:32,836.69,Transport,GPay,Madurai,Success
TXN02014,Ishaan,RedBus,2026-01-26,12:46,681.82,Transport,PhonePe,Bengaluru,Pending
TXN02015,Rahul,Google Workspace,2026-04-06,09:26,3911.48,Education,Card,Madurai,Success
TXN02016,Sanjay,Salon,2026-05-26,09:18,1812.7,Others,Card,Madurai,Success
TXN02017,Harini,Uber,2026-03-08,09:22,758.77,Transport,Card,Madurai,Pending
TXN02018,Rahul,YouTube Premium,2026-04-24,07:40,508.86,Entertainment,UPI,Coimbatore,Success
TXN02019,Nivetha,Amazon,2026-05-28,20:47,3112.78,Shopping,GPay,Chennai,Failed
TXN02020,Arun,TNSTC,2026-07-19,16:14,275.37,Transport,UPI,Chennai,Failed
TXN02021,Abinaya,RedBus,2026-08-16,05:10,1200.0,Transport,UPI,Chennai,Success
TXN02022,Vishnu,Dominos,2026-03-29,22:58,715.51,Food,PhonePe,Trichy,Failed
TXN02023,Ishaan,TNSTC,2026-09-07,19:09,388.9,Transport,GPay,Chennai,Pending
TXN02024,Kavi,Amazon Kindle,2026-05-30,10:45,1812.66,Education,UPI,Madurai,Success
TXN02025,Sanjay,Local Pharmacy,2026-03-27,21:18,3000.0,Health,PhonePe,Chennai,Failed
TXN02026,Arun,PharmEasy,2026-09-09,08:00,1052.08,Health,GPay,Chennai,Success
TXN02027,Keerthi,Electricity Board,2026-03-05,03:18,905.25,Bills,Card,Coimbatore,Failed
TXN02028,Deva,Dominos,2026-05-29,06:05,248.74,Food,GPay,Madurai,Failed
TXN02029,Swetha,Flipkart,2026-07-29,12:00,2618.76,Shopping,Card,Tirunelveli,Failed
TXN02030,Harini,Ola,2026-07-05,21:30,479.1,Transport,UPI,Salem,Success
TXN02031,Sanjay,Coursera,2026-09-30,13:23,2092.4,Education,UPI,Salem,Failed
TXN02032,Vishnu,Airtel,2026-08-19,05:21,3078.58,Bills,Card,Chennai,Success
TXN02033,Harini,Airtel,2026-03-30,23:19,1520.78,Bills,UPI,Madurai,Success
TXN02034,Harini,Netflix,2026-07-30,06:26,1009.04,Entertainment,Card,Coimbatore,Success
TXN02035,Abinaya,Miscellaneous,2026-09-15,02:44,543.88,Others,PhonePe,Tenkasi,Failed
TXN02036,Arun,Reliance Trends,2026-05-08,05:40,6000.0,Shopping,GPay,Trichy,Success
TXN02037,Sanjay,Hotstar,2026-01-12,20:31,449.66,Entertainment,GPay,Chennai,Success
TXN02038,Harini,Metro,2026-08-23,12:35,624.92,Transport,PhonePe,Coimbatore,Success
TXN02039,Priya,Udemy,2026-03-09,10:00,2398.77,Education,PhonePe,Chennai,Success
TXN02040,Keerthi,Netflix,2026-05-06,23:20,964.25,Entertainment,Card,Madurai,Success
TXN02041,Rahul,Google Workspace,2026-09-14,21:53,4035.49,Education,PhonePe,Bengaluru,Success
TXN02042,Swetha,Swiggy,2026-05-06,15:46,371.77,Food,UPI,Tenkasi,Success
TXN02043,Kavi,Steam,2026-07-28,17:44,1272.87,Entertainment,GPay,Madurai,Pending
TXN02044,Vishnu,Dominos,2026-03-03,20:43,885.28,Food,Card,Chennai,Success
TXN02045,Nivetha,Water Board,2026-01-31,09:59,1855.05,Bills,Card,Madurai,Pending
TXN02046,Vishnu,Electricity Board,2026-07-24,17:27,4000.0,Bills,GPay,Tirunelveli,Success
TXN02047,Sanjay,Metro,2026-03-16,08:57,741.01,Transport,GPay,Chennai,Success
TXN02048,Swetha,Reliance Trends,2026-07-31,22:24,2558.78,Shopping,PhonePe,Tirunelveli,Success
TXN02049,Priya,A2B,2026-05-16,03:18,494.15,Food,Card,Salem,Success
TXN02050,Sanjay,Myntra,2026-09-09,08:21,6000.0,Shopping,Card,Trichy,Pending
TXN02051,Anu,Rapido,2026-08-19,23:52,757.46,Transport,Card,Madurai,Success
TXN02052,Arun,YouTube Premium,2026-03-17,17:48,984.16,Entertainment,GPay,Madurai,Success
TXN02053,Abinaya,A2B,2026-07-05,09:56,609.67,Food,UPI,Madurai,Failed
TXN02054,Nivetha,YouTube Premium,2026-08-14,22:58,1338.78,Entertainment,UPI,Madurai,Success
TXN02055,Priya,Rapido,2026-05-30,13:06,750.25,Transport,PhonePe,Trichy,Success
TXN02056,Sanjay,A2B,2026-06-05,05:03,656.72,Food,PhonePe,Madurai,Failed
TXN02057,Abinaya,RedBus,2026-03-29,11:44,640.1,Transport,Card,Madurai,Success
TXN02058,Priya,Steam,2026-07-11,12:54,886.25,Entertainment,UPI,Coimbatore,Failed
TXN02059,Sanjay,Dominos,2026-09-05,12:57,813.07,Food,Card,Madurai,Success
TXN02060,Sanjay,Uber,2026-06-08,07:02,411.7,Transport,UPI,Bengaluru,Success
TXN02061,Priya,Zomato,2026-04-11,12:10,476.22,Food,GPay,Madurai,Pending
TXN02062,Rahul,Temple,2026-09-26,07:47,877.74,Others,GPay,Coimbatore,Pending
TXN02063,Deva,Metro,2026-02-20,11:14,289.77,Transport,GPay,Chennai,Success
TXN02064,Kavi,Reliance Trends,2026-08-17,19:20,1543.41,Shopping,GPay,Madurai,Success
TXN02065,Deva,RedBus,2026-05-06,07:47,620.17,Transport,PhonePe,Madurai,Pending
TXN02066,Nivetha,DMart,2026-05-17,18:50,5471.88,Shopping,GPay,Chennai,Failed
TXN02067,Kavi,A2B,2026-09-25,10:20,528.95,Food,GPay,Trichy,Success
TXN02068,Deva,Amazon,2026-02-20,18:19,2257.65,Shopping,Card,Madurai,Success
TXN02069,Anu,Uber,2026-09-02,03:58,1200.0,Transport,GPay,Tirunelveli,Success
TXN02070,Kavi,Dominos,2026-04-21,20:25,380.95,Food,GPay,Chennai,Failed
TXN02071,Ishaan,Electricity Board,2026-08-15,21:56,1200.2,Bills,Card,Coimbatore,Success
TXN02072,Arun,Ola,2026-05-09,13:53,1200.0,Transport,Card,Tirunelveli,Success
TXN02073,Ishaan,KFC,2026-09-17,16:29,492.31,Food,PhonePe,Coimbatore,Success
TXN02074,Ishaan,RedBus,2026-09-30,08:29,1200.0,Transport,UPI,Bengaluru,Success
TXN02075,Ishaan,Myntra,2026-08-14,03:48,3070.35,Shopping,UPI,Tenkasi,Pending
TXN02076,Rahul,1mg,2026-03-25,06:06,1557.94,Health,Card,Madurai,Success
TXN02077,Swetha,Uber,2026-08-15,11:41,283.33,Transport,UPI,Chennai,Success
TXN02078,Sanjay,Cafe Coffee Day,2026-02-25,07:54,375.4,Food,PhonePe,Coimbatore,Success
TXN02079,Ishaan,1mg,2026-08-30,03:30,2003.98,Health,UPI,Coimbatore,Failed
TXN02080,Ishaan,Cafe Coffee Day,2026-03-21,11:03,683.0,Food,PhonePe,Bengaluru,Failed
TXN02081,Deva,Zomato,2026-03-22,11:06,510.26,Food,PhonePe,Tirunelveli,Success
TXN02082,Rahul,HealthPlus,2026-05-18,07:48,1314.12,Health,Card,Tenkasi,Pending
TXN02083,Rahul,Rapido,2026-03-16,10:27,626.57,Transport,UPI,Bengaluru,Success
TXN02084,Nivetha,Rapido,2026-06-07,14:31,346.75,Transport,UPI,Chennai,Success
TXN02085,Harini,RedBus,2026-01-29,13:57,1200.0,Transport,GPay,Tirunelveli,Success
TXN02086,Sanjay,A2B,2026-01-10,06:54,732.77,Food,Card,Tirunelveli,Success
TXN02087,Sanjay,Zomato,2026-01-13,10:59,443.26,Food,UPI,Trichy,Success
TXN02088,Swetha,College Fees,2026-09-15,15:01,2006.24,Education,PhonePe,Chennai,Success
TXN02089,Kavi,Rapido,2026-09-03,20:14,1200.0,Transport,PhonePe,Madurai,Success
TXN02090,Abinaya,Meesho,2026-09-07,08:31,2204.14,Shopping,Card,Tirunelveli,Pending
TXN02091,Arun,ACT Fibernet,2026-01-29,21:49,1846.19,Bills,GPay,Coimbatore,Success
TXN02092,Ishaan,Local Store,2026-02-26,16:06,2000.0,Others,Card,Coimbatore,Success
TXN02093,Keerthi,Flipkart,2026-07-31,05:10,3524.91,Shopping,UPI,Trichy,Pending
TXN02094,Arun,Stationery Shop,2026-02-15,14:57,415.12,Others,PhonePe,Madurai,Failed
TXN02095,Anu,Airtel,2026-09-29,09:56,2431.69,Bills,UPI,Coimbatore,Failed
TXN02096,Abinaya,Metro,2026-06-10,12:19,451.3,Transport,GPay,Madurai,Pending
TXN02097,Nivetha,Dominos,2026-08-28,07:46,215.1,Food,PhonePe,Salem,Success
TXN02098,Anu,Electricity Board,2026-01-12,04:47,1561.33,Bills,UPI,Chennai,Success
TXN02099,Sanjay,Uber,2026-01-25,18:02,342.59,Transport,Card,Chennai,Success
TXN02100,Keerthi,Swiggy,2026-08-12,01:05,304.39,Food,UPI,Bengaluru,Success
TXN02101,Vishnu,KFC,2026-06-20,21:39,534.96,Food,Card,Tirunelveli,Success
TXN02102,Nivetha,Swiggy,2026-02-27,18:09,226.68,Food,GPay,Madurai,Failed
TXN02103,Swetha,Ola,2026-08-28,20:49,1020.07,Transport,GPay,Coimbatore,Failed
TXN02104,Swetha,1mg,2026-08-27,15:24,1304.78,Health,Card,Madurai,Success
TXN02105,Priya,DMart,2026-06-23,15:29,2066.91,Shopping,GPay,Tenkasi,Success
TXN02106,Swetha,Salon,2026-07-25,19:37,854.96,Others,Card,Trichy,Success
TXN02107,Abinaya,A2B,2026-01-05,07:41,262.89,Food,Card,Tenkasi,Success
TXN02108,Harini,Rapido,2026-06-17,18:10,343.59,Transport,PhonePe,Madurai,Failed
TXN02109,Sanjay,Dominos,2026-03-20,06:26,380.35,Food,UPI,Tenkasi,Pending
TXN02110,Deva,Spotify,2026-01-21,04:20,937.05,Entertainment,GPay,Chennai,Success
TXN02111,Anu,KFC,2026-04-28,22:27,613.69,Food,UPI,Bengaluru,Success
TXN02112,Deva,Flipkart,2026-04-30,07:24,2377.39,Shopping,Card,Chennai,Success
TXN02113,Abinaya,A2B,2026-07-12,00:52,420.37,Food,Card,Madurai,Success
TXN02114,Vishnu,Electricity Board,2026-01-26,15:15,2342.35,Bills,PhonePe,Trichy,Success
TXN02115,Harini,Dominos,2026-03-05,03:10,900.0,Food,Card,Madurai,Failed
TXN02116,Meena,1mg,2026-04-18,04:06,1599.25,Health,GPay,Salem,Success
TXN02117,Nivetha,Local Pharmacy,2026-04-08,07:10,1083.51,Health,UPI,Tenkasi,Success
TXN02118,Swetha,Swiggy,2026-09-18,03:49,287.94,Food,Card,Coimbatore,Success
TXN02119,Abinaya,TNSTC,2026-02-21,12:06,1027.24,Transport,Card,Madurai,Success
TXN02120,Ishaan,A2B,2026-06-03,07:49,137.61,Food,Card,Tirunelveli,Pending
TXN02121,Kavi,Steam,2026-01-09,09:22,603.15,Entertainment,Card,Tenkasi,Success
TXN02122,Sanjay,DMart,2026-05-08,06:03,1876.51,Shopping,GPay,Salem,Success
TXN02123,Abinaya,Google Workspace,2026-08-29,01:19,3977.12,Education,PhonePe,Madurai,Success
TXN02124,Arun,Swiggy,2026-08-01,05:22,900.0,Food,UPI,Tirunelveli,Success
TXN02125,Priya,Meesho,2026-04-03,12:27,2723.59,Shopping,PhonePe,Madurai,Pending
TXN02126,Swetha,Uber,2026-06-06,13:46,408.87,Transport,Card,Madurai,Success
TXN02127,Anu,Cafe Coffee Day,2026-06-14,00:58,436.57,Food,UPI,Salem,Failed
TXN02128,Anu,Swiggy,2026-03-15,13:54,589.57,Food,Card,Madurai,Success
TXN02129,Meena,Swiggy,2026-02-21,00:30,638.58,Food,PhonePe,Chennai,Success
TXN02130,Keerthi,A2B,2026-02-27,16:14,436.57,Food,Card,Madurai,Success
TXN02131,Harini,College Fees,2026-01-01,10:37,5000.0,Education,Card,Salem,Success
TXN02132,Rahul,TNSTC,2026-06-15,22:24,450.6,Transport,UPI,Salem,Success
TXN02133,Anu,Reliance Trends,2026-09-10,19:29,2494.48,Shopping,GPay,Bengaluru,Success
TXN02134,Priya,1mg,2026-04-26,22:30,1283.7,Health,PhonePe,Madurai,Success
TXN02135,Nivetha,Apollo Pharmacy,2026-02-23,08:31,1795.4,Health,Card,Madurai,Success
TXN02136,Ishaan,Udemy,2026-08-25,22:48,4136.49,Education,UPI,Madurai,Success
TXN02137,Meena,KFC,2026-06-17,14:24,236.41,Food,UPI,Coimbatore,Success
TXN02138,Sanjay,YouTube Premium,2026-07-17,21:34,434.67,Entertainment,GPay,Madurai,Pending
TXN02139,Swetha,Uber,2026-03-15,21:39,724.37,Transport,PhonePe,Madurai,Success
TXN02140,Vishnu,Jio,2026-06-15,00:23,1142.89,Bills,PhonePe,Tirunelveli,Success
TXN02141,Rahul,RedBus,2026-07-27,15:25,527.77,Transport,UPI,Coimbatore,Success
TXN02142,Rahul,Zomato,2026-05-24,22:22,390.44,Food,Card,Tenkasi,Success
TXN02143,Keerthi,KFC,2026-06-24,16:38,900.0,Food,PhonePe,Chennai,Success
TXN02144,Rahul,Hotstar,2026-05-15,02:09,1500.0,Entertainment,UPI,Tenkasi,Failed
TXN02145,Harini,Rapido,2026-04-27,15:36,470.39,Transport,PhonePe,Tenkasi,Success
TXN02146,Kavi,Uber,2026-06-27,10:28,824.79,Transport,UPI,Coimbatore,Success
TXN02147,Harini,College Fees,2026-04-04,13:34,2150.03,Education,GPay,Coimbatore,Failed
TXN02148,Deva,Hotstar,2026-04-12,12:04,1242.13,Entertainment,PhonePe,Madurai,Success
TXN02149,Arun,KFC,2026-07-05,18:24,255.25,Food,GPay,Tirunelveli,Failed
TXN02150,Nivetha,Zomato,2026-03-23,03:25,883.26,Food,PhonePe,Bengaluru,Success
TXN02151,Priya,DMart,2026-03-19,18:27,2205.63,Shopping,PhonePe,Tenkasi,Pending
TXN02152,Harini,KFC,2026-07-25,10:07,219.6,Food,UPI,Salem,Success
TXN02153,Keerthi,Dominos,2026-08-28,10:59,349.97,Food,Card,Coimbatore,Success
TXN02154,Nivetha,1mg,2026-05-09,18:58,1331.84,Health,GPay,Bengaluru,Success
TXN02155,Ishaan,Cafe Coffee Day,2026-07-30,04:47,262.18,Food,GPay,Madurai,Success
TXN02156,Rahul,Ola,2026-03-23,22:03,599.81,Transport,PhonePe,Tirunelveli,Success
TXN02157,Harini,Local Pharmacy,2026-02-06,07:43,2217.28,Health,PhonePe,Coimbatore,Success
TXN02158,Priya,Myntra,2026-03-19,07:01,1972.65,Shopping,GPay,Salem,Pending
TXN02159,Priya,Electricity Board,2026-03-02,17:46,4000.0,Bills,UPI,Tenkasi,Success
TXN02160,Meena,A2B,2026-08-13,10:11,900.0,Food,Card,Madurai,Success
TXN02161,Meena,Swiggy,2026-02-06,11:39,410.47,Food,Card,Trichy,Success
TXN02162,Abinaya,Rapido,2026-08-27,14:32,853.43,Transport,UPI,Chennai,Success
TXN02163,Priya,Google Workspace,2026-04-26,17:50,3175.72,Education,Card,Salem,Success
TXN02164,Kavi,Coursera,2026-09-11,23:56,2389.51,Education,UPI,Bengaluru,Success
TXN02165,Harini,Meesho,2026-05-22,08:35,2694.26,Shopping,GPay,Madurai,Success
TXN02166,Meena,Cafe Coffee Day,2026-02-12,00:26,187.6,Food,UPI,Chennai,Success
TXN02167,Nivetha,Coursera,2026-09-11,07:33,2380.08,Education,PhonePe,Tirunelveli,Failed
TXN02168,Harini,RedBus,2026-09-07,19:08,948.13,Transport,GPay,Tenkasi,Pending
TXN02169,Vishnu,Salon,2026-02-25,20:09,739.45,Others,Card,Coimbatore,Success
TXN02170,Kavi,Metro,2026-07-04,19:48,124.8,Transport,GPay,Coimbatore,Success
TXN02171,Harini,HealthPlus,2026-08-14,15:43,3000.0,Health,GPay,Tirunelveli,Success
TXN02172,Vishnu,Water Board,2026-08-10,22:50,2582.81,Bills,Card,Coimbatore,Pending
TXN02173,Deva,Uber,2026-06-18,03:22,1158.34,Transport,GPay,Coimbatore,Pending
TXN02174,Keerthi,Rapido,2026-08-22,08:39,545.2,Transport,GPay,Chennai,Pending
TXN02175,Vishnu,Amazon Kindle,2026-05-22,15:13,2811.32,Education,UPI,Trichy,Success
TXN02176,Anu,Coursera,2026-04-18,19:03,3525.86,Education,UPI,Chennai,Success
TXN02177,Sanjay,Google Workspace,2026-03-30,17:03,2144.46,Education,Card,Chennai,Success
TXN02178,Anu,Swiggy,2026-06-06,03:27,857.71,Food,PhonePe,Chennai,Success
TXN02179,Kavi,Metro,2026-09-12,21:49,453.38,Transport,UPI,Tenkasi,Failed
TXN02180,Swetha,Udemy,2026-09-06,11:58,5000.0,Education,UPI,Chennai,Pending
TXN02181,Swetha,Rapido,2026-03-28,11:01,329.35,Transport,UPI,Chennai,Success
TXN02182,Kavi,Coursera,2026-06-01,19:06,3367.59,Education,UPI,Madurai,Failed
TXN02183,Priya,Reliance Trends,2026-02-17,03:05,2145.52,Shopping,GPay,Chennai,Success
TXN02184,Keerthi,Google Workspace,2026-03-16,11:36,1543.39,Education,Card,Salem,Success
TXN02185,Anu,Reliance Trends,2026-05-31,20:56,1890.83,Shopping,Card,Chennai,Success
TXN02186,Kavi,HealthPlus,2026-01-21,08:23,370.89,Health,PhonePe,Chennai,Success
TXN02187,Priya,Reliance Trends,2026-09-11,07:39,1760.7,Shopping,UPI,Tenkasi,Success
TXN02188,Deva,Metro,2026-04-21,04:57,980.42,Transport,PhonePe,Madurai,Success
TXN02189,Ishaan,Swiggy,2026-09-05,14:58,711.03,Food,GPay,Madurai,Failed
TXN02190,Meena,Electricity Board,2026-04-06,17:42,1079.89,Bills,PhonePe,Coimbatore,Success
TXN02191,Harini,Reliance Trends,2026-05-14,12:25,3990.71,Shopping,Card,Tenkasi,Pending
TXN02192,Harini,Myntra,2026-07-02,02:37,2068.78,Shopping,PhonePe,Chennai,Success
TXN02193,Anu,Udemy,2026-03-07,03:17,925.52,Education,PhonePe,Salem,Failed
TXN02194,Nivetha,Hotstar,2026-04-27,11:53,1286.04,Entertainment,UPI,Chennai,Success
TXN02195,Nivetha,Cafe Coffee Day,2026-05-18,19:36,818.22,Food,PhonePe,Tenkasi,Success
TXN02196,Rahul,Amazon,2026-08-12,02:12,2272.82,Shopping,Card,Tenkasi,Failed
TXN02197,Abinaya,Ola,2026-09-02,05:02,1166.94,Transport,GPay,Coimbatore,Success
TXN02198,Sanjay,Uber,2026-05-10,00:56,586.18,Transport,UPI,Chennai,Failed
TXN02199,Rahul,Water Board,2026-04-21,22:35,2188.67,Bills,PhonePe,Chennai,Success
TXN02200,Ishaan,Electricity Board,2026-04-30,19:27,1916.7,Bills,UPI,Coimbatore,Success
TXN02201,Harini,KFC,2026-01-28,12:13,241.83,Food,UPI,Madurai,Success
TXN02202,Kavi,Hotstar,2026-02-02,18:04,696.19,Entertainment,GPay,Tirunelveli,Failed
TXN02203,Nivetha,Meesho,2026-04-02,06:11,1617.95,Shopping,PhonePe,Madurai,Success
TXN02204,Sanjay,Swiggy,2026-02-15,03:12,625.8,Food,GPay,Bengaluru,Success
TXN02205,Arun,Dominos,2026-07-15,23:46,664.69,Food,Card,Trichy,Success
TXN02206,Priya,Electricity Board,2026-06-09,12:07,739.16,Bills,PhonePe,Salem,Success
TXN02207,Nivetha,Spotify,2026-02-16,06:17,1105.16,Entertainment,UPI,Chennai,Success
TXN02208,Harini,YouTube Premium,2026-02-11,11:35,763.43,Entertainment,UPI,Madurai,Pending
TXN02209,Swetha,Local Pharmacy,2026-02-01,19:00,608.1,Health,UPI,Madurai,Success
TXN02210,Sanjay,Swiggy,2026-09-28,00:25,522.73,Food,PhonePe,Chennai,Success
TXN02211,Anu,Netflix,2026-07-11,02:22,653.34,Entertainment,GPay,Chennai,Failed
TXN02212,Deva,Flipkart,2026-04-22,11:47,2086.84,Shopping,Card,Tenkasi,Success
TXN02213,Vishnu,Amazon,2026-07-11,19:35,1633.48,Shopping,PhonePe,Trichy,Failed
TXN02214,Keerthi,Ola,2026-03-18,15:11,744.17,Transport,PhonePe,Chennai,Failed
TXN02215,Arun,Amazon,2026-05-30,03:40,3207.99,Shopping,GPay,Madurai,Success
TXN02216,Sanjay,Myntra,2026-09-12,06:35,3292.16,Shopping,PhonePe,Madurai,Success
TXN02217,Priya,KFC,2026-07-19,15:17,868.41,Food,UPI,Bengaluru,Success
TXN02218,Sanjay,Amazon,2026-07-07,04:49,6000.0,Shopping,UPI,Coimbatore,Success
TXN02219,Vishnu,Flipkart,2026-07-03,02:00,991.46,Shopping,Card,Coimbatore,Success
TXN02220,Swetha,Meesho,2026-02-16,22:38,3740.52,Shopping,GPay,Salem,Failed
TXN02221,Anu,Cafe Coffee Day,2026-04-13,09:38,352.72,Food,Card,Salem,Failed
TXN02222,Priya,A2B,2026-08-07,13:47,621.11,Food,PhonePe,Chennai,Success
TXN02223,Harini,TNSTC,2026-02-23,10:58,404.83,Transport,GPay,Madurai,Success
TXN02224,Rahul,KFC,2026-05-28,23:20,900.0,Food,UPI,Tenkasi,Success
TXN02225,Abinaya,DMart,2026-02-15,10:28,4163.01,Shopping,GPay,Coimbatore,Success
TXN02226,Nivetha,HealthPlus,2026-06-10,01:38,1383.63,Health,PhonePe,Salem,Pending
TXN02227,Abinaya,Reliance Trends,2026-04-07,12:00,5894.85,Shopping,UPI,Madurai,Success
TXN02228,Abinaya,KFC,2026-09-18,17:53,293.06,Food,Card,Tirunelveli,Pending
TXN02229,Meena,Ola,2026-02-20,15:36,853.97,Transport,GPay,Chennai,Success
TXN02230,Keerthi,Zomato,2026-04-15,16:54,413.63,Food,UPI,Madurai,Success
TXN02231,Arun,Flipkart,2026-07-15,07:01,2900.66,Shopping,GPay,Tenkasi,Success
TXN02232,Kavi,Cafe Coffee Day,2026-06-19,06:02,900.0,Food,GPay,Bengaluru,Success
TXN02233,Vishnu,Temple,2026-03-21,04:50,2000.0,Others,Card,Madurai,Success
TXN02234,Deva,KFC,2026-06-08,06:59,578.32,Food,UPI,Tenkasi,Success
TXN02235,Nivetha,DMart,2026-01-06,14:11,2024.0,Shopping,Card,Salem,Pending
TXN02236,Harini,Dominos,2026-05-10,20:29,438.35,Food,PhonePe,Madurai,Success
TXN02237,Sanjay,Jio,2026-08-18,04:23,1400.29,Bills,GPay,Trichy,Pending
TXN02238,Nivetha,DMart,2026-03-23,16:40,2198.69,Shopping,GPay,Madurai,Success
TXN02239,Priya,Coursera,2026-05-12,23:14,2747.98,Education,PhonePe,Coimbatore,Pending
TXN02240,Keerthi,Cafe Coffee Day,2026-05-27,09:43,324.38,Food,UPI,Trichy,Failed
TXN02241,Ishaan,KFC,2026-04-14,02:57,898.19,Food,GPay,Madurai,Success
TXN02242,Vishnu,KFC,2026-01-19,16:00,418.14,Food,PhonePe,Coimbatore,Failed
TXN02243,Kavi,TNSTC,2026-04-05,02:51,594.68,Transport,GPay,Madurai,Success
TXN02244,Swetha,DMart,2026-07-09,14:57,2269.76,Shopping,Card,Madurai,Failed
TXN02245,Priya,DMart,2026-09-15,06:27,1558.78,Shopping,GPay,Madurai,Pending
TXN02246,Nivetha,Zomato,2026-06-24,08:33,253.55,Food,GPay,Chennai,Success
TXN02247,Anu,Ola,2026-07-14,05:13,693.12,Transport,GPay,Chennai,Success
TXN02248,Meena,Local Store,2026-04-10,11:27,848.1,Others,PhonePe,Madurai,Pending
TXN02249,Nivetha,Miscellaneous,2026-05-06,20:32,1184.33,Others,Card,Chennai,Success
TXN02250,Ishaan,Hotstar,2026-06-12,01:56,1398.06,Entertainment,PhonePe,Coimbatore,Failed
TXN02251,Sanjay,Swiggy,2026-03-28,10:58,314.81,Food,GPay,Madurai,Failed
TXN02252,Abinaya,Myntra,2026-04-30,00:12,6000.0,Shopping,GPay,Madurai,Pending
TXN02253,Abinaya,College Fees,2026-03-03,07:39,1515.7,Education,Card,Coimbatore,Failed
TXN02254,Arun,Apollo Pharmacy,2026-09-01,19:30,815.96,Health,GPay,Coimbatore,Pending
TXN02255,Harini,Cafe Coffee Day,2026-05-02,23:18,759.93,Food,Card,Madurai,Success
TXN02256,Arun,Meesho,2026-03-20,15:30,3024.01,Shopping,Card,Madurai,Success
TXN02257,Keerthi,Reliance Trends,2026-03-31,13:15,2012.94,Shopping,PhonePe,Chennai,Success
TXN02258,Keerthi,ACT Fibernet,2026-06-03,04:54,1054.84,Bills,GPay,Madurai,Success
TXN02259,Rahul,Amazon,2026-03-06,21:23,1833.18,Shopping,PhonePe,Chennai,Success
TXN02260,Deva,A2B,2026-08-24,15:26,479.04,Food,Card,Bengaluru,Success
TXN02261,Harini,Temple,2026-07-24,04:32,2000.0,Others,UPI,Chennai,Success
TXN02262,Meena,Cafe Coffee Day,2026-04-08,19:24,191.45,Food,PhonePe,Madurai,Pending
TXN02263,Vishnu,Spotify,2026-07-29,12:47,856.0,Entertainment,UPI,Trichy,Success
TXN02264,Ishaan,Cafe Coffee Day,2026-02-25,18:31,694.45,Food,PhonePe,Madurai,Success
TXN02265,Rahul,DMart,2026-04-13,07:24,2334.08,Shopping,Card,Chennai,Success
TXN02266,Meena,ACT Fibernet,2026-08-10,06:09,4000.0,Bills,Card,Salem,Failed
TXN02267,Abinaya,BookMyShow,2026-03-30,09:19,917.5,Entertainment,Card,Trichy,Failed
TXN02268,Sanjay,Cafe Coffee Day,2026-07-25,19:37,733.44,Food,PhonePe,Coimbatore,Pending
TXN02269,Priya,Ola,2026-03-08,16:36,936.04,Transport,Card,Chennai,Success
TXN02270,Arun,Rapido,2026-02-19,02:13,1143.3,Transport,GPay,Bengaluru,Pending
TXN02271,Abinaya,Swiggy,2026-02-16,10:41,429.64,Food,GPay,Madurai,Success
TXN02272,Deva,A2B,2026-02-03,12:23,900.0,Food,PhonePe,Trichy,Success
TXN02273,Keerthi,Reliance Trends,2026-06-23,05:58,2921.7,Shopping,Card,Chennai,Success
TXN02274,Ishaan,Rapido,2026-03-25,14:10,537.21,Transport,PhonePe,Madurai,Success
TXN02275,Meena,Swiggy,2026-08-29,23:53,400.7,Food,Card,Salem,Success
TXN02276,Nivetha,Amazon Kindle,2026-03-17,15:11,2110.56,Education,PhonePe,Salem,Success
TXN02277,Swetha,Uber,2026-07-14,16:16,503.5,Transport,Card,Madurai,Success
TXN02278,Swetha,Zomato,2026-04-04,15:16,483.02,Food,UPI,Madurai,Success
TXN02279,Rahul,Uber,2026-02-13,12:37,642.49,Transport,UPI,Bengaluru,Success
TXN02280,Priya,Swiggy,2026-07-21,05:06,487.2,Food,UPI,Madurai,Pending
TXN02281,Keerthi,Amazon,2026-06-14,09:58,2745.43,Shopping,PhonePe,Tirunelveli,Pending
TXN02282,Anu,Jio,2026-08-02,05:46,3152.32,Bills,Card,Tenkasi,Success
TXN02283,Vishnu,A2B,2026-01-13,16:42,515.22,Food,UPI,Madurai,Failed
TXN02284,Keerthi,Rapido,2026-06-06,08:58,773.7,Transport,PhonePe,Madurai,Pending
TXN02285,Harini,Local Pharmacy,2026-08-23,22:30,932.9,Health,UPI,Chennai,Pending
TXN02286,Anu,Netflix,2026-01-06,19:34,408.99,Entertainment,PhonePe,Coimbatore,Failed
TXN02287,Ishaan,Coursera,2026-07-18,01:13,3680.32,Education,Card,Chennai,Success
TXN02288,Sanjay,Cafe Coffee Day,2026-07-07,17:29,734.28,Food,Card,Madurai,Success
TXN02289,Harini,TNSTC,2026-05-14,18:51,358.67,Transport,PhonePe,Trichy,Success
TXN02290,Rahul,Stationery Shop,2026-02-13,22:44,557.52,Others,GPay,Madurai,Success
TXN02291,Vishnu,YouTube Premium,2026-03-07,03:39,1500.0,Entertainment,GPay,Coimbatore,Success
TXN02292,Kavi,Ola,2026-05-02,02:58,468.9,Transport,GPay,Madurai,Success
TXN02293,Abinaya,Jio,2026-02-06,05:19,1430.51,Bills,UPI,Trichy,Failed
TXN02294,Sanjay,Google Workspace,2026-06-19,22:41,1410.51,Education,Card,Bengaluru,Pending
TXN02295,Arun,Uber,2026-02-11,06:20,338.77,Transport,PhonePe,Madurai,Success
TXN02296,Nivetha,Coursera,2026-04-30,07:10,5000.0,Education,GPay,Bengaluru,Success
TXN02297,Nivetha,Swiggy,2026-09-29,06:34,433.91,Food,UPI,Madurai,Pending
TXN02298,Vishnu,TNSTC,2026-04-06,16:00,515.59,Transport,Card,Madurai,Failed
TXN02299,Nivetha,A2B,2026-04-05,17:19,248.56,Food,GPay,Tenkasi,Success
TXN02300,Kavi,Swiggy,2026-03-15,18:30,186.39,Food,PhonePe,Madurai,Success
TXN02301,Deva,Reliance Trends,2026-04-06,10:58,6000.0,Shopping,GPay,Trichy,Success
TXN02302,Priya,Ola,2026-07-31,17:17,1065.96,Transport,UPI,Chennai,Failed
TXN02303,Ishaan,Steam,2026-05-04,18:06,861.66,Entertainment,UPI,Madurai,Success
TXN02304,Sanjay,Swiggy,2026-03-24,02:12,111.2,Food,UPI,Salem,Success
TXN02305,Kavi,Netflix,2026-08-09,02:43,684.71,Entertainment,GPay,Coimbatore,Failed
TXN02306,Swetha,Metro,2026-02-15,10:52,649.24,Transport,Card,Salem,Success
TXN02307,Swetha,Salon,2026-02-03,19:25,1052.86,Others,UPI,Salem,Pending
TXN02308,Nivetha,PharmEasy,2026-09-03,12:38,346.28,Health,Card,Tirunelveli,Success
TXN02309,Ishaan,BookMyShow,2026-04-08,07:47,1500.0,Entertainment,UPI,Tirunelveli,Failed
TXN02310,Priya,Water Board,2026-08-27,15:45,2541.53,Bills,UPI,Madurai,Success
TXN02311,Keerthi,Rapido,2026-08-26,15:26,168.19,Transport,Card,Tirunelveli,Success
TXN02312,Priya,Stationery Shop,2026-01-13,04:45,764.65,Others,Card,Trichy,Success
TXN02313,Harini,YouTube Premium,2026-07-07,00:28,524.68,Entertainment,PhonePe,Bengaluru,Success
TXN02314,Swetha,Meesho,2026-04-05,07:24,3017.17,Shopping,PhonePe,Tirunelveli,Success
TXN02315,Abinaya,Uber,2026-06-22,06:45,536.05,Transport,PhonePe,Chennai,Success
TXN02316,Rahul,Jio,2026-05-23,07:46,2472.67,Bills,UPI,Chennai,Failed
TXN02317,Rahul,Flipkart,2026-08-11,05:27,1104.32,Shopping,Card,Tenkasi,Success
TXN02318,Sanjay,TNSTC,2026-06-15,16:16,654.19,Transport,GPay,Madurai,Success
TXN02319,Ishaan,Water Board,2026-08-02,16:44,1229.69,Bills,Card,Madurai,Success
TXN02320,Ishaan,Swiggy,2026-06-09,23:20,337.17,Food,UPI,Tenkasi,Pending
TXN02321,Harini,KFC,2026-05-25,11:38,432.11,Food,PhonePe,Tenkasi,Failed
TXN02322,Anu,Cafe Coffee Day,2026-08-31,02:09,900.0,Food,PhonePe,Tirunelveli,Success
TXN02323,Rahul,Swiggy,2026-06-17,23:29,605.23,Food,PhonePe,Chennai,Success
TXN02324,Keerthi,Ola,2026-09-01,09:34,558.62,Transport,UPI,Salem,Pending
TXN02325,Anu,Salon,2026-04-10,04:20,488.62,Others,UPI,Coimbatore,Pending
TXN02326,Swetha,PharmEasy,2026-05-02,08:30,1489.04,Health,PhonePe,Tenkasi,Pending
TXN02327,Arun,TNSTC,2026-09-19,03:15,360.3,Transport,GPay,Chennai,Success
TXN02328,Swetha,Dominos,2026-09-28,16:45,806.75,Food,UPI,Madurai,Success
TXN02329,Arun,Dominos,2026-08-19,13:17,445.38,Food,UPI,Salem,Success
TXN02330,Swetha,Flipkart,2026-01-31,16:10,1671.86,Shopping,PhonePe,Tirunelveli,Success
TXN02331,Deva,Ola,2026-09-05,19:10,563.22,Transport,UPI,Tenkasi,Success
TXN02332,Swetha,Flipkart,2026-06-10,20:38,5146.84,Shopping,UPI,Madurai,Success
TXN02333,Deva,RedBus,2026-03-03,10:05,1005.16,Transport,PhonePe,Tirunelveli,Failed
TXN02334,Nivetha,Apollo Pharmacy,2026-07-12,14:26,1338.15,Health,UPI,Salem,Success
TXN02335,Vishnu,Metro,2026-04-15,04:55,892.54,Transport,UPI,Salem,Success
TXN02336,Abinaya,Local Store,2026-07-08,15:52,1122.19,Others,Card,Madurai,Success
TXN02337,Rahul,Flipkart,2026-08-16,10:43,1179.83,Shopping,PhonePe,Tenkasi,Failed
TXN02338,Keerthi,Gift,2026-08-21,09:43,827.53,Others,UPI,Madurai,Success
TXN02339,Arun,Zomato,2026-01-27,11:08,189.99,Food,GPay,Madurai,Success
TXN02340,Rahul,KFC,2026-07-12,18:46,655.41,Food,UPI,Chennai,Pending
TXN02341,Sanjay,Uber,2026-04-02,11:08,397.44,Transport,UPI,Chennai,Success
TXN02342,Vishnu,KFC,2026-01-21,17:27,510.24,Food,UPI,Tirunelveli,Success
TXN02343,Nivetha,Uber,2026-02-02,02:19,240.79,Transport,PhonePe,Trichy,Success
TXN02344,Priya,Ola,2026-05-01,03:08,640.52,Transport,PhonePe,Madurai,Pending
TXN02345,Anu,A2B,2026-02-05,16:48,430.48,Food,Card,Chennai,Success
TXN02346,Meena,Meesho,2026-07-22,23:42,3895.57,Shopping,Card,Madurai,Pending
TXN02347,Meena,1mg,2026-03-23,03:56,1291.14,Health,PhonePe,Tirunelveli,Success
TXN02348,Deva,A2B,2026-04-26,16:20,476.45,Food,GPay,Madurai,Success
TXN02349,Abinaya,Uber,2026-03-12,17:05,1121.24,Transport,PhonePe,Madurai,Success
TXN02350,Anu,Local Store,2026-09-19,09:53,1668.26,Others,Card,Chennai,Success
TXN02351,Abinaya,Dominos,2026-02-04,01:22,900.0,Food,Card,Tenkasi,Failed
TXN02352,Arun,Ola,2026-09-09,00:14,1200.0,Transport,PhonePe,Madurai,Failed
TXN02353,Nivetha,A2B,2026-03-26,13:33,900.0,Food,UPI,Madurai,Failed
TXN02354,Priya,Zomato,2026-07-11,17:26,459.63,Food,UPI,Coimbatore,Success
TXN02355,Priya,Meesho,2026-04-11,11:09,3339.98,Shopping,UPI,Tirunelveli,Success
TXN02356,Harini,Local Store,2026-01-15,15:12,2000.0,Others,UPI,Madurai,Success
TXN02357,Sanjay,Reliance Trends,2026-04-05,03:50,6000.0,Shopping,Card,Tenkasi,Success
TXN02358,Harini,Swiggy,2026-06-02,23:32,336.04,Food,PhonePe,Tirunelveli,Success
TXN02359,Deva,Metro,2026-08-26,01:51,385.09,Transport,UPI,Salem,Success
TXN02360,Arun,Udemy,2026-09-19,00:48,900.53,Education,UPI,Salem,Success
TXN02361,Abinaya,Myntra,2026-04-16,17:03,3738.9,Shopping,PhonePe,Madurai,Success
TXN02362,Harini,Metro,2026-03-26,16:46,1200.0,Transport,Card,Trichy,Success
TXN02363,Meena,College Fees,2026-02-24,00:00,1695.74,Education,PhonePe,Coimbatore,Success
TXN02364,Arun,Amazon,2026-01-01,10:21,2068.15,Shopping,GPay,Madurai,Success
TXN02365,Harini,Dominos,2026-01-28,12:33,95.13,Food,PhonePe,Trichy,Success
TXN02366,Sanjay,Stationery Shop,2026-07-10,02:35,1405.18,Others,Card,Madurai,Pending
TXN02367,Harini,Myntra,2026-03-03,10:18,5499.54,Shopping,UPI,Tenkasi,Success
TXN02368,Ishaan,Flipkart,2026-01-16,16:15,3430.28,Shopping,PhonePe,Chennai,Success
TXN02369,Abinaya,Spotify,2026-05-20,09:13,527.19,Entertainment,PhonePe,Madurai,Success
TXN02370,Nivetha,Uber,2026-03-20,07:21,539.63,Transport,GPay,Coimbatore,Pending
TXN02371,Harini,Uber,2026-09-12,14:45,498.73,Transport,GPay,Tenkasi,Success
TXN02372,Harini,Temple,2026-01-23,22:24,1370.72,Others,GPay,Madurai,Failed
TXN02373,Swetha,Gift,2026-09-03,06:55,671.79,Others,UPI,Salem,Pending
TXN02374,Abinaya,PharmEasy,2026-08-18,00:03,775.95,Health,PhonePe,Tenkasi,Success
TXN02375,Abinaya,Miscellaneous,2026-09-08,07:54,359.42,Others,Card,Salem,Failed
TXN02376,Vishnu,DMart,2026-02-15,20:24,2215.05,Shopping,UPI,Trichy,Success
TXN02377,Rahul,YouTube Premium,2026-07-10,18:48,1340.44,Entertainment,PhonePe,Tirunelveli,Success
TXN02378,Priya,KFC,2026-03-31,19:48,286.49,Food,UPI,Chennai,Success
TXN02379,Anu,Dominos,2026-03-17,22:57,197.82,Food,UPI,Chennai,Success
TXN02380,Sanjay,TNSTC,2026-02-14,20:33,314.2,Transport,UPI,Coimbatore,Success
TXN02381,Keerthi,Myntra,2026-08-27,15:23,1767.7,Shopping,UPI,Madurai,Pending
TXN02382,Vishnu,RedBus,2026-09-17,21:20,445.47,Transport,GPay,Trichy,Success
TXN02383,Arun,Stationery Shop,2026-03-13,07:01,490.85,Others,PhonePe,Chennai,Failed
TXN02384,Harini,DMart,2026-09-14,18:34,956.26,Shopping,Card,Madurai,Success
TXN02385,Meena,Gift,2026-03-26,07:44,1557.93,Others,GPay,Madurai,Success
TXN02386,Nivetha,Steam,2026-06-16,12:44,434.09,Entertainment,Card,Tirunelveli,Success
TXN02387,Keerthi,Reliance Trends,2026-06-29,13:55,3552.04,Shopping,Card,Chennai,Success
TXN02388,Swetha,Cafe Coffee Day,2026-08-21,05:18,336.05,Food,PhonePe,Bengaluru,Pending
TXN02389,Keerthi,DMart,2026-02-25,16:54,1954.14,Shopping,GPay,Trichy,Failed
TXN02390,Keerthi,Airtel,2026-07-27,10:20,3021.5,Bills,UPI,Madurai,Success
TXN02391,Meena,Zomato,2026-01-09,01:03,435.4,Food,PhonePe,Tenkasi,Success
TXN02392,Kavi,A2B,2026-05-10,15:26,900.0,Food,GPay,Madurai,Success
TXN02393,Harini,Swiggy,2026-06-03,11:42,344.18,Food,Card,Bengaluru,Success
TXN02394,Anu,Meesho,2026-09-02,21:40,1660.64,Shopping,Card,Madurai,Failed
TXN02395,Arun,Reliance Trends,2026-09-13,10:54,2491.99,Shopping,Card,Madurai,Success
TXN02396,Abinaya,A2B,2026-02-20,14:25,323.26,Food,Card,Madurai,Success
TXN02397,Arun,Cafe Coffee Day,2026-09-09,00:55,900.0,Food,UPI,Tenkasi,Pending
TXN02398,Abinaya,Dominos,2026-05-10,18:33,316.58,Food,GPay,Bengaluru,Success
TXN02399,Kavi,Uber,2026-07-14,11:30,722.8,Transport,GPay,Madurai,Success
TXN02400,Arun,Stationery Shop,2026-06-08,18:51,978.15,Others,GPay,Bengaluru,Success
TXN02401,Deva,College Fees,2026-03-07,20:15,1377.68,Education,GPay,Tenkasi,Success
TXN02402,Swetha,DMart,2026-09-15,06:11,1881.84,Shopping,Card,Madurai,Success
TXN02403,Ishaan,College Fees,2026-01-25,08:38,2723.12,Education,Card,Trichy,Failed
TXN02404,Kavi,RedBus,2026-08-20,10:00,651.8,Transport,Card,Trichy,Success
TXN02405,Abinaya,Spotify,2026-02-26,23:26,642.89,Entertainment,UPI,Madurai,Success
TXN02406,Vishnu,Spotify,2026-05-08,00:11,728.55,Entertainment,Card,Madurai,Success
TXN02407,Swetha,Dominos,2026-01-23,10:19,182.38,Food,PhonePe,Trichy,Success
TXN02408,Deva,Spotify,2026-08-16,23:55,483.04,Entertainment,Card,Chennai,Success
TXN02409,Kavi,Coursera,2026-01-13,14:57,4311.29,Education,PhonePe,Madurai,Pending
TXN02410,Anu,Dominos,2026-09-26,23:40,339.93,Food,Card,Tirunelveli,Success
TXN02411,Sanjay,Rapido,2026-01-18,09:31,1026.78,Transport,Card,Coimbatore,Success
TXN02412,Meena,Temple,2026-02-14,08:58,1855.3,Others,GPay,Trichy,Success
TXN02413,Anu,Cafe Coffee Day,2026-03-03,00:49,853.11,Food,PhonePe,Chennai,Success
TXN02414,Kavi,1mg,2026-07-11,19:01,3000.0,Health,PhonePe,Coimbatore,Success
TXN02415,Rahul,A2B,2026-07-31,03:57,592.82,Food,PhonePe,Madurai,Failed
TXN02416,Abinaya,KFC,2026-03-10,23:56,900.0,Food,PhonePe,Madurai,Success
TXN02417,Abinaya,TNSTC,2026-09-26,22:43,987.35,Transport,GPay,Chennai,Success
TXN02418,Arun,ACT Fibernet,2026-06-13,08:19,769.37,Bills,UPI,Coimbatore,Success
TXN02419,Swetha,Meesho,2026-09-03,07:18,3675.35,Shopping,Card,Madurai,Success
TXN02420,Priya,Swiggy,2026-03-07,17:24,900.0,Food,GPay,Chennai,Success
TXN02421,Vishnu,Zomato,2026-02-07,19:19,159.41,Food,Card,Tirunelveli,Failed
TXN02422,Deva,Zomato,2026-07-05,07:41,449.06,Food,Card,Tenkasi,Pending
TXN02423,Harini,Myntra,2026-06-14,13:28,1630.28,Shopping,Card,Madurai,Success
TXN02424,Deva,Uber,2026-08-19,20:41,386.37,Transport,UPI,Tenkasi,Success
TXN02425,Nivetha,Zomato,2026-09-18,13:52,337.34,Food,Card,Salem,Failed
TXN02426,Deva,Udemy,2026-02-08,14:46,3067.0,Education,UPI,Coimbatore,Success
TXN02427,Abinaya,Google Workspace,2026-03-16,21:53,2055.01,Education,GPay,Chennai,Pending
TXN02428,Anu,Netflix,2026-06-24,10:21,934.91,Entertainment,UPI,Madurai,Success
TXN02429,Arun,Water Board,2026-09-19,16:38,4000.0,Bills,UPI,Chennai,Success
TXN02430,Swetha,TNSTC,2026-06-22,03:06,1055.55,Transport,PhonePe,Salem,Success
TXN02431,Rahul,DMart,2026-05-18,09:15,3242.93,Shopping,GPay,Bengaluru,Success
TXN02432,Arun,A2B,2026-05-03,19:19,393.3,Food,UPI,Coimbatore,Success
TXN02433,Anu,Ola,2026-09-23,23:04,764.74,Transport,PhonePe,Bengaluru,Success
TXN02434,Ishaan,Dominos,2026-04-07,20:55,173.84,Food,Card,Madurai,Pending
TXN02435,Swetha,Spotify,2026-07-05,18:31,607.15,Entertainment,UPI,Tirunelveli,Success
TXN02436,Anu,KFC,2026-09-24,05:55,598.19,Food,Card,Madurai,Failed
TXN02437,Nivetha,Swiggy,2026-05-07,07:01,490.81,Food,UPI,Trichy,Pending
TXN02438,Swetha,RedBus,2026-09-12,12:47,1098.04,Transport,UPI,Tenkasi,Success
TXN02439,Harini,Zomato,2026-08-24,18:20,766.29,Food,UPI,Coimbatore,Failed
TXN02440,Priya,ACT Fibernet,2026-03-05,12:51,2531.02,Bills,GPay,Madurai,Success
TXN02441,Harini,Reliance Trends,2026-09-11,15:31,2459.29,Shopping,PhonePe,Madurai,Success
TXN02442,Arun,RedBus,2026-05-17,01:44,438.06,Transport,Card,Tirunelveli,Success
TXN02443,Sanjay,Temple,2026-08-12,13:12,1881.56,Others,GPay,Bengaluru,Success
TXN02444,Kavi,YouTube Premium,2026-01-28,01:24,979.81,Entertainment,GPay,Madurai,Success
TXN02445,Ishaan,Swiggy,2026-02-19,23:26,286.07,Food,UPI,Madurai,Success
TXN02446,Deva,BookMyShow,2026-02-27,11:31,1345.87,Entertainment,GPay,Madurai,Success
TXN02447,Nivetha,RedBus,2026-04-29,07:31,733.7,Transport,Card,Madurai,Success
TXN02448,Arun,KFC,2026-07-01,08:04,429.33,Food,UPI,Coimbatore,Failed
TXN02449,Abinaya,Spotify,2026-03-29,13:04,1216.61,Entertainment,UPI,Coimbatore,Success
TXN02450,Meena,Stationery Shop,2026-05-19,16:35,1344.63,Others,PhonePe,Tenkasi,Success
TXN02451,Kavi,Gift,2026-05-04,15:41,2000.0,Others,Card,Madurai,Success
TXN02452,Priya,KFC,2026-02-24,00:06,900.0,Food,PhonePe,Salem,Success
TXN02453,Sanjay,Spotify,2026-04-20,07:55,593.57,Entertainment,Card,Chennai,Success
TXN02454,Vishnu,Uber,2026-03-18,13:07,591.24,Transport,Card,Madurai,Success
TXN02455,Swetha,Water Board,2026-09-09,14:54,1690.19,Bills,UPI,Chennai,Success
TXN02456,Anu,KFC,2026-07-18,15:05,900.0,Food,Card,Chennai,Failed
TXN02457,Deva,RedBus,2026-07-13,05:44,942.73,Transport,GPay,Chennai,Failed
TXN02458,Deva,BookMyShow,2026-05-21,08:29,775.19,Entertainment,UPI,Madurai,Success
TXN02459,Ishaan,Metro,2026-08-29,00:49,407.79,Transport,Card,Salem,Failed
TXN02460,Keerthi,Miscellaneous,2026-01-12,13:16,1039.63,Others,GPay,Coimbatore,Success
TXN02461,Anu,RedBus,2026-08-12,15:12,184.29,Transport,GPay,Chennai,Success
TXN02462,Kavi,BookMyShow,2026-05-18,12:30,664.93,Entertainment,UPI,Chennai,Success
TXN02463,Rahul,YouTube Premium,2026-09-22,20:26,463.49,Entertainment,PhonePe,Madurai,Failed
TXN02464,Swetha,RedBus,2026-07-06,01:38,1020.4,Transport,GPay,Madurai,Success
TXN02465,Kavi,Zomato,2026-01-26,08:32,393.72,Food,PhonePe,Trichy,Success
TXN02466,Meena,Amazon,2026-05-31,04:50,3264.63,Shopping,Card,Bengaluru,Success
TXN02467,Ishaan,Electricity Board,2026-07-29,10:38,1935.93,Bills,PhonePe,Salem,Success
TXN02468,Meena,Ola,2026-01-27,19:32,1046.96,Transport,GPay,Madurai,Failed
TXN02469,Swetha,Cafe Coffee Day,2026-08-29,14:26,812.74,Food,PhonePe,Tirunelveli,Success
TXN02470,Deva,Zomato,2026-02-09,02:17,628.82,Food,PhonePe,Madurai,Failed
TXN02471,Ishaan,Uber,2026-03-05,15:47,729.67,Transport,PhonePe,Tirunelveli,Failed
TXN02472,Swetha,KFC,2026-04-06,08:23,197.25,Food,PhonePe,Chennai,Success
TXN02473,Anu,Swiggy,2026-01-11,17:05,418.16,Food,UPI,Salem,Failed
TXN02474,Keerthi,RedBus,2026-01-25,16:00,1176.2,Transport,PhonePe,Madurai,Success
TXN02475,Vishnu,Flipkart,2026-05-23,15:47,3433.41,Shopping,UPI,Madurai,Failed
TXN02476,Rahul,Flipkart,2026-05-08,05:31,2579.93,Shopping,GPay,Madurai,Pending
TXN02477,Arun,Cafe Coffee Day,2026-03-11,00:01,358.62,Food,GPay,Trichy,Success
TXN02478,Rahul,A2B,2026-07-22,18:47,359.85,Food,Card,Coimbatore,Pending
TXN02479,Nivetha,Reliance Trends,2026-09-24,12:04,3241.25,Shopping,Card,Chennai,Pending
TXN02480,Arun,Water Board,2026-09-26,13:54,1497.25,Bills,Card,Trichy,Success
TXN02481,Meena,Ola,2026-04-16,02:30,1122.92,Transport,PhonePe,Salem,Success
TXN02482,Anu,KFC,2026-07-31,13:03,183.64,Food,GPay,Salem,Failed
TXN02483,Ishaan,Dominos,2026-04-12,00:32,708.83,Food,UPI,Chennai,Success
TXN02484,Harini,Flipkart,2026-03-13,22:09,6000.0,Shopping,PhonePe,Tirunelveli,Success
TXN02485,Harini,Amazon Kindle,2026-08-13,08:37,1439.48,Education,GPay,Madurai,Success
TXN02486,Harini,TNSTC,2026-04-15,15:48,869.67,Transport,Card,Chennai,Success
TXN02487,Harini,Zomato,2026-02-21,10:05,580.23,Food,PhonePe,Bengaluru,Success
TXN02488,Abinaya,ACT Fibernet,2026-08-10,02:39,1332.88,Bills,Card,Chennai,Pending
TXN02489,Ishaan,Salon,2026-09-03,02:18,540.3,Others,Card,Chennai,Success
TXN02490,Anu,A2B,2026-02-21,04:58,607.23,Food,PhonePe,Madurai,Success
TXN02491,Ishaan,Water Board,2026-09-24,12:40,4000.0,Bills,PhonePe,Madurai,Pending
TXN02492,Rahul,Coursera,2026-06-17,09:43,5000.0,Education,Card,Chennai,Success
TXN02493,Abinaya,YouTube Premium,2026-09-07,14:47,1135.39,Entertainment,GPay,Tirunelveli,Success
TXN02494,Abinaya,KFC,2026-07-13,11:16,601.95,Food,GPay,Tenkasi,Success
TXN02495,Nivetha,Steam,2026-03-14,06:42,892.21,Entertainment,UPI,Chennai,Success
TXN02496,Arun,Swiggy,2026-01-22,01:30,449.53,Food,Card,Chennai,Success
TXN02497,Abinaya,Myntra,2026-04-10,14:15,4094.21,Shopping,PhonePe,Bengaluru,Success
TXN02498,Harini,Zomato,2026-01-01,02:15,299.73,Food,UPI,Coimbatore,Success
TXN02499,Vishnu,Zomato,2026-04-23,15:59,755.9,Food,Card,Madurai,Success
TXN02500,Keerthi,Zomato,2026-08-24,11:41,466.98,Food,GPay,Tenkasi,Success
TXN02501,Nivetha,KFC,2026-06-19,21:33,471.0,Food,Card,Bengaluru,Success
TXN02502,Meena,PharmEasy,2026-05-06,07:43,3000.0,Health,UPI,Madurai,Failed
TXN02503,Harini,Swiggy,2026-06-03,17:01,238.09,Food,UPI,Coimbatore,Failed
TXN02504,Harini,Cafe Coffee Day,2026-02-24,05:03,681.48,Food,UPI,Madurai,Success
TXN02505,Deva,Hotstar,2026-08-26,05:13,1500.0,Entertainment,PhonePe,Salem,Success
TXN02506,Nivetha,Uber,2026-07-24,14:18,827.35,Transport,UPI,Coimbatore,Success
TXN02507,Anu,RedBus,2026-09-04,22:37,697.6,Transport,PhonePe,Madurai,Success
TXN02508,Swetha,Swiggy,2026-07-27,14:45,458.57,Food,GPay,Chennai,Success
TXN02509,Harini,Zomato,2026-07-09,04:02,757.8,Food,GPay,Chennai,Success
TXN02510,Deva,A2B,2026-04-20,13:50,160.31,Food,Card,Coimbatore,Success
TXN02511,Vishnu,Local Pharmacy,2026-03-26,11:28,2024.29,Health,PhonePe,Madurai,Failed
TXN02512,Arun,Zomato,2026-02-21,02:48,399.76,Food,Card,Chennai,Success
TXN02513,Swetha,Netflix,2026-08-08,16:48,778.15,Entertainment,PhonePe,Trichy,Failed
TXN02514,Keerthi,Gift,2026-01-02,16:05,1328.28,Others,PhonePe,Bengaluru,Success
TXN02515,Abinaya,Spotify,2026-07-02,22:44,479.92,Entertainment,UPI,Madurai,Pending
TXN02516,Kavi,RedBus,2026-02-21,01:19,444.41,Transport,UPI,Madurai,Success
TXN02517,Kavi,KFC,2026-03-29,13:20,900.0,Food,GPay,Bengaluru,Success
TXN02518,Kavi,Dominos,2026-09-27,02:26,386.81,Food,UPI,Madurai,Failed
TXN02519,Ishaan,KFC,2026-05-14,05:22,250.58,Food,Card,Madurai,Failed
TXN02520,Swetha,Cafe Coffee Day,2026-04-25,23:31,633.11,Food,GPay,Trichy,Success
TXN02521,Abinaya,A2B,2026-03-25,23:43,900.0,Food,UPI,Chennai,Pending
TXN02522,Swetha,Meesho,2026-07-25,14:16,1536.7,Shopping,UPI,Chennai,Success
TXN02523,Swetha,Spotify,2026-06-17,07:11,1411.81,Entertainment,UPI,Bengaluru,Pending
TXN02524,Rahul,Zomato,2026-02-10,02:00,900.0,Food,PhonePe,Madurai,Success
TXN02525,Keerthi,KFC,2026-03-06,05:05,802.45,Food,GPay,Madurai,Success
TXN02526,Kavi,DMart,2026-06-13,19:46,2893.63,Shopping,UPI,Madurai,Pending
TXN02527,Nivetha,Airtel,2026-06-04,07:09,3780.01,Bills,Card,Coimbatore,Success
TXN02528,Sanjay,Temple,2026-04-09,11:46,1963.68,Others,PhonePe,Madurai,Success
TXN02529,Abinaya,Gift,2026-04-06,16:59,557.05,Others,UPI,Madurai,Success
TXN02530,Sanjay,College Fees,2026-03-10,11:09,3985.71,Education,UPI,Bengaluru,Success
TXN02531,Nivetha,Cafe Coffee Day,2026-04-05,00:15,504.03,Food,UPI,Chennai,Failed
TXN02532,Ishaan,Ola,2026-03-17,01:26,645.13,Transport,Card,Chennai,Success
TXN02533,Deva,Spotify,2026-04-14,06:09,310.04,Entertainment,Card,Coimbatore,Success
TXN02534,Abinaya,TNSTC,2026-06-25,20:59,212.37,Transport,UPI,Tirunelveli,Pending
TXN02535,Anu,Amazon Kindle,2026-04-14,07:12,2769.18,Education,Card,Madurai,Failed
TXN02536,Anu,Udemy,2026-07-20,18:02,2417.55,Education,UPI,Trichy,Failed
TXN02537,Arun,KFC,2026-01-21,15:31,438.18,Food,PhonePe,Bengaluru,Success
TXN02538,Meena,HealthPlus,2026-05-26,11:21,1351.25,Health,Card,Madurai,Success
TXN02539,Harini,Netflix,2026-08-02,15:49,471.8,Entertainment,GPay,Coimbatore,Success
TXN02540,Arun,Hotstar,2026-04-25,15:20,1292.19,Entertainment,UPI,Madurai,Failed
TXN02541,Ishaan,A2B,2026-05-11,13:28,900.0,Food,GPay,Salem,Success
TXN02542,Abinaya,A2B,2026-08-19,08:09,214.51,Food,GPay,Coimbatore,Success
TXN02543,Abinaya,Electricity Board,2026-08-02,00:33,3048.16,Bills,GPay,Chennai,Success
TXN02544,Vishnu,RedBus,2026-01-27,16:57,314.96,Transport,UPI,Bengaluru,Failed
TXN02545,Deva,Reliance Trends,2026-05-01,13:16,2688.41,Shopping,UPI,Coimbatore,Success
TXN02546,Nivetha,Water Board,2026-08-08,02:43,2634.84,Bills,PhonePe,Chennai,Success
TXN02547,Sanjay,Local Store,2026-02-20,04:25,695.87,Others,Card,Madurai,Success
TXN02548,Nivetha,Steam,2026-05-12,14:11,502.76,Entertainment,UPI,Madurai,Pending
TXN02549,Keerthi,Stationery Shop,2026-02-19,09:51,1018.32,Others,PhonePe,Chennai,Success
TXN02550,Meena,Amazon Kindle,2026-03-21,04:08,4129.38,Education,GPay,Trichy,Success
TXN02551,Deva,Swiggy,2026-02-28,15:24,355.7,Food,UPI,Madurai,Success
TXN02552,Kavi,A2B,2026-03-04,16:25,294.59,Food,Card,Coimbatore,Failed
TXN02553,Arun,Cafe Coffee Day,2026-02-17,12:03,367.19,Food,GPay,Madurai,Success
TXN02554,Harini,Zomato,2026-01-10,21:10,892.18,Food,UPI,Tirunelveli,Pending
TXN02555,Kavi,Uber,2026-09-25,23:32,624.57,Transport,UPI,Madurai,Success
TXN02556,Deva,RedBus,2026-06-24,13:17,651.29,Transport,UPI,Chennai,Success
TXN02557,Kavi,Dominos,2026-03-27,06:29,390.12,Food,Card,Tirunelveli,Success
TXN02558,Sanjay,KFC,2026-04-27,22:25,427.54,Food,GPay,Coimbatore,Pending
TXN02559,Meena,Dominos,2026-07-08,06:47,700.49,Food,Card,Tirunelveli,Success
TXN02560,Abinaya,Amazon,2026-07-01,00:35,3315.06,Shopping,GPay,Chennai,Failed
TXN02561,Sanjay,ACT Fibernet,2026-08-26,02:54,4000.0,Bills,GPay,Chennai,Success
TXN02562,Vishnu,Udemy,2026-03-11,16:09,1998.55,Education,GPay,Madurai,Failed
TXN02563,Meena,Dominos,2026-01-17,21:46,900.0,Food,UPI,Bengaluru,Success
TXN02564,Deva,A2B,2026-01-20,03:38,220.17,Food,Card,Chennai,Success
TXN02565,Ishaan,Uber,2026-05-13,12:57,665.27,Transport,PhonePe,Tenkasi,Pending
TXN02566,Ishaan,Ola,2026-09-29,12:25,618.4,Transport,Card,Chennai,Success
TXN02567,Rahul,Jio,2026-01-12,00:53,4000.0,Bills,UPI,Chennai,Success
TXN02568,Anu,Myntra,2026-09-26,20:34,2585.71,Shopping,GPay,Madurai,Success
TXN02569,Vishnu,Water Board,2026-05-16,11:23,4000.0,Bills,GPay,Madurai,Success
TXN02570,Keerthi,YouTube Premium,2026-02-10,07:54,354.83,Entertainment,PhonePe,Madurai,Failed
TXN02571,Ishaan,Uber,2026-06-02,18:51,410.89,Transport,GPay,Chennai,Pending
TXN02572,Kavi,Amazon Kindle,2026-08-04,03:10,1781.5,Education,GPay,Salem,Success
TXN02573,Anu,Metro,2026-02-05,03:13,308.65,Transport,GPay,Madurai,Success
TXN02574,Abinaya,Salon,2026-08-29,12:19,1027.61,Others,Card,Madurai,Success
TXN02575,Meena,Electricity Board,2026-05-07,02:47,1792.96,Bills,PhonePe,Madurai,Failed
TXN02576,Priya,Amazon Kindle,2026-01-09,16:03,4553.67,Education,GPay,Madurai,Pending
TXN02577,Nivetha,Zomato,2026-09-18,08:08,246.8,Food,PhonePe,Trichy,Pending
TXN02578,Abinaya,Meesho,2026-04-07,16:48,6000.0,Shopping,UPI,Trichy,Failed
TXN02579,Deva,KFC,2026-07-18,06:34,900.0,Food,PhonePe,Madurai,Failed
TXN02580,Ishaan,RedBus,2026-07-30,19:44,445.39,Transport,Card,Chennai,Failed
TXN02581,Ishaan,Amazon Kindle,2026-08-04,08:42,3725.81,Education,GPay,Madurai,Pending
TXN02582,Arun,DMart,2026-04-08,08:38,2244.16,Shopping,GPay,Coimbatore,Success
TXN02583,Priya,Cafe Coffee Day,2026-05-08,04:31,668.26,Food,GPay,Madurai,Pending
TXN02584,Deva,Jio,2026-02-06,23:20,1006.24,Bills,GPay,Bengaluru,Pending
TXN02585,Priya,TNSTC,2026-01-02,22:14,855.5,Transport,UPI,Bengaluru,Success
TXN02586,Nivetha,Spotify,2026-02-24,11:39,643.3,Entertainment,GPay,Madurai,Success
TXN02587,Rahul,Ola,2026-06-16,14:01,277.5,Transport,GPay,Madurai,Success
TXN02588,Sanjay,Meesho,2026-04-14,21:40,2976.49,Shopping,UPI,Coimbatore,Success
TXN02589,Deva,Ola,2026-05-05,16:43,612.6,Transport,PhonePe,Chennai,Pending
TXN02590,Ishaan,Meesho,2026-08-10,15:49,3391.6,Shopping,UPI,Chennai,Success
TXN02591,Abinaya,Flipkart,2026-08-23,17:53,6000.0,Shopping,GPay,Tirunelveli,Pending
TXN02592,Deva,Myntra,2026-05-26,09:32,2480.36,Shopping,UPI,Chennai,Success
TXN02593,Harini,Flipkart,2026-02-03,20:01,2814.28,Shopping,Card,Tirunelveli,Failed
TXN02594,Anu,Dominos,2026-04-13,23:29,220.71,Food,PhonePe,Chennai,Success
TXN02595,Vishnu,PharmEasy,2026-03-24,16:23,1884.54,Health,Card,Chennai,Success
TXN02596,Rahul,Flipkart,2026-09-06,13:07,2857.15,Shopping,GPay,Salem,Success
TXN02597,Meena,Spotify,2026-05-18,12:39,442.64,Entertainment,PhonePe,Coimbatore,Success
TXN02598,Ishaan,RedBus,2026-09-22,10:35,658.6,Transport,UPI,Trichy,Pending
TXN02599,Harini,Cafe Coffee Day,2026-05-25,08:36,284.86,Food,GPay,Madurai,Success
TXN02600,Swetha,Udemy,2026-09-12,18:02,5000.0,Education,PhonePe,Bengaluru,Pending
TXN02601,Priya,Swiggy,2026-08-03,19:23,393.4,Food,UPI,Bengaluru,Pending
TXN02602,Abinaya,PharmEasy,2026-06-06,14:30,814.37,Health,PhonePe,Coimbatore,Success
TXN02603,Nivetha,YouTube Premium,2026-07-25,22:51,1087.06,Entertainment,PhonePe,Tirunelveli,Pending
TXN02604,Arun,KFC,2026-08-30,21:19,111.11,Food,GPay,Coimbatore,Success
TXN02605,Keerthi,Stationery Shop,2026-07-02,16:05,514.65,Others,GPay,Madurai,Success
TXN02606,Meena,Flipkart,2026-01-09,23:32,5206.77,Shopping,PhonePe,Chennai,Success
TXN02607,Kavi,Swiggy,2026-07-30,01:29,235.29,Food,PhonePe,Coimbatore,Success
TXN02608,Rahul,Spotify,2026-08-14,04:37,1195.56,Entertainment,GPay,Chennai,Success
TXN02609,Nivetha,Udemy,2026-01-19,08:45,4543.76,Education,UPI,Madurai,Success
TXN02610,Keerthi,Apollo Pharmacy,2026-08-19,07:08,3000.0,Health,GPay,Coimbatore,Success
TXN02611,Anu,Swiggy,2026-05-09,20:25,246.41,Food,GPay,Bengaluru,Success
TXN02612,Nivetha,Salon,2026-09-01,23:31,657.78,Others,PhonePe,Tenkasi,Success
TXN02613,Meena,Rapido,2026-04-21,14:03,1007.54,Transport,GPay,Madurai,Success
TXN02614,Kavi,A2B,2026-05-23,00:00,875.11,Food,PhonePe,Madurai,Failed
TXN02615,Nivetha,Dominos,2026-03-26,00:55,328.33,Food,UPI,Chennai,Success
TXN02616,Kavi,Cafe Coffee Day,2026-05-21,06:34,194.4,Food,GPay,Bengaluru,Pending
TXN02617,Vishnu,Zomato,2026-04-02,06:41,233.56,Food,GPay,Madurai,Pending
TXN02618,Deva,Zomato,2026-08-19,07:42,236.68,Food,Card,Madurai,Success
TXN02619,Priya,Hotstar,2026-06-03,23:26,680.09,Entertainment,PhonePe,Madurai,Success
TXN02620,Priya,Dominos,2026-07-13,00:15,545.49,Food,PhonePe,Trichy,Success
TXN02621,Anu,Udemy,2026-08-04,03:42,1973.2,Education,PhonePe,Madurai,Pending
TXN02622,Swetha,Amazon,2026-08-01,03:42,3291.42,Shopping,GPay,Madurai,Success
TXN02623,Deva,TNSTC,2026-09-24,18:56,1200.0,Transport,PhonePe,Trichy,Success
TXN02624,Keerthi,Water Board,2026-03-22,20:17,1470.93,Bills,UPI,Bengaluru,Success
TXN02625,Sanjay,RedBus,2026-03-30,20:51,574.76,Transport,Card,Coimbatore,Success
TXN02626,Ishaan,College Fees,2026-01-11,06:41,3558.66,Education,PhonePe,Chennai,Pending
TXN02627,Ishaan,Meesho,2026-03-01,23:42,4026.3,Shopping,Card,Chennai,Success
TXN02628,Keerthi,Zomato,2026-09-03,13:28,635.2,Food,GPay,Madurai,Failed
TXN02629,Nivetha,Google Workspace,2026-09-23,06:08,1995.85,Education,PhonePe,Trichy,Success
TXN02630,Keerthi,Salon,2026-01-26,17:21,1549.56,Others,PhonePe,Madurai,Success
TXN02631,Meena,KFC,2026-02-12,11:34,503.84,Food,PhonePe,Salem,Failed
TXN02632,Meena,Reliance Trends,2026-03-11,06:05,1609.01,Shopping,UPI,Madurai,Success
TXN02633,Harini,Netflix,2026-04-23,23:51,816.22,Entertainment,PhonePe,Coimbatore,Success
TXN02634,Meena,Apollo Pharmacy,2026-08-05,21:38,1324.93,Health,Card,Madurai,Success
TXN02635,Kavi,Hotstar,2026-03-26,23:15,261.34,Entertainment,UPI,Trichy,Success
TXN02636,Vishnu,Myntra,2026-01-14,22:41,6000.0,Shopping,GPay,Chennai,Success
TXN02637,Abinaya,Cafe Coffee Day,2026-06-15,05:37,479.1,Food,GPay,Salem,Success
TXN02638,Kavi,Google Workspace,2026-02-20,14:59,5000.0,Education,PhonePe,Madurai,Success
TXN02639,Sanjay,Reliance Trends,2026-03-18,12:03,3845.89,Shopping,GPay,Chennai,Pending
TXN02640,Harini,A2B,2026-05-14,05:26,276.91,Food,UPI,Tenkasi,Success
TXN02641,Meena,Jio,2026-09-09,17:49,1143.08,Bills,Card,Tirunelveli,Success
TXN02642,Priya,Gift,2026-01-22,10:43,1235.7,Others,UPI,Madurai,Failed
TXN02643,Rahul,Meesho,2026-01-14,01:30,3420.03,Shopping,Card,Madurai,Success
TXN02644,Abinaya,KFC,2026-07-13,11:47,328.53,Food,UPI,Madurai,Success
TXN02645,Kavi,Amazon Kindle,2026-03-18,13:49,468.15,Education,UPI,Chennai,Failed
TXN02646,Arun,College Fees,2026-05-18,17:27,2763.81,Education,Card,Madurai,Success
TXN02647,Anu,Zomato,2026-06-08,05:48,900.0,Food,GPay,Chennai,Success
TXN02648,Harini,KFC,2026-08-29,01:48,900.0,Food,GPay,Trichy,Pending
TXN02649,Deva,TNSTC,2026-07-01,00:34,848.27,Transport,Card,Madurai,Failed
TXN02650,Swetha,KFC,2026-02-03,02:04,383.41,Food,PhonePe,Tenkasi,Success
TXN02651,Swetha,YouTube Premium,2026-05-10,18:02,917.7,Entertainment,GPay,Madurai,Success
TXN02652,Keerthi,Uber,2026-05-13,21:58,393.48,Transport,GPay,Coimbatore,Success
TXN02653,Meena,Udemy,2026-09-22,06:37,3704.16,Education,Card,Bengaluru,Success
TXN02654,Nivetha,Dominos,2026-05-18,08:16,234.42,Food,GPay,Tirunelveli,Success
TXN02655,Sanjay,Spotify,2026-06-01,05:49,923.0,Entertainment,Card,Madurai,Failed
TXN02656,Arun,KFC,2026-06-02,05:24,825.09,Food,UPI,Tenkasi,Success
TXN02657,Deva,Uber,2026-09-28,14:42,808.25,Transport,PhonePe,Salem,Success
TXN02658,Kavi,Udemy,2026-08-25,01:23,1621.43,Education,UPI,Chennai,Success
TXN02659,Ishaan,Dominos,2026-07-01,12:45,900.0,Food,Card,Bengaluru,Success
TXN02660,Vishnu,PharmEasy,2026-04-28,23:03,1562.66,Health,PhonePe,Salem,Success
TXN02661,Anu,Myntra,2026-04-09,00:47,3161.38,Shopping,PhonePe,Coimbatore,Success
TXN02662,Kavi,Metro,2026-05-24,09:55,872.33,Transport,UPI,Chennai,Success
TXN02663,Arun,Water Board,2026-02-25,12:34,342.56,Bills,GPay,Bengaluru,Success
TXN02664,Meena,Flipkart,2026-06-19,04:34,1960.98,Shopping,PhonePe,Trichy,Success
TXN02665,Arun,Electricity Board,2026-06-24,01:16,1721.92,Bills,GPay,Tirunelveli,Pending
TXN02666,Sanjay,Rapido,2026-04-15,07:22,1168.36,Transport,UPI,Tenkasi,Success
TXN02667,Swetha,Flipkart,2026-05-12,20:02,1343.65,Shopping,PhonePe,Tirunelveli,Failed
TXN02668,Keerthi,Amazon Kindle,2026-04-24,04:49,3241.73,Education,Card,Trichy,Pending
TXN02669,Kavi,Amazon,2026-08-27,04:13,2054.45,Shopping,Card,Madurai,Failed
TXN02670,Abinaya,KFC,2026-02-16,21:32,396.43,Food,PhonePe,Tenkasi,Success
TXN02671,Deva,Miscellaneous,2026-06-15,07:42,624.01,Others,PhonePe,Coimbatore,Success
TXN02672,Keerthi,Uber,2026-02-09,02:51,461.88,Transport,GPay,Chennai,Pending
TXN02673,Swetha,RedBus,2026-02-18,15:45,597.7,Transport,UPI,Coimbatore,Success
TXN02674,Vishnu,Reliance Trends,2026-04-05,07:07,2852.86,Shopping,GPay,Chennai,Success
TXN02675,Swetha,Amazon,2026-08-01,03:49,2034.62,Shopping,GPay,Madurai,Success
TXN02676,Priya,Salon,2026-07-13,11:23,329.8,Others,GPay,Tirunelveli,Success
TXN02677,Sanjay,TNSTC,2026-05-26,20:20,383.12,Transport,UPI,Trichy,Pending
TXN02678,Nivetha,Uber,2026-04-20,13:22,393.7,Transport,GPay,Salem,Failed
TXN02679,Arun,Amazon Kindle,2026-02-09,10:37,3706.5,Education,PhonePe,Tirunelveli,Success
TXN02680,Kavi,KFC,2026-05-30,07:42,281.76,Food,UPI,Tirunelveli,Success
TXN02681,Harini,Ola,2026-03-13,13:54,424.18,Transport,UPI,Coimbatore,Success
TXN02682,Priya,Flipkart,2026-09-16,05:02,5805.0,Shopping,PhonePe,Tirunelveli,Success
TXN02683,Deva,Swiggy,2026-08-03,02:37,386.61,Food,UPI,Chennai,Success
TXN02684,Ishaan,Jio,2026-09-24,18:17,2606.78,Bills,UPI,Bengaluru,Success
TXN02685,Nivetha,TNSTC,2026-01-11,11:31,366.79,Transport,UPI,Madurai,Pending
TXN02686,Rahul,1mg,2026-01-24,17:43,2910.83,Health,Card,Bengaluru,Success
TXN02687,Kavi,Cafe Coffee Day,2026-01-10,01:26,462.61,Food,PhonePe,Madurai,Success
TXN02688,Vishnu,Zomato,2026-07-19,13:34,226.34,Food,PhonePe,Bengaluru,Success
TXN02689,Kavi,KFC,2026-03-20,23:22,683.24,Food,GPay,Tirunelveli,Success
TXN02690,Kavi,Meesho,2026-03-31,07:27,2756.43,Shopping,PhonePe,Chennai,Success
TXN02691,Keerthi,A2B,2026-09-18,18:46,817.59,Food,GPay,Chennai,Success
TXN02692,Harini,Stationery Shop,2026-09-06,14:29,2000.0,Others,Card,Coimbatore,Pending
TXN02693,Sanjay,KFC,2026-05-16,09:54,381.7,Food,PhonePe,Salem,Failed
TXN02694,Abinaya,Cafe Coffee Day,2026-01-03,18:00,509.11,Food,UPI,Madurai,Failed
TXN02695,Swetha,Dominos,2026-09-02,22:46,483.25,Food,UPI,Madurai,Success
TXN02696,Nivetha,RedBus,2026-01-24,07:14,1200.0,Transport,PhonePe,Salem,Success
TXN02697,Sanjay,Zomato,2026-02-22,22:46,296.97,Food,GPay,Chennai,Success
TXN02698,Rahul,Amazon Kindle,2026-01-25,17:19,1160.46,Education,GPay,Trichy,Failed
TXN02699,Arun,Myntra,2026-05-27,19:35,2756.99,Shopping,GPay,Coimbatore,Success
TXN02700,Keerthi,1mg,2026-03-26,13:45,948.13,Health,Card,Madurai,Success
TXN02701,Nivetha,Hotstar,2026-07-12,22:25,733.62,Entertainment,Card,Coimbatore,Failed
TXN02702,Vishnu,Rapido,2026-09-25,10:05,1200.0,Transport,Card,Coimbatore,Success
TXN02703,Meena,Zomato,2026-05-08,05:00,553.09,Food,Card,Tirunelveli,Pending
TXN02704,Arun,A2B,2026-06-08,19:26,583.39,Food,GPay,Madurai,Failed
TXN02705,Swetha,Reliance Trends,2026-04-08,03:41,6000.0,Shopping,PhonePe,Bengaluru,Success
TXN02706,Vishnu,Stationery Shop,2026-03-14,14:40,891.46,Others,PhonePe,Tirunelveli,Success
TXN02707,Arun,Meesho,2026-01-12,19:02,2166.75,Shopping,GPay,Coimbatore,Success
TXN02708,Priya,Dominos,2026-08-02,01:02,484.95,Food,GPay,Chennai,Success
TXN02709,Rahul,Cafe Coffee Day,2026-04-27,17:44,323.85,Food,PhonePe,Madurai,Success
TXN02710,Deva,Water Board,2026-05-05,17:45,2607.82,Bills,UPI,Chennai,Pending
TXN02711,Sanjay,Zomato,2026-01-02,11:45,264.31,Food,GPay,Salem,Success
TXN02712,Keerthi,TNSTC,2026-08-11,11:39,389.83,Transport,PhonePe,Tenkasi,Pending
TXN02713,Meena,Swiggy,2026-07-03,18:35,114.13,Food,PhonePe,Tirunelveli,Success
TXN02714,Priya,Miscellaneous,2026-07-15,19:33,857.26,Others,UPI,Chennai,Success
TXN02715,Anu,Dominos,2026-01-08,19:10,350.34,Food,GPay,Chennai,Success
TXN02716,Swetha,Electricity Board,2026-09-28,10:42,2254.58,Bills,PhonePe,Chennai,Success
TXN02717,Anu,Reliance Trends,2026-04-09,09:06,6000.0,Shopping,GPay,Bengaluru,Success
TXN02718,Meena,Dominos,2026-05-20,21:22,878.64,Food,UPI,Madurai,Failed
TXN02719,Vishnu,Swiggy,2026-04-25,00:02,757.86,Food,PhonePe,Madurai,Success
TXN02720,Sanjay,Swiggy,2026-07-20,13:17,186.21,Food,Card,Salem,Failed
TXN02721,Abinaya,Swiggy,2026-04-14,02:33,648.07,Food,Card,Madurai,Failed
TXN02722,Sanjay,Swiggy,2026-01-25,02:15,658.76,Food,UPI,Madurai,Success
TXN02723,Meena,Dominos,2026-05-31,21:29,600.37,Food,UPI,Madurai,Success
TXN02724,Kavi,Hotstar,2026-08-21,13:55,515.21,Entertainment,UPI,Salem,Success
TXN02725,Vishnu,Udemy,2026-08-15,21:54,2829.73,Education,PhonePe,Tenkasi,Failed
TXN02726,Sanjay,Dominos,2026-05-24,09:13,582.75,Food,UPI,Madurai,Success
TXN02727,Keerthi,Swiggy,2026-05-25,13:20,372.09,Food,Card,Coimbatore,Failed
TXN02728,Abinaya,Zomato,2026-07-26,14:03,618.76,Food,Card,Trichy,Success
TXN02729,Priya,Steam,2026-02-17,16:47,1207.44,Entertainment,UPI,Coimbatore,Success
TXN02730,Sanjay,Steam,2026-03-24,19:17,726.56,Entertainment,Card,Tirunelveli,Success
TXN02731,Keerthi,Cafe Coffee Day,2026-07-23,17:53,269.23,Food,UPI,Tenkasi,Success
TXN02732,Meena,Cafe Coffee Day,2026-04-14,15:29,185.82,Food,PhonePe,Madurai,Success
TXN02733,Kavi,Flipkart,2026-03-29,06:54,2673.85,Shopping,UPI,Bengaluru,Success
TXN02734,Keerthi,Rapido,2026-02-10,15:50,361.38,Transport,GPay,Bengaluru,Success
TXN02735,Deva,Coursera,2026-02-22,02:40,2030.43,Education,PhonePe,Salem,Pending
TXN02736,Priya,RedBus,2026-08-05,08:07,757.07,Transport,GPay,Madurai,Success
TXN02737,Sanjay,RedBus,2026-06-26,12:50,758.35,Transport,Card,Chennai,Success
TXN02738,Deva,Netflix,2026-06-01,10:28,625.95,Entertainment,GPay,Madurai,Pending
TXN02739,Arun,A2B,2026-06-15,01:37,300.72,Food,PhonePe,Madurai,Failed
TXN02740,Vishnu,Flipkart,2026-08-09,09:24,2644.08,Shopping,GPay,Chennai,Success
TXN02741,Abinaya,A2B,2026-05-09,03:28,900.0,Food,PhonePe,Madurai,Pending
TXN02742,Rahul,Local Pharmacy,2026-09-13,22:46,553.34,Health,PhonePe,Coimbatore,Success
TXN02743,Priya,Reliance Trends,2026-03-24,21:48,2438.77,Shopping,GPay,Salem,Success
TXN02744,Keerthi,Jio,2026-04-10,08:54,1113.92,Bills,PhonePe,Coimbatore,Success
TXN02745,Keerthi,Hotstar,2026-06-24,16:46,1304.76,Entertainment,PhonePe,Bengaluru,Failed
TXN02746,Rahul,HealthPlus,2026-05-05,03:55,1883.31,Health,Card,Madurai,Success
TXN02747,Priya,HealthPlus,2026-01-15,11:33,1625.21,Health,UPI,Coimbatore,Success
TXN02748,Arun,Udemy,2026-08-08,13:44,1570.5,Education,GPay,Trichy,Success
TXN02749,Rahul,Coursera,2026-09-12,08:03,1377.01,Education,GPay,Chennai,Success
TXN02750,Meena,College Fees,2026-07-06,00:04,3146.57,Education,PhonePe,Tirunelveli,Success
TXN02751,Meena,BookMyShow,2026-04-25,21:28,767.2,Entertainment,PhonePe,Madurai,Success
TXN02752,Anu,A2B,2026-07-07,00:30,293.26,Food,GPay,Tenkasi,Success
TXN02753,Meena,Rapido,2026-05-16,13:49,597.97,Transport,GPay,Bengaluru,Pending
TXN02754,Priya,Reliance Trends,2026-03-13,11:10,2684.56,Shopping,PhonePe,Trichy,Success
TXN02755,Harini,Reliance Trends,2026-05-18,08:01,5241.23,Shopping,GPay,Bengaluru,Failed
TXN02756,Arun,Dominos,2026-01-09,05:24,609.1,Food,UPI,Tenkasi,Failed
TXN02757,Keerthi,Zomato,2026-04-28,22:36,424.79,Food,UPI,Salem,Success
TXN02758,Harini,Salon,2026-05-30,22:07,1125.71,Others,UPI,Bengaluru,Failed
TXN02759,Ishaan,Airtel,2026-09-20,18:53,2570.25,Bills,UPI,Salem,Pending
TXN02760,Kavi,Cafe Coffee Day,2026-08-20,21:22,470.18,Food,UPI,Tenkasi,Success
TXN02761,Meena,RedBus,2026-08-14,03:07,285.91,Transport,GPay,Chennai,Pending
TXN02762,Keerthi,PharmEasy,2026-07-19,16:18,3000.0,Health,Card,Madurai,Success
TXN02763,Meena,Zomato,2026-08-20,09:22,900.0,Food,PhonePe,Tirunelveli,Success
TXN02764,Swetha,BookMyShow,2026-08-25,16:53,1500.0,Entertainment,GPay,Madurai,Pending
TXN02765,Meena,KFC,2026-08-12,17:15,825.35,Food,PhonePe,Coimbatore,Failed
TXN02766,Nivetha,Dominos,2026-09-22,19:41,376.47,Food,PhonePe,Salem,Success
TXN02767,Rahul,Airtel,2026-09-30,10:51,4000.0,Bills,GPay,Bengaluru,Pending
TXN02768,Meena,Steam,2026-05-02,12:35,977.44,Entertainment,PhonePe,Madurai,Pending
TXN02769,Nivetha,Swiggy,2026-07-04,13:19,841.4,Food,GPay,Madurai,Pending
TXN02770,Nivetha,TNSTC,2026-01-20,01:02,685.81,Transport,Card,Tenkasi,Failed
TXN02771,Kavi,Miscellaneous,2026-06-25,12:47,543.91,Others,PhonePe,Madurai,Pending
TXN02772,Ishaan,Rapido,2026-07-21,06:41,565.76,Transport,Card,Madurai,Success
TXN02773,Anu,Stationery Shop,2026-05-07,21:38,1576.66,Others,UPI,Tirunelveli,Success
TXN02774,Sanjay,Airtel,2026-04-24,06:38,1672.4,Bills,UPI,Coimbatore,Success
TXN02775,Keerthi,RedBus,2026-07-27,05:36,694.81,Transport,GPay,Bengaluru,Success
TXN02776,Kavi,Rapido,2026-09-30,11:31,490.38,Transport,UPI,Trichy,Success
TXN02777,Priya,College Fees,2026-03-27,19:38,1726.38,Education,UPI,Salem,Success
TXN02778,Harini,Udemy,2026-04-24,11:43,543.16,Education,PhonePe,Bengaluru,Pending
TXN02779,Arun,RedBus,2026-04-25,17:13,196.74,Transport,UPI,Tirunelveli,Success
TXN02780,Meena,Uber,2026-01-14,22:02,364.33,Transport,UPI,Trichy,Success
TXN02781,Meena,Meesho,2026-06-16,00:32,2321.98,Shopping,Card,Madurai,Failed
TXN02782,Anu,Reliance Trends,2026-04-25,00:15,5759.09,Shopping,UPI,Trichy,Success
TXN02783,Ishaan,Spotify,2026-09-20,19:41,480.31,Entertainment,GPay,Tenkasi,Pending
TXN02784,Keerthi,Apollo Pharmacy,2026-09-05,05:37,908.2,Health,Card,Tirunelveli,Failed
TXN02785,Deva,Netflix,2026-05-01,09:11,1500.0,Entertainment,UPI,Coimbatore,Failed
TXN02786,Kavi,Swiggy,2026-06-07,03:00,801.65,Food,PhonePe,Tirunelveli,Success
TXN02787,Ishaan,Myntra,2026-04-14,03:39,6000.0,Shopping,UPI,Chennai,Success
TXN02788,Nivetha,Ola,2026-09-01,17:54,868.05,Transport,PhonePe,Madurai,Success
TXN02789,Deva,Swiggy,2026-01-24,00:32,290.07,Food,Card,Tirunelveli,Success
TXN02790,Ishaan,KFC,2026-02-25,09:40,125.24,Food,PhonePe,Bengaluru,Pending
TXN02791,Abinaya,Swiggy,2026-07-16,21:00,558.19,Food,PhonePe,Tirunelveli,Success
TXN02792,Kavi,Reliance Trends,2026-01-31,20:39,6000.0,Shopping,Card,Trichy,Failed
TXN02793,Vishnu,Cafe Coffee Day,2026-05-20,12:19,318.6,Food,Card,Madurai,Success
TXN02794,Deva,Zomato,2026-03-25,04:40,626.13,Food,UPI,Salem,Success
TXN02795,Meena,Rapido,2026-01-30,11:04,358.53,Transport,Card,Tirunelveli,Success
TXN02796,Meena,Hotstar,2026-08-15,09:32,506.4,Entertainment,Card,Chennai,Failed
TXN02797,Vishnu,YouTube Premium,2026-06-22,17:24,673.67,Entertainment,Card,Madurai,Pending
TXN02798,Nivetha,A2B,2026-06-23,20:04,900.0,Food,UPI,Salem,Failed
TXN02799,Anu,Dominos,2026-05-28,06:04,485.0,Food,UPI,Tirunelveli,Pending
TXN02800,Priya,Hotstar,2026-08-08,11:20,935.09,Entertainment,GPay,Chennai,Success
TXN02801,Priya,Swiggy,2026-01-22,05:19,346.28,Food,GPay,Bengaluru,Success
TXN02802,Anu,Myntra,2026-05-02,04:28,3112.2,Shopping,PhonePe,Tenkasi,Success
TXN02803,Swetha,Apollo Pharmacy,2026-04-17,00:11,1576.67,Health,UPI,Chennai,Success
TXN02804,Anu,Rapido,2026-08-06,18:57,807.08,Transport,PhonePe,Coimbatore,Pending
TXN02805,Priya,Miscellaneous,2026-05-26,17:44,781.99,Others,UPI,Trichy,Success
TXN02806,Arun,RedBus,2026-09-13,23:33,682.45,Transport,Card,Chennai,Success
TXN02807,Harini,Zomato,2026-05-30,21:57,120.71,Food,Card,Chennai,Pending
TXN02808,Priya,Meesho,2026-09-21,05:43,1223.38,Shopping,PhonePe,Trichy,Success
TXN02809,Ishaan,Rapido,2026-04-22,05:54,619.75,Transport,GPay,Madurai,Failed
TXN02810,Swetha,Water Board,2026-02-02,04:18,1036.48,Bills,PhonePe,Tirunelveli,Success
TXN02811,Arun,Spotify,2026-06-06,21:18,1057.49,Entertainment,GPay,Madurai,Pending
TXN02812,Abinaya,Apollo Pharmacy,2026-09-24,08:21,1388.18,Health,GPay,Chennai,Success
TXN02813,Ishaan,Dominos,2026-08-26,11:46,534.11,Food,PhonePe,Coimbatore,Pending
TXN02814,Meena,Amazon,2026-09-23,02:58,5048.69,Shopping,Card,Madurai,Success
TXN02815,Rahul,Cafe Coffee Day,2026-09-03,15:50,408.0,Food,PhonePe,Madurai,Success
TXN02816,Ishaan,Myntra,2026-05-17,16:30,1266.08,Shopping,UPI,Trichy,Failed
TXN02817,Harini,Flipkart,2026-03-14,21:06,1901.64,Shopping,GPay,Madurai,Success
TXN02818,Meena,Amazon,2026-05-04,03:29,5221.47,Shopping,Card,Tirunelveli,Success
TXN02819,Abinaya,Dominos,2026-08-14,04:07,900.0,Food,PhonePe,Coimbatore,Pending
TXN02820,Rahul,Steam,2026-04-21,06:46,600.49,Entertainment,Card,Madurai,Pending
TXN02821,Swetha,Temple,2026-04-06,00:59,1006.83,Others,PhonePe,Trichy,Failed
TXN02822,Priya,Rapido,2026-07-30,05:50,228.33,Transport,PhonePe,Madurai,Pending
TXN02823,Nivetha,Uber,2026-02-08,21:51,778.73,Transport,UPI,Chennai,Pending
TXN02824,Deva,ACT Fibernet,2026-03-27,11:05,3278.42,Bills,PhonePe,Coimbatore,Success
TXN02825,Anu,Cafe Coffee Day,2026-04-15,10:55,392.91,Food,PhonePe,Trichy,Failed
TXN02826,Ishaan,RedBus,2026-08-26,16:49,924.19,Transport,GPay,Madurai,Success
TXN02827,Priya,Flipkart,2026-01-11,19:29,5156.69,Shopping,UPI,Tirunelveli,Success
TXN02828,Ishaan,Rapido,2026-03-01,06:09,496.4,Transport,Card,Salem,Failed
TXN02829,Arun,Dominos,2026-04-06,19:29,165.11,Food,Card,Tirunelveli,Success
TXN02830,Rahul,1mg,2026-05-07,22:45,774.41,Health,GPay,Madurai,Success
TXN02831,Rahul,Google Workspace,2026-02-27,07:18,3047.71,Education,Card,Trichy,Pending
TXN02832,Nivetha,TNSTC,2026-09-23,08:17,616.09,Transport,UPI,Salem,Success
TXN02833,Priya,Zomato,2026-07-06,13:33,369.54,Food,GPay,Madurai,Success
TXN02834,Swetha,Cafe Coffee Day,2026-04-07,05:54,192.2,Food,GPay,Trichy,Failed
TXN02835,Keerthi,Gift,2026-08-27,17:42,663.69,Others,Card,Madurai,Failed
TXN02836,Meena,Reliance Trends,2026-04-18,23:39,5015.6,Shopping,Card,Salem,Success
TXN02837,Nivetha,Steam,2026-09-21,12:11,1500.0,Entertainment,UPI,Trichy,Pending
TXN02838,Deva,Flipkart,2026-01-21,06:53,3222.86,Shopping,Card,Tenkasi,Success
TXN02839,Ishaan,Amazon,2026-02-11,19:32,1185.18,Shopping,PhonePe,Bengaluru,Success
TXN02840,Anu,KFC,2026-03-25,07:10,530.89,Food,GPay,Madurai,Success
TXN02841,Arun,Steam,2026-03-18,21:56,838.42,Entertainment,GPay,Salem,Success
TXN02842,Priya,Reliance Trends,2026-01-13,03:09,2435.25,Shopping,UPI,Tirunelveli,Pending
TXN02843,Deva,Local Store,2026-04-11,00:10,677.32,Others,PhonePe,Chennai,Success
TXN02844,Harini,Reliance Trends,2026-09-13,03:10,3030.33,Shopping,GPay,Bengaluru,Success
TXN02845,Kavi,Water Board,2026-03-19,05:10,2929.37,Bills,GPay,Madurai,Pending
TXN02846,Deva,Swiggy,2026-08-27,22:32,403.57,Food,Card,Madurai,Success
TXN02847,Abinaya,Flipkart,2026-02-27,13:03,2336.04,Shopping,GPay,Madurai,Success
TXN02848,Kavi,TNSTC,2026-03-03,21:04,581.23,Transport,PhonePe,Madurai,Success
TXN02849,Abinaya,Cafe Coffee Day,2026-09-28,14:56,558.33,Food,UPI,Chennai,Pending
TXN02850,Deva,Zomato,2026-05-31,19:31,504.79,Food,PhonePe,Bengaluru,Success
TXN02851,Harini,Airtel,2026-01-07,22:32,2141.79,Bills,PhonePe,Chennai,Failed
TXN02852,Rahul,Zomato,2026-02-23,05:06,324.8,Food,UPI,Tenkasi,Failed
TXN02853,Priya,PharmEasy,2026-07-22,21:20,2270.85,Health,UPI,Madurai,Success
TXN02854,Priya,Water Board,2026-06-17,04:35,3994.31,Bills,GPay,Bengaluru,Failed
TXN02855,Arun,Spotify,2026-04-10,23:54,813.92,Entertainment,PhonePe,Madurai,Success
TXN02856,Anu,A2B,2026-01-01,07:19,732.02,Food,GPay,Trichy,Pending
TXN02857,Sanjay,DMart,2026-09-12,00:34,3521.9,Shopping,UPI,Coimbatore,Success
TXN02858,Deva,Amazon,2026-05-22,06:30,1778.72,Shopping,GPay,Bengaluru,Success
TXN02859,Keerthi,Meesho,2026-07-07,13:13,4384.5,Shopping,UPI,Chennai,Failed
TXN02860,Swetha,Rapido,2026-05-13,02:33,610.82,Transport,PhonePe,Bengaluru,Success
TXN02861,Swetha,Metro,2026-01-28,14:25,928.51,Transport,PhonePe,Madurai,Success
TXN02862,Anu,Swiggy,2026-09-11,09:29,900.0,Food,Card,Tenkasi,Success
TXN02863,Priya,Uber,2026-02-13,14:43,514.29,Transport,GPay,Coimbatore,Success
TXN02864,Vishnu,Dominos,2026-03-08,04:19,280.71,Food,Card,Coimbatore,Success
TXN02865,Meena,A2B,2026-06-13,08:54,328.67,Food,GPay,Tenkasi,Success
TXN02866,Vishnu,Zomato,2026-05-27,01:06,657.5,Food,GPay,Salem,Success
TXN02867,Abinaya,Ola,2026-09-12,19:15,850.05,Transport,UPI,Madurai,Success
TXN02868,Anu,Local Pharmacy,2026-02-03,12:39,2222.34,Health,UPI,Chennai,Failed
TXN02869,Arun,Electricity Board,2026-05-26,14:30,1723.88,Bills,UPI,Tenkasi,Success
TXN02870,Deva,Udemy,2026-05-09,15:45,2777.92,Education,GPay,Madurai,Success
TXN02871,Abinaya,Electricity Board,2026-09-21,04:11,2121.87,Bills,GPay,Madurai,Success
TXN02872,Deva,Swiggy,2026-04-28,03:25,900.0,Food,Card,Madurai,Failed
TXN02873,Harini,Electricity Board,2026-03-24,14:27,1624.81,Bills,GPay,Madurai,Success
TXN02874,Abinaya,KFC,2026-07-07,15:17,345.77,Food,GPay,Coimbatore,Pending
TXN02875,Priya,Coursera,2026-02-01,15:49,2038.38,Education,GPay,Coimbatore,Success
TXN02876,Deva,Jio,2026-02-22,08:24,3713.12,Bills,Card,Coimbatore,Success
TXN02877,Rahul,Amazon,2026-01-25,09:49,4769.48,Shopping,UPI,Trichy,Success
TXN02878,Meena,ACT Fibernet,2026-04-13,13:40,1086.32,Bills,Card,Bengaluru,Success
TXN02879,Kavi,Ola,2026-08-11,06:12,314.01,Transport,GPay,Trichy,Success
TXN02880,Meena,Amazon Kindle,2026-08-07,14:39,3243.62,Education,UPI,Salem,Success
TXN02881,Ishaan,Salon,2026-01-03,11:23,993.33,Others,PhonePe,Coimbatore,Success
TXN02882,Sanjay,Zomato,2026-07-26,05:20,179.04,Food,PhonePe,Tirunelveli,Failed
TXN02883,Keerthi,Meesho,2026-08-12,05:04,1617.85,Shopping,Card,Madurai,Success
TXN02884,Anu,Uber,2026-09-01,00:38,618.1,Transport,PhonePe,Coimbatore,Success
TXN02885,Abinaya,Uber,2026-08-06,03:25,1200.0,Transport,Card,Bengaluru,Success
TXN02886,Anu,A2B,2026-03-01,01:43,672.06,Food,GPay,Tenkasi,Success
TXN02887,Arun,College Fees,2026-05-10,01:16,1585.76,Education,Card,Coimbatore,Success
TXN02888,Nivetha,Swiggy,2026-02-04,19:12,900.0,Food,PhonePe,Tenkasi,Failed
TXN02889,Arun,Amazon Kindle,2026-02-03,10:48,1492.16,Education,PhonePe,Madurai,Pending
TXN02890,Abinaya,Flipkart,2026-06-02,22:04,2267.71,Shopping,GPay,Madurai,Failed
TXN02891,Vishnu,KFC,2026-09-28,16:49,900.0,Food,Card,Coimbatore,Failed
TXN02892,Deva,DMart,2026-08-13,23:23,1775.09,Shopping,PhonePe,Tenkasi,Success
TXN02893,Vishnu,Uber,2026-07-30,13:02,1200.0,Transport,UPI,Chennai,Success
TXN02894,Priya,Swiggy,2026-09-06,16:22,156.87,Food,UPI,Madurai,Success
TXN02895,Ishaan,KFC,2026-08-12,06:14,605.32,Food,PhonePe,Madurai,Success
TXN02896,Nivetha,Zomato,2026-02-28,20:50,532.36,Food,UPI,Trichy,Failed
TXN02897,Swetha,TNSTC,2026-08-09,22:32,1061.13,Transport,UPI,Madurai,Success
TXN02898,Abinaya,Stationery Shop,2026-08-24,18:27,1120.05,Others,GPay,Madurai,Failed
TXN02899,Kavi,Udemy,2026-01-15,21:31,2961.76,Education,GPay,Madurai,Success
TXN02900,Sanjay,Metro,2026-07-09,23:21,436.88,Transport,GPay,Madurai,Success
TXN02901,Swetha,Metro,2026-02-27,02:51,542.51,Transport,Card,Tenkasi,Success
TXN02902,Abinaya,TNSTC,2026-09-18,01:02,1200.0,Transport,UPI,Trichy,Pending
TXN02903,Meena,Uber,2026-03-12,05:29,781.52,Transport,UPI,Bengaluru,Success
TXN02904,Rahul,Swiggy,2026-09-20,07:57,661.02,Food,UPI,Bengaluru,Failed
TXN02905,Rahul,KFC,2026-01-06,18:24,543.42,Food,UPI,Bengaluru,Success
TXN02906,Abinaya,Flipkart,2026-01-24,14:17,2822.87,Shopping,UPI,Tirunelveli,Failed
TXN02907,Anu,Meesho,2026-04-07,12:58,1201.13,Shopping,GPay,Chennai,Success
TXN02908,Kavi,Google Workspace,2026-02-13,05:23,5000.0,Education,Card,Madurai,Success
TXN02909,Keerthi,Reliance Trends,2026-08-05,19:06,4580.0,Shopping,UPI,Coimbatore,Success
TXN02910,Priya,RedBus,2026-09-02,22:41,636.04,Transport,Card,Chennai,Failed
TXN02911,Ishaan,Jio,2026-03-02,08:49,1355.4,Bills,UPI,Madurai,Success
TXN02912,Swetha,Swiggy,2026-08-07,01:30,734.15,Food,GPay,Coimbatore,Success
TXN02913,Keerthi,Dominos,2026-09-07,09:41,295.41,Food,PhonePe,Coimbatore,Success
TXN02914,Keerthi,Metro,2026-07-13,12:05,875.62,Transport,PhonePe,Tirunelveli,Success
TXN02915,Swetha,Amazon,2026-05-30,21:50,2242.06,Shopping,Card,Bengaluru,Success
TXN02916,Keerthi,Uber,2026-05-25,20:48,739.36,Transport,Card,Tenkasi,Pending
TXN02917,Harini,Meesho,2026-08-08,00:52,6000.0,Shopping,UPI,Coimbatore,Failed
TXN02918,Rahul,A2B,2026-08-16,00:23,515.89,Food,PhonePe,Coimbatore,Success
TXN02919,Meena,Udemy,2026-03-23,12:08,3449.29,Education,Card,Chennai,Success
TXN02920,Swetha,Hotstar,2026-03-06,00:00,1500.0,Entertainment,Card,Madurai,Success
TXN02921,Arun,RedBus,2026-07-24,18:10,765.73,Transport,PhonePe,Bengaluru,Success
TXN02922,Meena,DMart,2026-03-12,08:49,1906.21,Shopping,GPay,Madurai,Success
TXN02923,Rahul,BookMyShow,2026-02-04,14:30,1159.85,Entertainment,Card,Madurai,Failed
TXN02924,Arun,Amazon,2026-02-07,07:19,2651.59,Shopping,GPay,Tirunelveli,Success
TXN02925,Arun,Swiggy,2026-03-25,06:58,900.0,Food,PhonePe,Salem,Success
TXN02926,Kavi,College Fees,2026-07-28,00:00,2171.76,Education,Card,Madurai,Pending
TXN02927,Priya,Myntra,2026-06-14,18:59,2606.8,Shopping,GPay,Bengaluru,Success
TXN02928,Kavi,RedBus,2026-07-04,09:30,814.26,Transport,GPay,Chennai,Success
TXN02929,Rahul,PharmEasy,2026-02-19,14:38,1826.12,Health,GPay,Madurai,Failed
TXN02930,Sanjay,ACT Fibernet,2026-05-29,09:20,2984.9,Bills,PhonePe,Madurai,Pending
TXN02931,Swetha,Swiggy,2026-08-29,16:31,376.99,Food,Card,Coimbatore,Success
TXN02932,Kavi,Cafe Coffee Day,2026-05-13,20:17,736.13,Food,PhonePe,Tirunelveli,Pending
TXN02933,Arun,KFC,2026-01-02,13:40,202.93,Food,GPay,Trichy,Failed
TXN02934,Vishnu,TNSTC,2026-02-10,15:06,466.25,Transport,GPay,Coimbatore,Success
TXN02935,Harini,A2B,2026-06-17,21:14,658.08,Food,GPay,Coimbatore,Success
TXN02936,Keerthi,Ola,2026-08-05,21:02,238.05,Transport,Card,Chennai,Success
TXN02937,Meena,Metro,2026-07-22,23:46,792.58,Transport,PhonePe,Tenkasi,Pending
TXN02938,Meena,Google Workspace,2026-06-09,23:30,3018.4,Education,Card,Chennai,Failed
TXN02939,Anu,Uber,2026-01-26,03:46,428.16,Transport,UPI,Chennai,Success
TXN02940,Arun,Swiggy,2026-09-02,12:19,606.12,Food,PhonePe,Madurai,Success
TXN02941,Nivetha,Ola,2026-02-28,02:24,440.91,Transport,GPay,Bengaluru,Success
TXN02942,Kavi,Dominos,2026-07-22,07:04,703.76,Food,GPay,Chennai,Success
TXN02943,Anu,Dominos,2026-09-21,19:46,573.24,Food,PhonePe,Madurai,Success
TXN02944,Anu,A2B,2026-09-06,00:15,800.46,Food,GPay,Chennai,Success
TXN02945,Abinaya,Amazon,2026-06-02,18:06,6000.0,Shopping,UPI,Coimbatore,Success
TXN02946,Ishaan,KFC,2026-07-12,23:17,577.71,Food,UPI,Madurai,Success
TXN02947,Swetha,ACT Fibernet,2026-09-12,14:00,3827.49,Bills,Card,Salem,Success
TXN02948,Anu,Swiggy,2026-01-08,10:36,257.63,Food,UPI,Tirunelveli,Success
TXN02949,Harini,Rapido,2026-06-24,18:20,860.08,Transport,Card,Salem,Success
TXN02950,Arun,Swiggy,2026-04-24,06:33,149.75,Food,UPI,Chennai,Success
TXN02951,Swetha,Google Workspace,2026-05-05,12:36,3737.12,Education,Card,Tenkasi,Success
TXN02952,Swetha,Amazon Kindle,2026-04-05,14:17,1422.05,Education,Card,Chennai,Success
TXN02953,Nivetha,Myntra,2026-06-21,20:36,4834.61,Shopping,GPay,Madurai,Success
TXN02954,Anu,RedBus,2026-08-06,05:28,1200.0,Transport,GPay,Madurai,Success
TXN02955,Kavi,Udemy,2026-08-20,14:36,3578.45,Education,UPI,Madurai,Success
TXN02956,Nivetha,College Fees,2026-03-10,10:47,997.15,Education,UPI,Tenkasi,Success
TXN02957,Kavi,RedBus,2026-04-01,09:35,497.63,Transport,GPay,Chennai,Success
TXN02958,Kavi,Jio,2026-09-22,21:49,742.72,Bills,UPI,Chennai,Failed
TXN02959,Abinaya,Local Pharmacy,2026-08-31,20:05,3000.0,Health,GPay,Madurai,Success
TXN02960,Harini,HealthPlus,2026-03-07,06:41,2098.07,Health,Card,Coimbatore,Failed
TXN02961,Priya,Swiggy,2026-01-07,09:19,715.65,Food,UPI,Coimbatore,Success
TXN02962,Priya,Electricity Board,2026-03-26,21:47,1210.1,Bills,Card,Bengaluru,Success
TXN02963,Kavi,Electricity Board,2026-01-28,06:57,1320.68,Bills,GPay,Madurai,Success
TXN02964,Ishaan,RedBus,2026-04-27,14:40,560.16,Transport,Card,Madurai,Success
TXN02965,Nivetha,A2B,2026-01-25,15:44,802.99,Food,Card,Coimbatore,Failed
TXN02966,Anu,KFC,2026-05-16,17:32,311.68,Food,PhonePe,Bengaluru,Success
TXN02967,Ishaan,Airtel,2026-06-16,08:38,4000.0,Bills,PhonePe,Madurai,Failed
TXN02968,Swetha,A2B,2026-01-17,23:04,213.34,Food,UPI,Trichy,Success
TXN02969,Ishaan,TNSTC,2026-08-28,11:33,556.98,Transport,UPI,Chennai,Success
TXN02970,Priya,Cafe Coffee Day,2026-03-13,06:36,900.0,Food,GPay,Salem,Success
TXN02971,Keerthi,1mg,2026-09-09,23:17,896.13,Health,Card,Trichy,Success
TXN02972,Nivetha,Reliance Trends,2026-08-13,13:35,2399.13,Shopping,GPay,Tirunelveli,Success
TXN02973,Deva,Stationery Shop,2026-03-28,01:02,1117.66,Others,PhonePe,Tenkasi,Success
TXN02974,Vishnu,Airtel,2026-03-28,02:29,1220.25,Bills,Card,Tirunelveli,Pending
TXN02975,Anu,TNSTC,2026-07-18,08:25,253.76,Transport,GPay,Trichy,Success
TXN02976,Ishaan,Amazon,2026-07-17,20:46,2095.48,Shopping,PhonePe,Chennai,Success
TXN02977,Anu,Ola,2026-04-28,11:17,1200.0,Transport,PhonePe,Trichy,Success
TXN02978,Keerthi,Flipkart,2026-02-23,17:34,2779.94,Shopping,GPay,Chennai,Pending
TXN02979,Nivetha,Gift,2026-09-16,09:46,583.83,Others,Card,Salem,Success
TXN02980,Keerthi,KFC,2026-03-30,09:31,274.73,Food,Card,Madurai,Success
TXN02981,Ishaan,A2B,2026-05-15,14:35,776.07,Food,UPI,Salem,Success
TXN02982,Vishnu,Apollo Pharmacy,2026-02-03,16:13,1065.99,Health,UPI,Coimbatore,Pending
TXN02983,Arun,Salon,2026-06-14,08:13,1289.41,Others,GPay,Madurai,Success
TXN02984,Arun,Metro,2026-09-20,22:33,519.89,Transport,Card,Madurai,Failed
TXN02985,Vishnu,A2B,2026-08-06,20:00,565.57,Food,Card,Coimbatore,Failed
TXN02986,Meena,KFC,2026-06-11,16:25,777.39,Food,GPay,Tirunelveli,Success
TXN02987,Nivetha,RedBus,2026-05-21,15:20,1065.78,Transport,Card,Madurai,Success
TXN02988,Priya,Metro,2026-02-15,20:25,375.26,Transport,PhonePe,Madurai,Success
TXN02989,Nivetha,Salon,2026-05-18,04:30,930.23,Others,UPI,Bengaluru,Success
TXN02990,Vishnu,Flipkart,2026-08-19,05:33,2352.47,Shopping,PhonePe,Coimbatore,Failed
TXN02991,Deva,Reliance Trends,2026-02-27,22:03,5745.19,Shopping,GPay,Madurai,Success
TXN02992,Rahul,Water Board,2026-04-18,05:53,1256.19,Bills,PhonePe,Madurai,Failed
TXN02993,Vishnu,HealthPlus,2026-04-19,05:43,1927.37,Health,GPay,Coimbatore,Pending
TXN02994,Kavi,Flipkart,2026-04-05,07:51,3738.07,Shopping,GPay,Madurai,Success
TXN02995,Keerthi,Airtel,2026-09-25,13:10,1315.15,Bills,GPay,Madurai,Pending
TXN02996,Harini,TNSTC,2026-09-18,21:33,254.43,Transport,GPay,Chennai,Success
TXN02997,Sanjay,RedBus,2026-07-17,04:09,435.27,Transport,Card,Salem,Pending
TXN02998,Meena,Amazon,2026-07-10,13:05,2617.86,Shopping,UPI,Madurai,Success
TXN02999,Ishaan,Swiggy,2026-05-29,10:53,412.76,Food,PhonePe,Madurai,Failed
TXN03000,Deva,Metro,2026-09-19,01:37,513.57,Transport,GPay,Tenkasi,Failed
TXN03001,Ishaan,TNSTC,2026-06-11,10:33,875.75,Transport,PhonePe,Chennai,Success
TXN03002,Vishnu,TNSTC,2026-02-20,01:11,957.15,Transport,UPI,Bengaluru,Pending
TXN03003,Deva,Uber,2026-07-26,06:13,1108.99,Transport,GPay,Trichy,Success
TXN03004,Anu,Swiggy,2026-07-14,14:56,316.65,Food,UPI,Tirunelveli,Success
TXN03005,Anu,Swiggy,2026-08-10,22:48,442.05,Food,GPay,Madurai,Success
TXN03006,Harini,Dominos,2026-07-21,12:39,900.0,Food,GPay,Madurai,Success
TXN03007,Vishnu,A2B,2026-04-26,09:37,431.11,Food,GPay,Madurai,Pending
TXN03008,Swetha,Amazon,2026-07-24,20:57,6000.0,Shopping,UPI,Chennai,Success
TXN03009,Ishaan,Salon,2026-09-25,20:59,760.71,Others,Card,Tirunelveli,Success
TXN03010,Anu,Swiggy,2026-08-03,18:42,632.12,Food,PhonePe,Tirunelveli,Success
TXN03011,Ishaan,Spotify,2026-07-27,05:26,1166.35,Entertainment,Card,Coimbatore,Failed
TXN03012,Arun,Dominos,2026-04-30,18:25,432.51,Food,GPay,Chennai,Failed
TXN03013,Meena,Meesho,2026-09-28,23:16,2467.77,Shopping,GPay,Coimbatore,Success
TXN03014,Sanjay,DMart,2026-01-16,12:39,1744.95,Shopping,GPay,Coimbatore,Success
TXN03015,Harini,KFC,2026-08-21,12:52,386.61,Food,Card,Madurai,Success
TXN03016,Nivetha,Uber,2026-02-14,04:31,300.91,Transport,PhonePe,Coimbatore,Success
TXN03017,Keerthi,Meesho,2026-09-25,19:42,5606.7,Shopping,UPI,Trichy,Success
TXN03018,Vishnu,KFC,2026-06-04,02:41,208.65,Food,Card,Salem,Success
TXN03019,Vishnu,HealthPlus,2026-02-07,15:44,1089.59,Health,UPI,Madurai,Success
TXN03020,Anu,PharmEasy,2026-09-07,15:35,1715.99,Health,GPay,Coimbatore,Success
TXN03021,Nivetha,Local Store,2026-06-01,13:08,1050.36,Others,PhonePe,Madurai,Success
TXN03022,Priya,RedBus,2026-03-16,09:34,393.38,Transport,GPay,Tirunelveli,Failed
TXN03023,Arun,Uber,2026-08-12,09:05,727.55,Transport,Card,Trichy,Success
TXN03024,Priya,Stationery Shop,2026-09-20,20:03,509.31,Others,Card,Madurai,Success
TXN03025,Rahul,Amazon,2026-07-07,09:05,3447.8,Shopping,UPI,Madurai,Pending
TXN03026,Kavi,Ola,2026-05-31,12:43,413.19,Transport,UPI,Tirunelveli,Pending
TXN03027,Vishnu,Electricity Board,2026-09-16,04:18,996.18,Bills,UPI,Tirunelveli,Success
TXN03028,Vishnu,Swiggy,2026-09-12,00:00,402.09,Food,PhonePe,Coimbatore,Success
TXN03029,Abinaya,Google Workspace,2026-07-24,07:29,4173.9,Education,GPay,Bengaluru,Success
TXN03030,Keerthi,Cafe Coffee Day,2026-08-24,05:51,307.68,Food,UPI,Chennai,Success
TXN03031,Vishnu,Ola,2026-09-15,05:33,895.75,Transport,Card,Madurai,Success
TXN03032,Arun,HealthPlus,2026-01-30,03:02,1495.56,Health,UPI,Chennai,Success
TXN03033,Meena,Dominos,2026-05-15,15:26,274.2,Food,PhonePe,Tenkasi,Success
TXN03034,Kavi,Flipkart,2026-07-19,18:30,2472.89,Shopping,Card,Madurai,Success
TXN03035,Abinaya,Rapido,2026-01-31,03:07,559.87,Transport,GPay,Coimbatore,Success
TXN03036,Arun,Apollo Pharmacy,2026-04-02,15:49,409.98,Health,GPay,Chennai,Failed
TXN03037,Vishnu,Coursera,2026-08-07,02:45,1155.66,Education,UPI,Tenkasi,Success
TXN03038,Keerthi,Cafe Coffee Day,2026-08-14,01:49,372.73,Food,UPI,Madurai,Success
TXN03039,Priya,KFC,2026-02-06,14:41,228.14,Food,GPay,Madurai,Success
TXN03040,Anu,KFC,2026-05-12,23:54,727.11,Food,GPay,Trichy,Success
TXN03041,Kavi,Cafe Coffee Day,2026-06-17,23:51,591.67,Food,UPI,Salem,Failed
TXN03042,Deva,Myntra,2026-09-25,15:59,3747.35,Shopping,PhonePe,Tirunelveli,Failed
TXN03043,Arun,TNSTC,2026-06-26,04:29,419.03,Transport,PhonePe,Coimbatore,Success
TXN03044,Ishaan,KFC,2026-07-31,03:00,278.11,Food,Card,Madurai,Success
TXN03045,Swetha,RedBus,2026-04-14,10:36,692.28,Transport,PhonePe,Trichy,Success
TXN03046,Kavi,RedBus,2026-05-13,11:20,937.51,Transport,GPay,Madurai,Success
TXN03047,Priya,Apollo Pharmacy,2026-04-04,02:20,3000.0,Health,Card,Chennai,Success
TXN03048,Keerthi,Dominos,2026-05-12,17:53,879.82,Food,UPI,Madurai,Success
TXN03049,Anu,Ola,2026-09-29,02:03,1200.0,Transport,PhonePe,Salem,Success
TXN03050,Vishnu,BookMyShow,2026-08-08,15:17,1391.53,Entertainment,Card,Madurai,Success
TXN03051,Arun,Ola,2026-09-15,06:39,564.94,Transport,UPI,Coimbatore,Success
TXN03052,Ishaan,KFC,2026-07-15,21:31,292.72,Food,UPI,Bengaluru,Success
TXN03053,Harini,Local Store,2026-06-21,01:48,341.75,Others,GPay,Salem,Success
TXN03054,Vishnu,College Fees,2026-01-26,13:25,2220.97,Education,UPI,Chennai,Pending
TXN03055,Rahul,Myntra,2026-07-06,13:33,5205.85,Shopping,UPI,Tenkasi,Success
TXN03056,Deva,Airtel,2026-01-18,18:27,1505.87,Bills,GPay,Coimbatore,Failed
TXN03057,Keerthi,YouTube Premium,2026-09-10,21:28,838.21,Entertainment,GPay,Tirunelveli,Success
TXN03058,Nivetha,Amazon Kindle,2026-02-21,02:50,1864.35,Education,GPay,Madurai,Success
TXN03059,Rahul,Swiggy,2026-01-10,04:51,589.85,Food,Card,Tirunelveli,Success
TXN03060,Swetha,A2B,2026-07-19,01:50,400.06,Food,Card,Madurai,Pending
TXN03061,Priya,Udemy,2026-07-09,07:58,609.76,Education,Card,Tenkasi,Pending
TXN03062,Vishnu,A2B,2026-02-12,23:17,231.12,Food,UPI,Salem,Pending
TXN03063,Abinaya,Airtel,2026-08-13,10:42,2917.68,Bills,PhonePe,Salem,Success
TXN03064,Anu,Hotstar,2026-03-22,14:15,247.65,Entertainment,GPay,Salem,Success
TXN03065,Keerthi,Steam,2026-06-22,07:19,817.78,Entertainment,UPI,Madurai,Success
TXN03066,Keerthi,Metro,2026-05-13,15:01,854.47,Transport,UPI,Madurai,Pending
TXN03067,Keerthi,Miscellaneous,2026-05-25,01:29,476.76,Others,GPay,Tenkasi,Success
TXN03068,Kavi,Dominos,2026-08-26,20:18,800.1,Food,PhonePe,Tirunelveli,Success
TXN03069,Abinaya,Water Board,2026-01-15,07:52,4000.0,Bills,UPI,Bengaluru,Pending
TXN03070,Swetha,Metro,2026-07-21,09:49,316.37,Transport,GPay,Tirunelveli,Success
TXN03071,Arun,Cafe Coffee Day,2026-01-07,06:56,333.06,Food,UPI,Madurai,Pending
TXN03072,Keerthi,Metro,2026-06-28,04:18,666.04,Transport,GPay,Coimbatore,Success
TXN03073,Keerthi,Amazon,2026-05-26,02:11,6000.0,Shopping,GPay,Madurai,Failed
TXN03074,Meena,Jio,2026-06-22,21:00,1659.13,Bills,GPay,Madurai,Success
TXN03075,Keerthi,Google Workspace,2026-05-05,12:45,3858.53,Education,UPI,Madurai,Success
TXN03076,Anu,Water Board,2026-02-06,01:08,2146.87,Bills,UPI,Madurai,Success
TXN03077,Harini,Jio,2026-01-10,13:34,1467.13,Bills,GPay,Bengaluru,Pending
TXN03078,Harini,RedBus,2026-07-18,14:59,233.85,Transport,GPay,Bengaluru,Success
TXN03079,Ishaan,Dominos,2026-09-14,09:06,304.9,Food,PhonePe,Madurai,Success
TXN03080,Sanjay,Cafe Coffee Day,2026-04-10,19:27,305.29,Food,PhonePe,Madurai,Pending
TXN03081,Ishaan,PharmEasy,2026-01-11,00:05,3000.0,Health,UPI,Coimbatore,Success
TXN03082,Rahul,Local Pharmacy,2026-06-17,00:16,2469.89,Health,PhonePe,Chennai,Success
TXN03083,Priya,Ola,2026-09-10,07:15,488.08,Transport,GPay,Tenkasi,Success
TXN03084,Anu,Dominos,2026-05-27,03:36,499.51,Food,Card,Madurai,Success
TXN03085,Meena,Electricity Board,2026-04-06,22:34,1423.44,Bills,GPay,Madurai,Pending
TXN03086,Nivetha,RedBus,2026-06-07,11:17,1200.0,Transport,PhonePe,Tirunelveli,Success
TXN03087,Kavi,Amazon,2026-01-21,21:57,2129.38,Shopping,GPay,Madurai,Failed
TXN03088,Vishnu,College Fees,2026-01-03,21:44,1675.56,Education,UPI,Tenkasi,Success
TXN03089,Meena,KFC,2026-01-08,05:10,474.99,Food,UPI,Salem,Success
TXN03090,Kavi,Jio,2026-03-11,21:02,966.25,Bills,Card,Chennai,Success
TXN03091,Ishaan,Swiggy,2026-06-21,19:12,416.52,Food,UPI,Salem,Success
TXN03092,Swetha,Google Workspace,2026-04-06,02:59,1806.29,Education,Card,Bengaluru,Success
TXN03093,Arun,Flipkart,2026-03-27,13:29,3963.35,Shopping,Card,Trichy,Success
TXN03094,Deva,Amazon,2026-04-02,00:17,6000.0,Shopping,PhonePe,Bengaluru,Success
TXN03095,Priya,Cafe Coffee Day,2026-04-06,02:39,462.68,Food,UPI,Chennai,Failed
TXN03096,Rahul,A2B,2026-03-06,00:02,501.7,Food,GPay,Bengaluru,Pending
TXN03097,Kavi,BookMyShow,2026-04-26,18:47,1141.41,Entertainment,UPI,Madurai,Success
TXN03098,Priya,Amazon,2026-03-29,02:18,1256.04,Shopping,PhonePe,Madurai,Success
TXN03099,Keerthi,Rapido,2026-09-08,00:08,464.54,Transport,GPay,Salem,Failed
TXN03100,Anu,Metro,2026-02-27,17:10,918.61,Transport,Card,Coimbatore,Success
TXN03101,Deva,Meesho,2026-02-11,20:05,5712.98,Shopping,UPI,Coimbatore,Failed
TXN03102,Arun,Rapido,2026-02-18,13:01,878.79,Transport,Card,Trichy,Success
TXN03103,Meena,Hotstar,2026-05-02,16:20,1500.0,Entertainment,GPay,Madurai,Success
TXN03104,Swetha,KFC,2026-07-12,20:46,312.95,Food,PhonePe,Tirunelveli,Success
TXN03105,Meena,Zomato,2026-09-18,09:25,839.55,Food,Card,Salem,Success
TXN03106,Keerthi,Myntra,2026-02-19,17:32,3014.68,Shopping,GPay,Chennai,Pending
TXN03107,Priya,1mg,2026-01-01,01:50,559.96,Health,Card,Trichy,Success
TXN03108,Meena,Zomato,2026-03-07,21:20,84.47,Food,UPI,Madurai,Failed
TXN03109,Priya,Udemy,2026-05-10,03:01,3205.51,Education,PhonePe,Tenkasi,Success
TXN03110,Ishaan,PharmEasy,2026-04-19,04:29,1340.57,Health,UPI,Coimbatore,Pending
TXN03111,Vishnu,Miscellaneous,2026-08-04,12:17,2000.0,Others,GPay,Coimbatore,Success
TXN03112,Arun,Google Workspace,2026-03-06,21:24,2923.1,Education,GPay,Trichy,Pending
TXN03113,Abinaya,Cafe Coffee Day,2026-05-22,23:45,371.28,Food,PhonePe,Madurai,Success
TXN03114,Deva,Flipkart,2026-08-13,16:59,3236.25,Shopping,PhonePe,Salem,Pending
TXN03115,Vishnu,A2B,2026-07-10,06:37,361.37,Food,GPay,Bengaluru,Success
TXN03116,Keerthi,Uber,2026-02-17,14:15,331.66,Transport,PhonePe,Tirunelveli,Failed
TXN03117,Keerthi,Myntra,2026-04-11,00:05,3086.8,Shopping,UPI,Madurai,Success
TXN03118,Vishnu,Cafe Coffee Day,2026-08-22,15:41,302.23,Food,PhonePe,Madurai,Success
TXN03119,Harini,Myntra,2026-04-25,04:30,4881.74,Shopping,GPay,Salem,Failed
TXN03120,Sanjay,Coursera,2026-02-15,14:11,5000.0,Education,PhonePe,Madurai,Failed
TXN03121,Keerthi,Metro,2026-06-02,12:54,498.49,Transport,GPay,Tirunelveli,Success
TXN03122,Abinaya,Reliance Trends,2026-09-29,07:26,6000.0,Shopping,PhonePe,Salem,Failed
TXN03123,Swetha,Netflix,2026-05-22,02:16,346.49,Entertainment,PhonePe,Madurai,Pending
TXN03124,Harini,KFC,2026-02-11,06:55,791.7,Food,PhonePe,Chennai,Failed
TXN03125,Harini,Swiggy,2026-07-27,19:01,531.74,Food,GPay,Coimbatore,Success
TXN03126,Vishnu,A2B,2026-01-21,13:04,619.38,Food,Card,Chennai,Success
TXN03127,Nivetha,Ola,2026-09-20,13:26,1164.23,Transport,PhonePe,Chennai,Success
TXN03128,Anu,A2B,2026-06-03,22:23,560.38,Food,UPI,Madurai,Success
TXN03129,Rahul,Swiggy,2026-06-06,20:38,212.46,Food,Card,Bengaluru,Success
TXN03130,Nivetha,Zomato,2026-01-05,10:19,685.75,Food,Card,Madurai,Success
TXN03131,Arun,Cafe Coffee Day,2026-03-08,05:45,614.08,Food,Card,Chennai,Success
TXN03132,Priya,TNSTC,2026-06-01,05:00,514.25,Transport,GPay,Chennai,Success
TXN03133,Deva,YouTube Premium,2026-06-25,22:20,728.54,Entertainment,PhonePe,Tirunelveli,Pending
TXN03134,Nivetha,KFC,2026-09-21,17:31,717.3,Food,PhonePe,Chennai,Success
TXN03135,Keerthi,DMart,2026-02-20,21:15,3402.11,Shopping,Card,Bengaluru,Failed
TXN03136,Priya,Meesho,2026-02-13,22:27,2448.29,Shopping,UPI,Tenkasi,Pending
TXN03137,Arun,HealthPlus,2026-04-13,19:06,1622.16,Health,UPI,Trichy,Success
TXN03138,Swetha,ACT Fibernet,2026-05-25,15:43,1165.82,Bills,PhonePe,Madurai,Pending
TXN03139,Keerthi,Ola,2026-09-30,08:03,401.23,Transport,GPay,Chennai,Success
TXN03140,Deva,Zomato,2026-05-04,02:38,461.66,Food,PhonePe,Madurai,Success
TXN03141,Nivetha,Uber,2026-01-15,12:45,586.96,Transport,Card,Tirunelveli,Success
TXN03142,Ishaan,Metro,2026-07-19,23:32,676.69,Transport,Card,Chennai,Pending
TXN03143,Sanjay,Hotstar,2026-07-25,20:01,777.74,Entertainment,UPI,Madurai,Success
TXN03144,Nivetha,Amazon Kindle,2026-07-04,08:11,1294.74,Education,UPI,Tirunelveli,Success
TXN03145,Anu,Electricity Board,2026-07-17,20:17,4000.0,Bills,UPI,Coimbatore,Success
TXN03146,Harini,KFC,2026-04-17,09:34,866.21,Food,GPay,Bengaluru,Success
TXN03147,Kavi,Stationery Shop,2026-01-12,18:16,1231.41,Others,UPI,Madurai,Success
TXN03148,Keerthi,Cafe Coffee Day,2026-06-06,17:20,362.92,Food,UPI,Madurai,Failed
TXN03149,Vishnu,Apollo Pharmacy,2026-03-15,11:01,2601.66,Health,Card,Chennai,Failed
TXN03150,Arun,A2B,2026-04-04,03:51,740.38,Food,UPI,Chennai,Success
TXN03151,Abinaya,Ola,2026-05-03,12:33,1200.0,Transport,UPI,Chennai,Success
TXN03152,Arun,Cafe Coffee Day,2026-07-17,04:10,647.27,Food,UPI,Bengaluru,Success
TXN03153,Abinaya,Local Store,2026-04-11,08:27,851.44,Others,UPI,Bengaluru,Pending
TXN03154,Harini,Airtel,2026-06-08,07:17,2796.98,Bills,UPI,Tirunelveli,Success
TXN03155,Swetha,DMart,2026-08-23,07:42,1063.88,Shopping,Card,Madurai,Success
TXN03156,Keerthi,Amazon,2026-03-04,16:55,2471.56,Shopping,GPay,Trichy,Success
TXN03157,Vishnu,Hotstar,2026-03-03,02:42,1500.0,Entertainment,PhonePe,Chennai,Success
TXN03158,Nivetha,YouTube Premium,2026-05-24,10:51,408.3,Entertainment,GPay,Coimbatore,Failed
TXN03159,Deva,Spotify,2026-04-01,14:46,317.04,Entertainment,UPI,Chennai,Pending
TXN03160,Swetha,KFC,2026-09-13,01:39,399.5,Food,UPI,Chennai,Pending
TXN03161,Rahul,Amazon,2026-01-13,23:36,2643.95,Shopping,PhonePe,Madurai,Pending
TXN03162,Harini,Google Workspace,2026-08-16,15:47,4162.44,Education,PhonePe,Tirunelveli,Success
TXN03163,Priya,Dominos,2026-06-15,13:52,539.09,Food,Card,Coimbatore,Pending
TXN03164,Deva,Udemy,2026-02-01,22:02,2557.86,Education,GPay,Chennai,Success
TXN03165,Keerthi,Swiggy,2026-08-13,18:19,196.34,Food,UPI,Tirunelveli,Success
TXN03166,Abinaya,Uber,2026-09-23,22:28,617.91,Transport,UPI,Bengaluru,Success
TXN03167,Abinaya,Coursera,2026-04-02,04:22,1726.03,Education,PhonePe,Madurai,Success
TXN03168,Ishaan,Apollo Pharmacy,2026-04-10,04:05,2295.19,Health,Card,Madurai,Pending
TXN03169,Abinaya,Meesho,2026-03-05,07:25,3140.8,Shopping,PhonePe,Tenkasi,Failed
TXN03170,Meena,Meesho,2026-03-26,01:11,826.75,Shopping,GPay,Tirunelveli,Success
TXN03171,Kavi,Flipkart,2026-03-20,17:41,6000.0,Shopping,UPI,Madurai,Success
TXN03172,Priya,Dominos,2026-04-06,19:38,67.11,Food,GPay,Salem,Failed
TXN03173,Swetha,Electricity Board,2026-07-11,21:00,1142.97,Bills,PhonePe,Madurai,Pending
TXN03174,Vishnu,Amazon Kindle,2026-03-17,05:46,2754.82,Education,PhonePe,Salem,Success
TXN03175,Sanjay,1mg,2026-04-08,17:49,1418.87,Health,Card,Trichy,Success
TXN03176,Arun,KFC,2026-08-31,23:35,621.72,Food,UPI,Madurai,Success
TXN03177,Vishnu,DMart,2026-04-26,04:24,2239.32,Shopping,PhonePe,Salem,Success
TXN03178,Harini,Ola,2026-08-29,13:33,409.83,Transport,UPI,Chennai,Success
TXN03179,Keerthi,Uber,2026-09-19,06:23,547.59,Transport,Card,Madurai,Success
TXN03180,Arun,Dominos,2026-03-23,06:49,900.0,Food,GPay,Coimbatore,Failed
TXN03181,Abinaya,Dominos,2026-03-21,13:31,245.43,Food,Card,Madurai,Success
TXN03182,Anu,Amazon,2026-04-04,03:03,3127.08,Shopping,PhonePe,Tenkasi,Failed
TXN03183,Sanjay,Meesho,2026-05-15,18:13,3597.63,Shopping,Card,Tirunelveli,Pending
TXN03184,Swetha,PharmEasy,2026-08-15,08:57,1663.26,Health,PhonePe,Chennai,Success
TXN03185,Priya,Stationery Shop,2026-03-20,04:50,752.75,Others,PhonePe,Madurai,Pending
TXN03186,Keerthi,Ola,2026-02-24,20:44,499.95,Transport,GPay,Trichy,Pending
TXN03187,Ishaan,PharmEasy,2026-03-20,22:41,1408.5,Health,UPI,Bengaluru,Failed
TXN03188,Sanjay,Metro,2026-07-01,13:49,606.49,Transport,PhonePe,Salem,Pending
TXN03189,Harini,Swiggy,2026-07-10,22:23,154.79,Food,UPI,Madurai,Success
TXN03190,Keerthi,Uber,2026-02-04,22:06,831.71,Transport,Card,Chennai,Success
TXN03191,Meena,Amazon,2026-09-09,09:24,3776.94,Shopping,Card,Madurai,Pending
TXN03192,Vishnu,Uber,2026-06-11,07:49,982.39,Transport,Card,Madurai,Pending
TXN03193,Ishaan,Water Board,2026-01-07,22:31,769.62,Bills,UPI,Tirunelveli,Success
TXN03194,Deva,Swiggy,2026-01-30,17:21,544.41,Food,PhonePe,Tirunelveli,Success
TXN03195,Sanjay,YouTube Premium,2026-07-07,13:10,742.9,Entertainment,Card,Chennai,Pending
TXN03196,Anu,Jio,2026-07-05,10:52,2245.63,Bills,Card,Trichy,Success
TXN03197,Arun,ACT Fibernet,2026-02-04,12:34,1840.86,Bills,PhonePe,Madurai,Pending
TXN03198,Harini,Apollo Pharmacy,2026-02-09,19:19,1902.44,Health,UPI,Bengaluru,Success
TXN03199,Anu,Metro,2026-02-16,19:40,435.51,Transport,UPI,Chennai,Success
TXN03200,Harini,Cafe Coffee Day,2026-06-14,15:23,489.27,Food,PhonePe,Coimbatore,Failed
TXN03201,Rahul,Hotstar,2026-09-02,00:01,327.32,Entertainment,PhonePe,Chennai,Success
TXN03202,Abinaya,Zomato,2026-01-08,02:25,383.48,Food,Card,Madurai,Success
TXN03203,Vishnu,Hotstar,2026-02-15,05:06,670.44,Entertainment,GPay,Tenkasi,Success
TXN03204,Kavi,Rapido,2026-08-09,21:10,163.83,Transport,PhonePe,Bengaluru,Pending
TXN03205,Rahul,TNSTC,2026-01-19,19:19,650.4,Transport,Card,Coimbatore,Success
TXN03206,Rahul,KFC,2026-09-09,16:30,564.59,Food,PhonePe,Madurai,Success
TXN03207,Kavi,Ola,2026-08-13,22:15,499.25,Transport,PhonePe,Tirunelveli,Success
TXN03208,Sanjay,Dominos,2026-09-29,18:15,696.84,Food,Card,Tirunelveli,Success
TXN03209,Rahul,Google Workspace,2026-05-02,21:45,5000.0,Education,Card,Tenkasi,Success
TXN03210,Sanjay,Zomato,2026-03-01,20:34,900.0,Food,UPI,Trichy,Success
TXN03211,Sanjay,Swiggy,2026-04-07,01:03,236.88,Food,UPI,Tirunelveli,Success
TXN03212,Sanjay,Reliance Trends,2026-04-30,04:15,4098.76,Shopping,UPI,Trichy,Success
TXN03213,Abinaya,Flipkart,2026-01-13,11:54,3276.57,Shopping,GPay,Madurai,Success
TXN03214,Swetha,Electricity Board,2026-08-22,09:41,2012.36,Bills,UPI,Chennai,Failed
TXN03215,Abinaya,BookMyShow,2026-08-04,19:09,403.17,Entertainment,GPay,Trichy,Success
TXN03216,Harini,Temple,2026-07-25,10:09,1000.32,Others,Card,Chennai,Success
TXN03217,Rahul,KFC,2026-08-03,06:52,134.9,Food,UPI,Coimbatore,Success
TXN03218,Keerthi,BookMyShow,2026-06-19,01:07,712.56,Entertainment,GPay,Chennai,Success
TXN03219,Harini,Swiggy,2026-04-23,16:03,189.0,Food,UPI,Madurai,Pending
TXN03220,Abinaya,Airtel,2026-08-07,21:02,1565.47,Bills,Card,Coimbatore,Success
TXN03221,Rahul,Zomato,2026-07-03,04:41,799.78,Food,GPay,Chennai,Pending
TXN03222,Nivetha,KFC,2026-01-26,23:42,324.0,Food,UPI,Chennai,Success
TXN03223,Arun,Local Store,2026-07-08,11:56,356.0,Others,GPay,Chennai,Success
TXN03224,Priya,Uber,2026-04-16,14:33,708.58,Transport,Card,Coimbatore,Success
TXN03225,Deva,A2B,2026-05-29,17:54,314.6,Food,UPI,Bengaluru,Failed
TXN03226,Vishnu,Salon,2026-07-21,11:54,2000.0,Others,UPI,Coimbatore,Failed
TXN03227,Harini,A2B,2026-06-19,08:56,199.5,Food,PhonePe,Tenkasi,Success
TXN03228,Nivetha,YouTube Premium,2026-06-06,20:53,1500.0,Entertainment,UPI,Madurai,Success
TXN03229,Harini,Swiggy,2026-05-05,08:49,342.61,Food,PhonePe,Coimbatore,Failed
TXN03230,Arun,Amazon Kindle,2026-05-19,13:59,1834.37,Education,PhonePe,Chennai,Failed
TXN03231,Abinaya,A2B,2026-04-25,01:37,216.33,Food,PhonePe,Coimbatore,Success
TXN03232,Anu,Water Board,2026-09-02,07:27,2535.07,Bills,PhonePe,Coimbatore,Failed
TXN03233,Sanjay,Salon,2026-05-08,05:22,305.26,Others,UPI,Tirunelveli,Success
TXN03234,Abinaya,Swiggy,2026-02-01,23:35,546.3,Food,Card,Bengaluru,Success
TXN03235,Kavi,Zomato,2026-06-17,10:17,749.77,Food,GPay,Salem,Success
TXN03236,Anu,Reliance Trends,2026-06-22,16:07,1525.5,Shopping,Card,Madurai,Success
TXN03237,Priya,Salon,2026-05-06,00:20,2000.0,Others,PhonePe,Salem,Success
TXN03238,Ishaan,Amazon,2026-07-15,02:11,1921.18,Shopping,Card,Madurai,Success
TXN03239,Nivetha,Flipkart,2026-03-14,12:08,2565.31,Shopping,GPay,Tenkasi,Success
TXN03240,Priya,Uber,2026-08-25,11:22,241.63,Transport,PhonePe,Tirunelveli,Pending
TXN03241,Vishnu,BookMyShow,2026-06-19,19:52,727.46,Entertainment,Card,Chennai,Success
TXN03242,Sanjay,A2B,2026-08-09,02:41,599.75,Food,Card,Tenkasi,Success
TXN03243,Arun,Reliance Trends,2026-07-04,18:51,1540.56,Shopping,GPay,Madurai,Success
TXN03244,Deva,Amazon Kindle,2026-07-18,07:33,2825.07,Education,UPI,Madurai,Success
TXN03245,Kavi,Gift,2026-04-15,10:07,1250.13,Others,UPI,Madurai,Success
TXN03246,Deva,Ola,2026-03-11,01:08,901.52,Transport,PhonePe,Tirunelveli,Pending
TXN03247,Deva,Flipkart,2026-05-16,13:52,2962.58,Shopping,UPI,Chennai,Success
TXN03248,Sanjay,Ola,2026-08-19,19:46,1184.5,Transport,UPI,Madurai,Success
TXN03249,Meena,Meesho,2026-01-15,01:06,1511.7,Shopping,Card,Trichy,Failed
TXN03250,Swetha,HealthPlus,2026-03-14,19:25,1845.03,Health,UPI,Salem,Pending
TXN03251,Harini,YouTube Premium,2026-02-15,22:04,520.31,Entertainment,GPay,Trichy,Success
TXN03252,Rahul,DMart,2026-08-27,08:59,3547.49,Shopping,UPI,Chennai,Success
TXN03253,Abinaya,Zomato,2026-03-21,07:47,483.96,Food,UPI,Chennai,Success
TXN03254,Swetha,RedBus,2026-03-25,05:31,391.56,Transport,UPI,Tirunelveli,Success
TXN03255,Arun,Reliance Trends,2026-06-23,06:11,2844.57,Shopping,Card,Bengaluru,Success
TXN03256,Swetha,Dominos,2026-04-13,04:33,295.64,Food,PhonePe,Chennai,Success
TXN03257,Priya,Salon,2026-03-11,00:33,2000.0,Others,PhonePe,Tenkasi,Success
TXN03258,Anu,Ola,2026-04-15,00:20,854.69,Transport,GPay,Chennai,Success
TXN03259,Abinaya,Zomato,2026-08-28,15:03,900.0,Food,UPI,Madurai,Success
TXN03260,Nivetha,Swiggy,2026-07-06,00:21,279.3,Food,Card,Trichy,Success
TXN03261,Vishnu,Electricity Board,2026-06-27,10:45,786.25,Bills,Card,Chennai,Failed
TXN03262,Keerthi,Zomato,2026-07-09,07:11,551.58,Food,PhonePe,Trichy,Success
TXN03263,Kavi,Swiggy,2026-05-13,16:38,558.49,Food,PhonePe,Bengaluru,Success
TXN03264,Deva,Zomato,2026-03-09,01:35,677.94,Food,UPI,Madurai,Pending
TXN03265,Meena,Zomato,2026-01-09,03:06,680.4,Food,GPay,Madurai,Failed
TXN03266,Nivetha,TNSTC,2026-03-09,09:59,1200.0,Transport,PhonePe,Madurai,Pending
TXN03267,Keerthi,Uber,2026-07-31,08:50,885.22,Transport,Card,Chennai,Pending
TXN03268,Keerthi,Miscellaneous,2026-09-11,10:57,552.55,Others,GPay,Coimbatore,Success
TXN03269,Harini,A2B,2026-01-26,13:11,210.95,Food,PhonePe,Madurai,Success
TXN03270,Sanjay,Rapido,2026-08-29,21:28,1200.0,Transport,Card,Coimbatore,Success
TXN03271,Anu,Zomato,2026-03-21,10:48,454.9,Food,GPay,Coimbatore,Success
TXN03272,Abinaya,Reliance Trends,2026-07-21,18:13,6000.0,Shopping,UPI,Tirunelveli,Success
TXN03273,Nivetha,Rapido,2026-09-06,08:30,376.88,Transport,PhonePe,Madurai,Success
TXN03274,Deva,Steam,2026-02-21,04:26,1129.1,Entertainment,GPay,Chennai,Success
TXN03275,Kavi,Uber,2026-08-23,17:31,374.69,Transport,GPay,Bengaluru,Failed
TXN03276,Deva,Uber,2026-01-26,22:51,158.78,Transport,Card,Trichy,Pending
TXN03277,Rahul,Swiggy,2026-01-19,21:28,852.38,Food,Card,Salem,Success
TXN03278,Arun,Spotify,2026-05-09,23:42,400.16,Entertainment,GPay,Madurai,Failed
TXN03279,Priya,A2B,2026-02-22,05:53,220.6,Food,GPay,Coimbatore,Success
TXN03280,Priya,Zomato,2026-05-11,08:31,425.94,Food,Card,Salem,Pending
TXN03281,Meena,Zomato,2026-07-04,09:52,430.73,Food,PhonePe,Chennai,Success
TXN03282,Priya,Zomato,2026-06-14,23:23,529.75,Food,PhonePe,Madurai,Success
TXN03283,Arun,A2B,2026-04-10,00:03,565.06,Food,Card,Salem,Success
TXN03284,Meena,Cafe Coffee Day,2026-05-31,10:18,287.13,Food,PhonePe,Tirunelveli,Success
TXN03285,Keerthi,Dominos,2026-09-15,17:42,222.46,Food,GPay,Salem,Success
TXN03286,Meena,BookMyShow,2026-05-19,15:51,1500.0,Entertainment,UPI,Coimbatore,Success
TXN03287,Swetha,Amazon,2026-07-13,17:19,4732.66,Shopping,UPI,Madurai,Failed
TXN03288,Anu,Cafe Coffee Day,2026-08-18,16:57,233.98,Food,UPI,Madurai,Success
TXN03289,Arun,Myntra,2026-08-07,21:39,1239.76,Shopping,PhonePe,Trichy,Success
TXN03290,Deva,DMart,2026-04-30,09:08,2404.51,Shopping,UPI,Madurai,Success
TXN03291,Rahul,Airtel,2026-03-29,05:27,965.58,Bills,Card,Bengaluru,Success
TXN03292,Arun,A2B,2026-07-24,11:55,360.48,Food,Card,Madurai,Success
TXN03293,Kavi,RedBus,2026-07-08,19:32,910.38,Transport,PhonePe,Madurai,Success
TXN03294,Keerthi,Metro,2026-02-06,11:00,542.3,Transport,UPI,Madurai,Success
TXN03295,Deva,TNSTC,2026-07-25,07:56,1126.63,Transport,UPI,Madurai,Success
TXN03296,Deva,BookMyShow,2026-07-29,05:52,648.42,Entertainment,PhonePe,Chennai,Pending
TXN03297,Nivetha,Reliance Trends,2026-08-09,12:52,5395.96,Shopping,PhonePe,Madurai,Success
TXN03298,Anu,Swiggy,2026-06-23,03:18,350.49,Food,GPay,Tenkasi,Pending
TXN03299,Deva,Airtel,2026-01-21,01:29,525.26,Bills,PhonePe,Trichy,Pending
TXN03300,Arun,Myntra,2026-03-22,02:11,3652.65,Shopping,PhonePe,Coimbatore,Pending
TXN03301,Kavi,Steam,2026-03-30,02:36,267.63,Entertainment,PhonePe,Madurai,Success
TXN03302,Nivetha,A2B,2026-07-10,18:22,324.26,Food,GPay,Madurai,Pending
TXN03303,Vishnu,Ola,2026-09-13,13:42,150.12,Transport,Card,Chennai,Failed
TXN03304,Keerthi,YouTube Premium,2026-06-17,08:56,757.61,Entertainment,GPay,Madurai,Failed
TXN03305,Meena,RedBus,2026-03-10,22:59,650.14,Transport,UPI,Madurai,Success
TXN03306,Abinaya,Coursera,2026-09-15,16:59,3333.82,Education,PhonePe,Tirunelveli,Failed
TXN03307,Sanjay,Dominos,2026-09-24,11:10,189.42,Food,PhonePe,Madurai,Success
TXN03308,Harini,DMart,2026-06-09,04:03,1735.36,Shopping,UPI,Tenkasi,Success
TXN03309,Harini,Water Board,2026-04-03,03:48,1666.59,Bills,PhonePe,Trichy,Success
TXN03310,Priya,Hotstar,2026-04-02,02:33,1044.59,Entertainment,Card,Trichy,Success
TXN03311,Priya,Flipkart,2026-05-26,05:34,3363.53,Shopping,GPay,Madurai,Success
TXN03312,Ishaan,Salon,2026-09-06,17:26,565.81,Others,GPay,Coimbatore,Success
TXN03313,Swetha,RedBus,2026-08-30,20:59,1063.41,Transport,GPay,Salem,Success
TXN03314,Priya,Local Pharmacy,2026-05-23,19:38,633.51,Health,Card,Tirunelveli,Failed
TXN03315,Kavi,Water Board,2026-01-11,01:56,2385.72,Bills,PhonePe,Tenkasi,Success
TXN03316,Keerthi,Airtel,2026-03-28,00:04,1266.77,Bills,Card,Chennai,Success
TXN03317,Abinaya,Swiggy,2026-03-24,18:24,708.51,Food,PhonePe,Chennai,Pending
TXN03318,Deva,A2B,2026-01-02,10:58,323.68,Food,PhonePe,Coimbatore,Success
TXN03319,Abinaya,Metro,2026-05-06,18:04,1200.0,Transport,PhonePe,Chennai,Success
TXN03320,Meena,Spotify,2026-03-24,14:15,931.77,Entertainment,UPI,Trichy,Failed
TXN03321,Priya,RedBus,2026-08-19,13:35,1200.0,Transport,GPay,Tenkasi,Success
TXN03322,Nivetha,Reliance Trends,2026-05-05,07:45,6000.0,Shopping,Card,Chennai,Success
TXN03323,Vishnu,Spotify,2026-07-17,22:58,659.56,Entertainment,PhonePe,Coimbatore,Failed
TXN03324,Deva,Zomato,2026-02-12,17:15,420.44,Food,Card,Tirunelveli,Pending
TXN03325,Sanjay,A2B,2026-07-23,15:31,900.0,Food,Card,Madurai,Success
TXN03326,Deva,Netflix,2026-01-01,02:32,799.82,Entertainment,UPI,Chennai,Success
TXN03327,Priya,Udemy,2026-04-26,20:46,1407.18,Education,PhonePe,Tenkasi,Success
TXN03328,Kavi,Ola,2026-04-06,15:44,239.17,Transport,PhonePe,Tenkasi,Success
TXN03329,Arun,Cafe Coffee Day,2026-09-02,11:06,506.04,Food,GPay,Trichy,Failed
TXN03330,Swetha,Miscellaneous,2026-09-04,16:49,710.58,Others,GPay,Trichy,Success
TXN03331,Kavi,Dominos,2026-07-09,19:51,691.88,Food,Card,Tenkasi,Pending
TXN03332,Abinaya,Spotify,2026-05-17,08:26,598.1,Entertainment,GPay,Tenkasi,Pending
TXN03333,Arun,Gift,2026-03-01,15:43,2000.0,Others,Card,Madurai,Success
TXN03334,Nivetha,RedBus,2026-05-07,18:28,359.69,Transport,Card,Madurai,Failed
TXN03335,Ishaan,Steam,2026-01-09,05:08,382.59,Entertainment,Card,Chennai,Success
TXN03336,Harini,DMart,2026-07-16,05:49,2729.18,Shopping,Card,Chennai,Failed
TXN03337,Vishnu,Reliance Trends,2026-06-15,15:17,4284.21,Shopping,GPay,Chennai,Success
TXN03338,Ishaan,Spotify,2026-06-16,07:37,1238.11,Entertainment,PhonePe,Tenkasi,Success
TXN03339,Ishaan,KFC,2026-06-02,04:39,470.65,Food,GPay,Tenkasi,Success
TXN03340,Vishnu,HealthPlus,2026-09-01,04:52,3000.0,Health,Card,Tenkasi,Success
TXN03341,Harini,HealthPlus,2026-08-13,19:35,1450.64,Health,UPI,Chennai,Success
TXN03342,Harini,Reliance Trends,2026-08-23,10:28,2497.41,Shopping,GPay,Coimbatore,Failed
TXN03343,Sanjay,Cafe Coffee Day,2026-05-26,13:50,552.17,Food,UPI,Coimbatore,Pending
TXN03344,Kavi,YouTube Premium,2026-09-16,10:19,412.86,Entertainment,PhonePe,Bengaluru,Failed
TXN03345,Harini,Apollo Pharmacy,2026-09-23,21:30,2689.02,Health,UPI,Chennai,Success
TXN03346,Deva,Rapido,2026-05-30,19:56,1198.02,Transport,GPay,Chennai,Success
TXN03347,Abinaya,KFC,2026-03-27,22:37,495.01,Food,UPI,Madurai,Success
TXN03348,Meena,Steam,2026-03-29,04:02,452.14,Entertainment,GPay,Tirunelveli,Success
TXN03349,Priya,Uber,2026-07-23,13:39,673.6,Transport,Card,Chennai,Success
TXN03350,Meena,A2B,2026-04-02,09:14,900.0,Food,GPay,Tenkasi,Success
TXN03351,Vishnu,KFC,2026-01-01,18:59,618.29,Food,GPay,Madurai,Success
TXN03352,Arun,HealthPlus,2026-09-05,10:24,2331.09,Health,GPay,Coimbatore,Success
TXN03353,Vishnu,Cafe Coffee Day,2026-08-31,08:56,787.63,Food,PhonePe,Coimbatore,Failed
TXN03354,Kavi,Cafe Coffee Day,2026-01-08,05:05,239.85,Food,Card,Coimbatore,Success
TXN03355,Swetha,Meesho,2026-01-01,07:15,2629.0,Shopping,GPay,Chennai,Success
TXN03356,Sanjay,Netflix,2026-07-26,03:28,1136.92,Entertainment,Card,Chennai,Pending
TXN03357,Keerthi,KFC,2026-04-15,00:35,206.16,Food,UPI,Salem,Pending
TXN03358,Harini,A2B,2026-04-09,14:57,881.44,Food,UPI,Madurai,Failed
TXN03359,Sanjay,RedBus,2026-08-18,19:26,279.27,Transport,UPI,Salem,Success
TXN03360,Meena,Uber,2026-03-02,18:07,447.19,Transport,GPay,Tirunelveli,Pending
TXN03361,Priya,TNSTC,2026-02-27,21:32,1125.9,Transport,GPay,Chennai,Success
TXN03362,Harini,Flipkart,2026-04-29,09:15,2771.85,Shopping,GPay,Chennai,Success
TXN03363,Ishaan,A2B,2026-01-23,13:25,507.03,Food,UPI,Bengaluru,Success
TXN03364,Ishaan,BookMyShow,2026-07-25,12:46,1500.0,Entertainment,Card,Tenkasi,Failed
TXN03365,Ishaan,Airtel,2026-03-06,03:59,3413.53,Bills,Card,Bengaluru,Success
TXN03366,Keerthi,Amazon Kindle,2026-03-12,10:45,2391.55,Education,Card,Chennai,Success
TXN03367,Swetha,Meesho,2026-01-05,11:19,1250.74,Shopping,PhonePe,Madurai,Success
TXN03368,Deva,Stationery Shop,2026-01-16,08:49,1728.51,Others,UPI,Bengaluru,Success
TXN03369,Ishaan,BookMyShow,2026-05-28,23:22,752.24,Entertainment,Card,Coimbatore,Success
TXN03370,Anu,Myntra,2026-03-29,03:17,2619.51,Shopping,Card,Coimbatore,Success
TXN03371,Meena,Zomato,2026-02-11,04:40,458.88,Food,GPay,Madurai,Success
TXN03372,Anu,Rapido,2026-03-27,23:56,489.57,Transport,PhonePe,Trichy,Success
TXN03373,Abinaya,RedBus,2026-03-07,22:28,413.03,Transport,PhonePe,Madurai,Success
TXN03374,Kavi,Spotify,2026-08-30,08:05,603.19,Entertainment,GPay,Bengaluru,Pending
TXN03375,Priya,DMart,2026-03-22,14:31,2191.37,Shopping,Card,Tenkasi,Success
TXN03376,Meena,Myntra,2026-06-27,18:58,1751.12,Shopping,PhonePe,Tenkasi,Failed
TXN03377,Nivetha,A2B,2026-04-03,19:56,649.68,Food,UPI,Tenkasi,Success
TXN03378,Priya,Amazon Kindle,2026-06-10,03:27,3843.72,Education,UPI,Trichy,Success
TXN03379,Kavi,BookMyShow,2026-07-08,20:59,685.81,Entertainment,UPI,Bengaluru,Success
TXN03380,Rahul,Netflix,2026-09-28,21:44,1500.0,Entertainment,UPI,Madurai,Success
TXN03381,Anu,Swiggy,2026-08-18,15:30,900.0,Food,GPay,Chennai,Success
TXN03382,Ishaan,Myntra,2026-04-20,12:10,4198.97,Shopping,UPI,Chennai,Pending
TXN03383,Ishaan,Ola,2026-08-25,04:03,988.02,Transport,UPI,Chennai,Success
TXN03384,Arun,YouTube Premium,2026-05-14,09:52,381.87,Entertainment,Card,Chennai,Success
TXN03385,Deva,Water Board,2026-09-19,18:14,3979.35,Bills,PhonePe,Madurai,Success
TXN03386,Deva,Amazon,2026-02-12,02:20,2101.69,Shopping,PhonePe,Madurai,Success
TXN03387,Deva,Airtel,2026-01-20,17:30,4000.0,Bills,PhonePe,Tirunelveli,Success
TXN03388,Meena,Meesho,2026-02-04,12:02,6000.0,Shopping,PhonePe,Coimbatore,Failed
TXN03389,Rahul,Udemy,2026-05-27,18:56,5000.0,Education,PhonePe,Coimbatore,Success
TXN03390,Priya,Meesho,2026-04-03,04:10,4285.42,Shopping,GPay,Chennai,Success
TXN03391,Nivetha,Dominos,2026-04-19,11:10,714.55,Food,UPI,Chennai,Pending
TXN03392,Deva,Metro,2026-09-20,19:16,968.64,Transport,GPay,Coimbatore,Success
TXN03393,Anu,Uber,2026-05-30,09:31,509.74,Transport,Card,Chennai,Success
TXN03394,Rahul,Meesho,2026-07-13,05:32,4125.98,Shopping,Card,Madurai,Success
TXN03395,Swetha,HealthPlus,2026-04-25,07:09,973.21,Health,GPay,Chennai,Success
TXN03396,Priya,BookMyShow,2026-08-09,08:56,1500.0,Entertainment,UPI,Coimbatore,Success
TXN03397,Abinaya,Rapido,2026-01-19,03:49,923.32,Transport,GPay,Tenkasi,Pending
TXN03398,Meena,Uber,2026-04-27,19:42,1200.0,Transport,UPI,Coimbatore,Success
TXN03399,Meena,Swiggy,2026-02-18,02:54,484.45,Food,UPI,Salem,Success
TXN03400,Arun,Google Workspace,2026-03-29,22:12,1981.45,Education,UPI,Chennai,Success
TXN03401,Harini,Myntra,2026-08-23,19:53,1506.89,Shopping,UPI,Madurai,Failed
TXN03402,Rahul,Rapido,2026-06-18,21:40,428.44,Transport,UPI,Madurai,Success
TXN03403,Arun,Cafe Coffee Day,2026-02-26,20:13,436.24,Food,PhonePe,Chennai,Failed
TXN03404,Priya,Gift,2026-08-25,18:23,1552.18,Others,Card,Madurai,Pending
TXN03405,Sanjay,Reliance Trends,2026-06-03,18:03,3828.42,Shopping,GPay,Salem,Success
TXN03406,Deva,KFC,2026-08-25,00:29,537.92,Food,Card,Tenkasi,Success
TXN03407,Swetha,A2B,2026-06-18,03:22,691.98,Food,UPI,Coimbatore,Success
TXN03408,Swetha,Myntra,2026-03-23,17:51,2874.93,Shopping,Card,Bengaluru,Success
TXN03409,Meena,Meesho,2026-04-22,21:47,4534.58,Shopping,PhonePe,Madurai,Pending
TXN03410,Deva,Swiggy,2026-02-28,02:47,532.79,Food,UPI,Coimbatore,Success
TXN03411,Deva,Hotstar,2026-02-10,09:23,882.75,Entertainment,Card,Tenkasi,Failed
TXN03412,Arun,A2B,2026-03-27,03:35,314.35,Food,GPay,Madurai,Pending
TXN03413,Rahul,College Fees,2026-03-17,19:07,2130.21,Education,UPI,Coimbatore,Success
TXN03414,Keerthi,Meesho,2026-07-11,03:03,1098.25,Shopping,PhonePe,Chennai,Success
TXN03415,Vishnu,Cafe Coffee Day,2026-08-26,00:24,291.45,Food,GPay,Tenkasi,Pending
TXN03416,Anu,Steam,2026-03-04,04:09,1435.2,Entertainment,Card,Madurai,Success
TXN03417,Deva,KFC,2026-05-08,18:10,309.11,Food,GPay,Tirunelveli,Success
TXN03418,Vishnu,Ola,2026-03-10,22:03,760.24,Transport,Card,Coimbatore,Success
TXN03419,Anu,A2B,2026-01-31,23:33,295.1,Food,Card,Madurai,Success
TXN03420,Anu,Water Board,2026-03-04,01:27,3372.79,Bills,GPay,Tirunelveli,Failed
TXN03421,Anu,PharmEasy,2026-04-19,15:44,1985.81,Health,PhonePe,Madurai,Success
TXN03422,Harini,Zomato,2026-09-29,16:56,238.61,Food,UPI,Madurai,Pending
TXN03423,Harini,Ola,2026-02-10,07:24,1037.18,Transport,PhonePe,Trichy,Success
TXN03424,Anu,DMart,2026-05-06,07:08,6000.0,Shopping,Card,Coimbatore,Failed
TXN03425,Deva,A2B,2026-01-04,21:23,298.84,Food,GPay,Tirunelveli,Pending
TXN03426,Meena,YouTube Premium,2026-07-07,21:36,695.67,Entertainment,Card,Chennai,Success
TXN03427,Rahul,Myntra,2026-06-21,13:10,1770.37,Shopping,GPay,Tenkasi,Pending
TXN03428,Deva,TNSTC,2026-06-27,03:56,973.34,Transport,PhonePe,Coimbatore,Success
TXN03429,Harini,Uber,2026-01-22,22:31,624.7,Transport,Card,Madurai,Pending
TXN03430,Vishnu,Flipkart,2026-09-06,06:12,3111.97,Shopping,PhonePe,Coimbatore,Success
TXN03431,Abinaya,TNSTC,2026-07-13,13:59,189.64,Transport,Card,Salem,Pending
TXN03432,Anu,Apollo Pharmacy,2026-09-24,02:48,1421.22,Health,UPI,Salem,Success
TXN03433,Swetha,Dominos,2026-07-31,02:36,900.0,Food,GPay,Madurai,Pending
TXN03434,Keerthi,Swiggy,2026-04-15,11:25,900.0,Food,Card,Madurai,Success
TXN03435,Vishnu,RedBus,2026-05-16,01:27,1200.0,Transport,UPI,Tirunelveli,Success
TXN03436,Kavi,A2B,2026-09-09,07:18,756.4,Food,GPay,Madurai,Success
TXN03437,Ishaan,Apollo Pharmacy,2026-08-05,04:35,1176.84,Health,Card,Madurai,Success
TXN03438,Vishnu,KFC,2026-05-19,15:28,334.98,Food,UPI,Madurai,Pending
TXN03439,Meena,Swiggy,2026-06-12,07:12,316.77,Food,PhonePe,Trichy,Failed
TXN03440,Arun,Swiggy,2026-09-11,13:43,388.86,Food,GPay,Chennai,Success
TXN03441,Nivetha,YouTube Premium,2026-03-30,05:54,627.8,Entertainment,GPay,Trichy,Failed
TXN03442,Meena,KFC,2026-09-18,15:30,668.77,Food,UPI,Tirunelveli,Failed
TXN03443,Vishnu,A2B,2026-05-02,11:13,207.97,Food,UPI,Chennai,Success
TXN03444,Nivetha,Reliance Trends,2026-03-05,15:28,2500.62,Shopping,PhonePe,Salem,Success
TXN03445,Keerthi,A2B,2026-03-03,03:36,161.75,Food,Card,Madurai,Failed
TXN03446,Vishnu,TNSTC,2026-01-18,06:55,1003.38,Transport,UPI,Tirunelveli,Pending
TXN03447,Deva,Rapido,2026-09-10,07:00,503.53,Transport,GPay,Coimbatore,Failed
TXN03448,Rahul,Water Board,2026-04-24,07:59,4000.0,Bills,UPI,Chennai,Failed
TXN03449,Harini,Stationery Shop,2026-01-08,08:34,1500.87,Others,Card,Madurai,Success
TXN03450,Deva,Swiggy,2026-02-27,11:54,163.28,Food,GPay,Trichy,Failed
TXN03451,Meena,Zomato,2026-04-06,18:36,224.53,Food,Card,Tirunelveli,Success
TXN03452,Harini,Airtel,2026-01-21,08:56,1669.26,Bills,UPI,Madurai,Success
TXN03453,Sanjay,Swiggy,2026-01-18,22:16,900.0,Food,PhonePe,Salem,Success
TXN03454,Rahul,YouTube Premium,2026-05-24,02:15,477.02,Entertainment,GPay,Chennai,Success
TXN03455,Abinaya,Uber,2026-05-20,03:24,684.59,Transport,Card,Trichy,Pending
TXN03456,Deva,RedBus,2026-02-08,02:01,1097.48,Transport,UPI,Madurai,Success
TXN03457,Rahul,KFC,2026-03-15,04:55,900.0,Food,UPI,Trichy,Success
TXN03458,Meena,Myntra,2026-09-01,05:09,2839.54,Shopping,GPay,Bengaluru,Failed
TXN03459,Ishaan,Electricity Board,2026-04-04,06:03,1171.36,Bills,Card,Salem,Success
TXN03460,Kavi,A2B,2026-04-05,09:53,465.8,Food,UPI,Bengaluru,Success
TXN03461,Ishaan,Uber,2026-08-03,03:24,1055.09,Transport,PhonePe,Tirunelveli,Success
TXN03462,Meena,Swiggy,2026-04-09,10:25,679.2,Food,GPay,Tirunelveli,Success
TXN03463,Meena,Meesho,2026-01-26,16:12,1145.12,Shopping,Card,Chennai,Success
TXN03464,Priya,Swiggy,2026-03-28,01:54,196.75,Food,Card,Coimbatore,Pending
TXN03465,Swetha,Zomato,2026-07-20,14:08,208.77,Food,UPI,Madurai,Success
TXN03466,Priya,Miscellaneous,2026-07-29,18:33,1781.17,Others,UPI,Madurai,Success
TXN03467,Abinaya,KFC,2026-06-10,01:01,234.55,Food,Card,Madurai,Success
TXN03468,Kavi,Swiggy,2026-01-07,00:53,221.17,Food,PhonePe,Coimbatore,Success
TXN03469,Deva,Electricity Board,2026-01-18,22:20,2178.18,Bills,GPay,Tenkasi,Success
TXN03470,Priya,Meesho,2026-07-14,19:19,5253.81,Shopping,GPay,Madurai,Success
TXN03471,Nivetha,Netflix,2026-07-19,16:55,1500.0,Entertainment,GPay,Coimbatore,Pending
TXN03472,Priya,Zomato,2026-05-24,13:54,241.31,Food,UPI,Madurai,Success
TXN03473,Rahul,Swiggy,2026-02-05,16:10,900.0,Food,PhonePe,Madurai,Failed
TXN03474,Rahul,Jio,2026-01-28,04:56,745.38,Bills,PhonePe,Madurai,Success
TXN03475,Swetha,Zomato,2026-07-04,04:55,356.25,Food,PhonePe,Chennai,Success
TXN03476,Sanjay,Uber,2026-04-03,07:19,837.13,Transport,PhonePe,Chennai,Success
TXN03477,Ishaan,RedBus,2026-01-09,19:54,338.45,Transport,PhonePe,Trichy,Pending
TXN03478,Ishaan,Myntra,2026-04-03,12:49,2592.66,Shopping,Card,Trichy,Success
TXN03479,Abinaya,Google Workspace,2026-06-30,10:46,1996.04,Education,PhonePe,Madurai,Success
TXN03480,Deva,Jio,2026-02-10,22:14,424.68,Bills,Card,Bengaluru,Success
TXN03481,Arun,BookMyShow,2026-03-10,09:13,313.87,Entertainment,GPay,Tirunelveli,Pending
TXN03482,Vishnu,ACT Fibernet,2026-07-15,01:15,1999.96,Bills,UPI,Trichy,Success
TXN03483,Kavi,Flipkart,2026-02-16,05:49,2064.08,Shopping,GPay,Madurai,Success
TXN03484,Meena,College Fees,2026-07-31,08:42,1591.06,Education,UPI,Salem,Pending
TXN03485,Meena,Dominos,2026-04-20,15:49,365.64,Food,Card,Chennai,Success
TXN03486,Abinaya,Meesho,2026-08-22,08:50,6000.0,Shopping,UPI,Salem,Success
TXN03487,Meena,Jio,2026-02-15,19:16,3635.83,Bills,Card,Trichy,Pending
TXN03488,Arun,Swiggy,2026-03-08,02:55,127.73,Food,UPI,Madurai,Failed
TXN03489,Ishaan,Dominos,2026-09-28,06:52,726.43,Food,Card,Madurai,Failed
TXN03490,Arun,Dominos,2026-06-16,07:51,254.02,Food,PhonePe,Bengaluru,Success
TXN03491,Meena,A2B,2026-08-18,01:20,900.0,Food,Card,Madurai,Success
TXN03492,Priya,Hotstar,2026-05-21,14:44,445.26,Entertainment,Card,Madurai,Success
TXN03493,Priya,Zomato,2026-02-03,05:40,675.3,Food,GPay,Trichy,Success
TXN03494,Nivetha,Airtel,2026-07-03,11:13,1623.33,Bills,PhonePe,Trichy,Success
TXN03495,Keerthi,Coursera,2026-02-01,00:42,3196.52,Education,PhonePe,Madurai,Success
TXN03496,Meena,Coursera,2026-07-26,15:28,2061.32,Education,PhonePe,Coimbatore,Success
TXN03497,Arun,Flipkart,2026-09-22,17:47,1567.19,Shopping,GPay,Madurai,Success
TXN03498,Swetha,KFC,2026-05-10,04:03,296.1,Food,GPay,Tirunelveli,Success
TXN03499,Swetha,Meesho,2026-03-19,08:01,1140.46,Shopping,GPay,Madurai,Success
TXN03500,Sanjay,Ola,2026-09-30,19:42,1121.97,Transport,Card,Coimbatore,Pending
TXN03501,Rahul,Metro,2026-01-05,18:29,933.59,Transport,GPay,Trichy,Success
TXN03502,Anu,Cafe Coffee Day,2026-08-06,16:23,544.25,Food,GPay,Chennai,Failed
TXN03503,Harini,Rapido,2026-09-21,09:27,743.04,Transport,GPay,Madurai,Success
TXN03504,Deva,Steam,2026-05-06,15:12,464.23,Entertainment,GPay,Madurai,Success
TXN03505,Keerthi,Apollo Pharmacy,2026-02-17,22:36,1673.39,Health,GPay,Madurai,Success
TXN03506,Meena,KFC,2026-09-14,04:49,330.48,Food,UPI,Tenkasi,Success
TXN03507,Swetha,HealthPlus,2026-05-14,22:41,3000.0,Health,GPay,Chennai,Success
TXN03508,Kavi,Jio,2026-05-23,14:05,2526.85,Bills,UPI,Chennai,Success
TXN03509,Abinaya,Dominos,2026-05-09,09:40,306.98,Food,Card,Chennai,Failed
TXN03510,Keerthi,RedBus,2026-08-15,05:03,497.28,Transport,Card,Trichy,Success
TXN03511,Abinaya,DMart,2026-01-09,04:45,2946.24,Shopping,PhonePe,Madurai,Success
TXN03512,Keerthi,HealthPlus,2026-04-24,17:31,1198.33,Health,PhonePe,Madurai,Success
TXN03513,Arun,Temple,2026-03-18,13:20,572.98,Others,UPI,Madurai,Success
TXN03514,Abinaya,1mg,2026-05-15,23:30,1941.34,Health,GPay,Coimbatore,Success
TXN03515,Keerthi,Myntra,2026-04-09,14:02,4802.43,Shopping,PhonePe,Madurai,Success
TXN03516,Priya,YouTube Premium,2026-08-21,00:35,1312.09,Entertainment,PhonePe,Bengaluru,Success
TXN03517,Ishaan,Swiggy,2026-03-13,18:49,677.65,Food,GPay,Madurai,Failed
TXN03518,Anu,Cafe Coffee Day,2026-08-03,02:22,268.04,Food,GPay,Madurai,Pending
TXN03519,Priya,Metro,2026-01-10,09:47,888.84,Transport,UPI,Tirunelveli,Success
TXN03520,Vishnu,Metro,2026-02-01,15:51,886.59,Transport,GPay,Salem,Success
TXN03521,Priya,Google Workspace,2026-07-29,00:48,3300.78,Education,UPI,Madurai,Success
TXN03522,Kavi,Swiggy,2026-03-15,15:38,809.15,Food,PhonePe,Madurai,Failed
TXN03523,Abinaya,Swiggy,2026-03-07,19:22,315.81,Food,PhonePe,Madurai,Success
TXN03524,Keerthi,Cafe Coffee Day,2026-02-15,04:16,387.85,Food,GPay,Tenkasi,Success
TXN03525,Sanjay,Swiggy,2026-09-12,14:39,762.98,Food,UPI,Salem,Success
TXN03526,Swetha,Dominos,2026-07-15,01:34,445.74,Food,UPI,Chennai,Success
TXN03527,Sanjay,YouTube Premium,2026-08-03,07:28,569.63,Entertainment,PhonePe,Madurai,Success
TXN03528,Harini,PharmEasy,2026-02-15,11:21,1801.89,Health,GPay,Tirunelveli,Success
TXN03529,Abinaya,Flipkart,2026-06-08,16:47,6000.0,Shopping,PhonePe,Chennai,Pending
TXN03530,Ishaan,Zomato,2026-09-09,13:59,321.33,Food,Card,Madurai,Success
TXN03531,Priya,Hotstar,2026-03-06,15:39,1500.0,Entertainment,UPI,Madurai,Success
TXN03532,Priya,Cafe Coffee Day,2026-07-20,14:16,304.99,Food,GPay,Chennai,Failed
TXN03533,Swetha,Steam,2026-07-24,05:12,735.34,Entertainment,UPI,Chennai,Pending
TXN03534,Ishaan,Flipkart,2026-08-15,17:25,6000.0,Shopping,Card,Bengaluru,Success
TXN03535,Swetha,Rapido,2026-02-11,22:36,613.22,Transport,Card,Tenkasi,Success
TXN03536,Arun,Airtel,2026-01-08,01:14,3548.78,Bills,PhonePe,Madurai,Success
TXN03537,Keerthi,College Fees,2026-09-05,10:17,1175.26,Education,UPI,Madurai,Failed
TXN03538,Priya,Ola,2026-06-07,01:49,474.16,Transport,UPI,Madurai,Success
TXN03539,Nivetha,ACT Fibernet,2026-03-20,03:46,2239.65,Bills,Card,Chennai,Failed
TXN03540,Kavi,Udemy,2026-07-02,05:35,1099.4,Education,Card,Chennai,Success
TXN03541,Ishaan,Rapido,2026-07-24,22:31,303.74,Transport,PhonePe,Coimbatore,Success
TXN03542,Ishaan,Cafe Coffee Day,2026-02-21,22:53,697.24,Food,GPay,Tirunelveli,Success
TXN03543,Rahul,Google Workspace,2026-03-17,15:49,2207.57,Education,GPay,Tirunelveli,Failed
TXN03544,Abinaya,Airtel,2026-06-07,07:41,1583.91,Bills,Card,Salem,Success
TXN03545,Sanjay,Rapido,2026-09-15,06:06,484.93,Transport,UPI,Coimbatore,Failed
TXN03546,Kavi,Cafe Coffee Day,2026-08-03,18:19,900.0,Food,UPI,Coimbatore,Failed
TXN03547,Harini,Netflix,2026-02-20,03:26,1365.58,Entertainment,GPay,Chennai,Success
TXN03548,Priya,Uber,2026-04-11,22:24,866.76,Transport,UPI,Madurai,Success
TXN03549,Ishaan,Metro,2026-01-16,04:02,577.17,Transport,PhonePe,Madurai,Success
TXN03550,Harini,DMart,2026-05-03,16:57,1287.01,Shopping,Card,Madurai,Success
TXN03551,Kavi,Spotify,2026-01-30,06:54,793.66,Entertainment,Card,Trichy,Success
TXN03552,Abinaya,Ola,2026-08-17,18:47,509.35,Transport,PhonePe,Bengaluru,Success
TXN03553,Arun,RedBus,2026-02-15,09:25,237.11,Transport,GPay,Tenkasi,Success
TXN03554,Abinaya,Uber,2026-05-04,03:39,1200.0,Transport,Card,Madurai,Success
TXN03555,Nivetha,College Fees,2026-08-01,01:33,4242.91,Education,Card,Madurai,Pending
TXN03556,Kavi,Cafe Coffee Day,2026-07-01,23:20,620.96,Food,Card,Salem,Success
TXN03557,Arun,DMart,2026-09-17,08:49,1137.47,Shopping,GPay,Bengaluru,Pending
TXN03558,Arun,Amazon,2026-06-18,12:26,5892.8,Shopping,Card,Tenkasi,Failed
TXN03559,Sanjay,Uber,2026-06-24,07:37,502.39,Transport,PhonePe,Madurai,Success
TXN03560,Meena,A2B,2026-08-30,05:40,364.91,Food,GPay,Madurai,Success
TXN03561,Meena,Hotstar,2026-01-02,16:05,993.9,Entertainment,Card,Tenkasi,Failed
TXN03562,Swetha,Spotify,2026-04-27,15:58,864.04,Entertainment,GPay,Chennai,Pending
TXN03563,Harini,Swiggy,2026-09-20,03:47,900.0,Food,GPay,Madurai,Failed
TXN03564,Rahul,Salon,2026-04-14,23:06,473.74,Others,PhonePe,Bengaluru,Success
TXN03565,Keerthi,Reliance Trends,2026-09-04,16:44,2670.55,Shopping,Card,Trichy,Success
TXN03566,Meena,Amazon,2026-01-21,15:16,1473.9,Shopping,UPI,Madurai,Success
TXN03567,Meena,Electricity Board,2026-05-27,18:40,1033.72,Bills,GPay,Salem,Success
TXN03568,Sanjay,Amazon,2026-08-27,17:05,3914.05,Shopping,UPI,Trichy,Success
TXN03569,Abinaya,Coursera,2026-05-31,06:37,2571.87,Education,UPI,Madurai,Pending
TXN03570,Deva,Ola,2026-03-04,13:20,1200.0,Transport,PhonePe,Salem,Success
TXN03571,Abinaya,Salon,2026-07-15,18:49,595.22,Others,Card,Tirunelveli,Failed
TXN03572,Vishnu,A2B,2026-08-30,00:40,900.0,Food,Card,Chennai,Pending
TXN03573,Swetha,College Fees,2026-08-12,21:09,1783.01,Education,UPI,Chennai,Success
TXN03574,Kavi,DMart,2026-03-14,03:03,2304.03,Shopping,UPI,Madurai,Pending
TXN03575,Abinaya,A2B,2026-03-16,13:15,289.84,Food,Card,Trichy,Success
TXN03576,Abinaya,Netflix,2026-04-12,12:25,941.14,Entertainment,GPay,Coimbatore,Success
TXN03577,Vishnu,Swiggy,2026-05-25,07:13,705.16,Food,UPI,Tenkasi,Success
TXN03578,Nivetha,DMart,2026-03-12,09:50,2085.63,Shopping,PhonePe,Trichy,Failed
TXN03579,Vishnu,Salon,2026-01-13,00:20,2000.0,Others,GPay,Madurai,Success
TXN03580,Keerthi,A2B,2026-02-08,00:31,266.37,Food,Card,Madurai,Failed
TXN03581,Vishnu,Rapido,2026-07-08,02:25,630.35,Transport,PhonePe,Madurai,Success
TXN03582,Rahul,Dominos,2026-05-29,13:47,630.2,Food,Card,Trichy,Pending
TXN03583,Swetha,Cafe Coffee Day,2026-06-08,18:46,799.55,Food,UPI,Madurai,Success
TXN03584,Kavi,Uber,2026-05-22,17:01,1200.0,Transport,GPay,Madurai,Success
TXN03585,Ishaan,Temple,2026-09-16,19:58,892.87,Others,PhonePe,Tirunelveli,Success
TXN03586,Vishnu,Dominos,2026-05-07,18:50,635.37,Food,UPI,Bengaluru,Success
TXN03587,Anu,Myntra,2026-02-09,15:19,4212.75,Shopping,GPay,Trichy,Success
TXN03588,Anu,TNSTC,2026-07-10,19:12,383.1,Transport,PhonePe,Tirunelveli,Success
TXN03589,Meena,TNSTC,2026-03-21,12:50,546.08,Transport,UPI,Madurai,Success
TXN03590,Abinaya,DMart,2026-04-27,13:05,1758.07,Shopping,Card,Tirunelveli,Success
TXN03591,Priya,Uber,2026-07-09,09:33,469.57,Transport,UPI,Madurai,Success
TXN03592,Swetha,BookMyShow,2026-07-03,02:12,736.23,Entertainment,PhonePe,Chennai,Success
TXN03593,Kavi,TNSTC,2026-09-14,15:49,817.42,Transport,PhonePe,Madurai,Success
TXN03594,Anu,Coursera,2026-09-04,18:08,1956.31,Education,UPI,Chennai,Pending
TXN03595,Swetha,DMart,2026-02-20,16:36,5204.1,Shopping,GPay,Madurai,Success
TXN03596,Ishaan,A2B,2026-08-15,10:07,218.07,Food,GPay,Bengaluru,Success
TXN03597,Vishnu,Swiggy,2026-08-24,22:55,369.04,Food,UPI,Chennai,Pending
TXN03598,Harini,1mg,2026-05-13,13:27,1109.93,Health,PhonePe,Madurai,Success
TXN03599,Meena,DMart,2026-04-06,18:56,5051.92,Shopping,PhonePe,Chennai,Success
TXN03600,Vishnu,RedBus,2026-08-02,14:37,513.83,Transport,GPay,Chennai,Success
TXN03601,Priya,Rapido,2026-04-16,04:54,462.08,Transport,Card,Madurai,Pending
TXN03602,Kavi,TNSTC,2026-04-17,18:43,310.09,Transport,PhonePe,Salem,Success
TXN03603,Rahul,BookMyShow,2026-03-06,07:26,1122.56,Entertainment,PhonePe,Chennai,Success
TXN03604,Harini,KFC,2026-01-27,13:52,186.36,Food,Card,Trichy,Failed
TXN03605,Nivetha,Cafe Coffee Day,2026-09-25,13:25,674.65,Food,UPI,Madurai,Failed
TXN03606,Sanjay,RedBus,2026-06-21,12:38,569.65,Transport,GPay,Madurai,Pending
TXN03607,Ishaan,Spotify,2026-09-26,20:36,586.24,Entertainment,GPay,Madurai,Pending
TXN03608,Rahul,Zomato,2026-02-12,11:10,383.37,Food,Card,Madurai,Pending
TXN03609,Vishnu,RedBus,2026-06-10,06:32,513.86,Transport,UPI,Chennai,Success
TXN03610,Harini,Amazon Kindle,2026-08-26,17:03,2132.22,Education,Card,Chennai,Failed
TXN03611,Anu,Cafe Coffee Day,2026-02-09,20:01,150.44,Food,PhonePe,Chennai,Success
TXN03612,Vishnu,DMart,2026-04-03,16:16,5310.25,Shopping,UPI,Madurai,Success
TXN03613,Vishnu,Flipkart,2026-04-16,06:09,1646.48,Shopping,PhonePe,Chennai,Success
TXN03614,Nivetha,Coursera,2026-02-22,03:37,1457.69,Education,PhonePe,Madurai,Success
TXN03615,Vishnu,Jio,2026-09-08,14:32,1774.65,Bills,UPI,Chennai,Pending
TXN03616,Kavi,Reliance Trends,2026-03-26,01:57,4653.77,Shopping,GPay,Bengaluru,Success
TXN03617,Priya,Rapido,2026-05-28,09:09,700.92,Transport,UPI,Tenkasi,Success
TXN03618,Harini,Reliance Trends,2026-07-11,05:59,1778.08,Shopping,PhonePe,Coimbatore,Success
TXN03619,Vishnu,Swiggy,2026-04-02,06:23,900.0,Food,GPay,Chennai,Success
TXN03620,Keerthi,Amazon,2026-01-08,03:15,2712.45,Shopping,Card,Madurai,Failed
TXN03621,Priya,A2B,2026-02-09,02:04,900.0,Food,UPI,Tenkasi,Success
TXN03622,Meena,College Fees,2026-08-26,00:39,3264.36,Education,GPay,Madurai,Success
TXN03623,Swetha,Flipkart,2026-08-17,01:20,3987.69,Shopping,Card,Bengaluru,Success
TXN03624,Sanjay,YouTube Premium,2026-04-12,07:07,520.32,Entertainment,GPay,Madurai,Success
TXN03625,Harini,Zomato,2026-05-24,12:51,180.05,Food,PhonePe,Tirunelveli,Success
TXN03626,Deva,Hotstar,2026-05-23,15:08,481.58,Entertainment,Card,Salem,Success
TXN03627,Deva,Dominos,2026-04-24,19:12,729.11,Food,GPay,Salem,Failed
TXN03628,Nivetha,Coursera,2026-02-01,05:20,2836.06,Education,UPI,Chennai,Success
TXN03629,Arun,PharmEasy,2026-04-23,20:38,766.44,Health,UPI,Trichy,Success
TXN03630,Priya,Airtel,2026-04-03,18:27,4000.0,Bills,PhonePe,Chennai,Success
TXN03631,Priya,Swiggy,2026-04-24,11:52,482.92,Food,GPay,Madurai,Success
TXN03632,Ishaan,Coursera,2026-03-06,14:41,2888.15,Education,Card,Bengaluru,Success
TXN03633,Harini,Cafe Coffee Day,2026-08-21,05:40,642.41,Food,UPI,Chennai,Success
TXN03634,Sanjay,KFC,2026-09-08,09:02,320.51,Food,PhonePe,Chennai,Failed
TXN03635,Nivetha,Water Board,2026-08-20,00:01,4000.0,Bills,UPI,Tenkasi,Success
TXN03636,Vishnu,Hotstar,2026-08-03,16:54,335.38,Entertainment,UPI,Coimbatore,Success
TXN03637,Swetha,Rapido,2026-01-23,18:37,850.76,Transport,GPay,Chennai,Success
TXN03638,Sanjay,Coursera,2026-03-29,20:18,5000.0,Education,GPay,Trichy,Failed
TXN03639,Priya,Amazon,2026-06-03,08:07,1107.04,Shopping,GPay,Madurai,Success
TXN03640,Abinaya,KFC,2026-04-26,05:55,216.0,Food,GPay,Madurai,Failed
TXN03641,Anu,Ola,2026-03-30,00:13,1006.43,Transport,PhonePe,Bengaluru,Success
TXN03642,Deva,Airtel,2026-07-11,22:15,796.73,Bills,GPay,Chennai,Success
TXN03643,Anu,Rapido,2026-04-26,11:31,810.19,Transport,GPay,Salem,Success
TXN03644,Anu,YouTube Premium,2026-07-27,19:49,804.39,Entertainment,GPay,Tirunelveli,Success
TXN03645,Vishnu,KFC,2026-04-17,21:17,645.63,Food,UPI,Coimbatore,Pending
TXN03646,Swetha,Airtel,2026-05-31,08:24,1442.63,Bills,PhonePe,Tirunelveli,Success
TXN03647,Keerthi,Meesho,2026-01-04,18:20,2720.84,Shopping,Card,Madurai,Success
TXN03648,Anu,Jio,2026-03-06,09:11,2154.22,Bills,PhonePe,Coimbatore,Success
TXN03649,Kavi,Amazon Kindle,2026-06-20,20:25,4174.52,Education,GPay,Madurai,Success
TXN03650,Anu,Dominos,2026-03-02,04:52,269.03,Food,PhonePe,Salem,Success
TXN03651,Rahul,Zomato,2026-08-24,10:32,351.36,Food,GPay,Chennai,Success
TXN03652,Anu,RedBus,2026-07-16,06:13,469.23,Transport,GPay,Madurai,Success
TXN03653,Swetha,RedBus,2026-04-15,15:17,102.68,Transport,GPay,Salem,Failed
TXN03654,Arun,A2B,2026-03-09,06:10,900.0,Food,GPay,Bengaluru,Failed
TXN03655,Rahul,Dominos,2026-09-04,12:42,199.95,Food,PhonePe,Madurai,Success
TXN03656,Nivetha,Zomato,2026-08-31,10:52,900.0,Food,Card,Chennai,Success
TXN03657,Sanjay,Airtel,2026-07-16,03:30,2912.45,Bills,Card,Salem,Success
TXN03658,Nivetha,Flipkart,2026-08-18,07:48,3885.02,Shopping,Card,Madurai,Success
TXN03659,Abinaya,Swiggy,2026-09-30,09:10,274.19,Food,PhonePe,Coimbatore,Pending
TXN03660,Vishnu,Rapido,2026-03-27,03:36,881.3,Transport,GPay,Madurai,Success
TXN03661,Anu,Swiggy,2026-01-06,10:50,435.22,Food,UPI,Trichy,Success
TXN03662,Ishaan,Apollo Pharmacy,2026-02-23,10:13,1646.5,Health,PhonePe,Madurai,Success
TXN03663,Sanjay,Airtel,2026-08-25,21:46,4000.0,Bills,Card,Salem,Success
TXN03664,Ishaan,Flipkart,2026-05-09,04:28,2693.33,Shopping,PhonePe,Chennai,Success
TXN03665,Kavi,Udemy,2026-05-11,21:26,5000.0,Education,PhonePe,Coimbatore,Pending
TXN03666,Anu,Metro,2026-04-03,00:15,510.55,Transport,GPay,Trichy,Failed
TXN03667,Swetha,Local Store,2026-08-09,16:49,196.07,Others,Card,Coimbatore,Success
TXN03668,Vishnu,College Fees,2026-03-29,20:06,1414.02,Education,PhonePe,Coimbatore,Success
TXN03669,Meena,Water Board,2026-01-30,05:39,1017.88,Bills,GPay,Chennai,Success
TXN03670,Rahul,Rapido,2026-05-21,01:57,694.24,Transport,UPI,Trichy,Success
TXN03671,Anu,Salon,2026-09-27,18:06,1515.49,Others,UPI,Tenkasi,Pending
TXN03672,Vishnu,Zomato,2026-08-12,16:18,651.08,Food,PhonePe,Trichy,Success
TXN03673,Harini,Ola,2026-09-18,09:05,1091.19,Transport,GPay,Tirunelveli,Pending
TXN03674,Rahul,Dominos,2026-06-06,07:23,606.36,Food,PhonePe,Madurai,Success
TXN03675,Nivetha,ACT Fibernet,2026-03-23,05:53,970.61,Bills,Card,Chennai,Success
TXN03676,Vishnu,Ola,2026-04-04,12:02,694.45,Transport,GPay,Chennai,Failed
TXN03677,Swetha,Cafe Coffee Day,2026-06-03,15:15,328.38,Food,Card,Tenkasi,Success
TXN03678,Meena,Zomato,2026-01-07,03:05,481.74,Food,UPI,Chennai,Success
TXN03679,Swetha,Airtel,2026-05-28,19:26,1697.42,Bills,UPI,Madurai,Success
TXN03680,Priya,RedBus,2026-08-02,13:27,466.3,Transport,GPay,Coimbatore,Failed
TXN03681,Vishnu,Flipkart,2026-07-29,13:36,2594.86,Shopping,GPay,Trichy,Success
TXN03682,Ishaan,Coursera,2026-07-04,14:41,5000.0,Education,UPI,Salem,Success
TXN03683,Priya,Flipkart,2026-01-21,00:38,1004.48,Shopping,UPI,Madurai,Pending
TXN03684,Arun,Udemy,2026-04-23,08:23,1300.32,Education,GPay,Madurai,Failed
TXN03685,Swetha,Myntra,2026-03-24,10:10,1641.52,Shopping,PhonePe,Madurai,Success
TXN03686,Kavi,Dominos,2026-01-03,23:43,379.73,Food,PhonePe,Madurai,Success
TXN03687,Harini,Amazon,2026-09-06,22:29,4096.92,Shopping,PhonePe,Bengaluru,Success
TXN03688,Anu,Swiggy,2026-08-03,01:52,107.89,Food,Card,Chennai,Success
TXN03689,Harini,BookMyShow,2026-04-22,17:56,625.04,Entertainment,Card,Salem,Success
TXN03690,Anu,DMart,2026-08-26,05:55,4401.04,Shopping,UPI,Madurai,Success
TXN03691,Ishaan,Stationery Shop,2026-03-17,07:36,1729.55,Others,Card,Chennai,Success
TXN03692,Kavi,Cafe Coffee Day,2026-02-28,00:25,184.5,Food,PhonePe,Madurai,Success
TXN03693,Keerthi,DMart,2026-02-17,14:51,5094.81,Shopping,UPI,Tirunelveli,Success
TXN03694,Priya,YouTube Premium,2026-06-28,09:25,1166.63,Entertainment,GPay,Bengaluru,Success
TXN03695,Kavi,Myntra,2026-04-02,15:50,5713.3,Shopping,PhonePe,Salem,Success
TXN03696,Sanjay,Temple,2026-08-04,01:04,930.82,Others,UPI,Salem,Success
TXN03697,Vishnu,Meesho,2026-05-30,06:08,3314.15,Shopping,UPI,Trichy,Failed
TXN03698,Abinaya,Reliance Trends,2026-08-31,11:11,4531.94,Shopping,Card,Tirunelveli,Success
TXN03699,Kavi,Rapido,2026-02-14,16:52,635.99,Transport,Card,Coimbatore,Success
TXN03700,Arun,RedBus,2026-04-04,01:24,251.96,Transport,PhonePe,Coimbatore,Success
TXN03701,Ishaan,Ola,2026-05-17,09:07,337.64,Transport,Card,Coimbatore,Success
TXN03702,Swetha,Swiggy,2026-06-26,14:37,434.63,Food,PhonePe,Coimbatore,Success
TXN03703,Swetha,Amazon Kindle,2026-05-11,15:18,5000.0,Education,Card,Madurai,Failed
TXN03704,Swetha,KFC,2026-05-31,18:17,589.1,Food,PhonePe,Bengaluru,Success
TXN03705,Nivetha,Myntra,2026-01-22,09:35,1953.92,Shopping,PhonePe,Madurai,Success
TXN03706,Rahul,Cafe Coffee Day,2026-05-17,02:09,311.66,Food,Card,Madurai,Pending
TXN03707,Abinaya,Cafe Coffee Day,2026-06-23,07:45,318.74,Food,GPay,Bengaluru,Failed
TXN03708,Vishnu,Salon,2026-05-18,05:57,836.56,Others,UPI,Chennai,Success
TXN03709,Harini,Uber,2026-01-09,01:06,528.38,Transport,PhonePe,Trichy,Success
TXN03710,Swetha,Reliance Trends,2026-08-07,01:42,2551.83,Shopping,GPay,Madurai,Success
TXN03711,Rahul,A2B,2026-02-18,10:01,395.36,Food,Card,Salem,Pending
TXN03712,Rahul,Zomato,2026-04-19,15:36,195.42,Food,UPI,Coimbatore,Success
TXN03713,Harini,Netflix,2026-08-20,22:14,335.36,Entertainment,GPay,Trichy,Failed
TXN03714,Keerthi,A2B,2026-03-09,23:11,339.51,Food,Card,Chennai,Success
TXN03715,Swetha,BookMyShow,2026-06-02,23:41,403.75,Entertainment,GPay,Madurai,Success
TXN03716,Meena,Netflix,2026-03-18,15:27,668.68,Entertainment,GPay,Chennai,Success
TXN03717,Keerthi,Meesho,2026-09-22,10:30,4418.14,Shopping,GPay,Trichy,Success
TXN03718,Abinaya,A2B,2026-05-29,08:03,853.54,Food,Card,Trichy,Success
TXN03719,Harini,YouTube Premium,2026-06-22,01:14,1144.16,Entertainment,Card,Trichy,Success
TXN03720,Nivetha,Zomato,2026-09-18,08:23,448.38,Food,UPI,Madurai,Success
TXN03721,Abinaya,Spotify,2026-04-19,00:45,1033.32,Entertainment,Card,Chennai,Pending
TXN03722,Rahul,TNSTC,2026-03-11,06:14,575.56,Transport,GPay,Trichy,Failed
TXN03723,Priya,Miscellaneous,2026-05-24,02:46,871.47,Others,Card,Chennai,Failed
TXN03724,Abinaya,Google Workspace,2026-09-17,14:42,3361.64,Education,Card,Tirunelveli,Failed
TXN03725,Deva,Local Store,2026-01-24,13:13,811.83,Others,UPI,Coimbatore,Pending
TXN03726,Swetha,Meesho,2026-06-05,23:12,1283.42,Shopping,Card,Madurai,Success
TXN03727,Nivetha,Zomato,2026-01-13,10:44,367.51,Food,Card,Coimbatore,Success
TXN03728,Anu,Cafe Coffee Day,2026-03-12,04:44,181.59,Food,UPI,Salem,Failed
TXN03729,Nivetha,Jio,2026-08-05,23:53,1576.45,Bills,UPI,Chennai,Pending
TXN03730,Meena,Netflix,2026-07-28,13:20,915.74,Entertainment,Card,Salem,Success
TXN03731,Priya,Spotify,2026-03-25,19:43,865.28,Entertainment,GPay,Tirunelveli,Success
TXN03732,Rahul,Apollo Pharmacy,2026-02-11,22:58,1469.9,Health,PhonePe,Madurai,Failed
TXN03733,Vishnu,Hotstar,2026-03-03,19:10,689.81,Entertainment,PhonePe,Coimbatore,Success
TXN03734,Harini,Flipkart,2026-08-26,03:05,3384.83,Shopping,PhonePe,Trichy,Success
TXN03735,Nivetha,Dominos,2026-08-05,10:30,610.93,Food,GPay,Salem,Failed
TXN03736,Ishaan,KFC,2026-01-16,07:02,359.0,Food,UPI,Madurai,Success
TXN03737,Nivetha,Metro,2026-05-02,11:09,309.19,Transport,PhonePe,Coimbatore,Success
TXN03738,Sanjay,Rapido,2026-05-25,12:14,690.61,Transport,GPay,Bengaluru,Success
TXN03739,Arun,RedBus,2026-07-14,20:26,333.67,Transport,Card,Bengaluru,Success
TXN03740,Kavi,Stationery Shop,2026-01-02,12:33,596.53,Others,Card,Tenkasi,Success
TXN03741,Arun,A2B,2026-09-20,09:29,719.64,Food,UPI,Coimbatore,Success
TXN03742,Swetha,Cafe Coffee Day,2026-03-17,23:40,518.66,Food,GPay,Madurai,Pending
TXN03743,Vishnu,Cafe Coffee Day,2026-02-27,14:08,900.0,Food,Card,Trichy,Pending
TXN03744,Meena,BookMyShow,2026-07-12,21:52,1337.88,Entertainment,GPay,Salem,Success
TXN03745,Sanjay,Rapido,2026-09-28,19:47,588.32,Transport,GPay,Madurai,Success
TXN03746,Kavi,Jio,2026-03-14,22:19,3221.18,Bills,UPI,Chennai,Failed
TXN03747,Kavi,RedBus,2026-01-24,03:54,325.0,Transport,PhonePe,Chennai,Success
TXN03748,Abinaya,TNSTC,2026-06-02,01:27,534.39,Transport,PhonePe,Bengaluru,Success
TXN03749,Keerthi,Meesho,2026-01-17,17:40,2998.08,Shopping,GPay,Madurai,Failed
TXN03750,Rahul,Coursera,2026-03-26,20:30,2073.83,Education,PhonePe,Madurai,Failed
TXN03751,Meena,BookMyShow,2026-09-27,11:08,1194.69,Entertainment,UPI,Madurai,Success
TXN03752,Sanjay,Swiggy,2026-09-22,17:19,536.62,Food,Card,Salem,Success
TXN03753,Arun,DMart,2026-08-28,21:32,3451.43,Shopping,PhonePe,Bengaluru,Pending
TXN03754,Kavi,Rapido,2026-02-27,20:28,1200.0,Transport,GPay,Madurai,Success
TXN03755,Vishnu,Dominos,2026-07-20,04:31,450.88,Food,Card,Madurai,Success
TXN03756,Meena,Jio,2026-05-03,21:19,3598.35,Bills,PhonePe,Madurai,Success
TXN03757,Rahul,Amazon,2026-04-10,22:57,5430.69,Shopping,PhonePe,Madurai,Success
TXN03758,Ishaan,YouTube Premium,2026-07-15,21:30,1107.22,Entertainment,UPI,Madurai,Failed
TXN03759,Priya,Metro,2026-09-06,00:12,1200.0,Transport,UPI,Tenkasi,Failed
TXN03760,Priya,Uber,2026-03-15,10:10,636.87,Transport,UPI,Madurai,Pending
TXN03761,Sanjay,Ola,2026-01-10,19:59,707.33,Transport,PhonePe,Salem,Success
TXN03762,Keerthi,Uber,2026-07-06,08:29,418.07,Transport,PhonePe,Madurai,Success
TXN03763,Priya,Uber,2026-08-20,13:49,474.91,Transport,UPI,Coimbatore,Failed
TXN03764,Abinaya,DMart,2026-08-18,00:01,3423.0,Shopping,Card,Madurai,Pending
TXN03765,Keerthi,Udemy,2026-06-12,04:32,2087.73,Education,PhonePe,Trichy,Success
TXN03766,Abinaya,PharmEasy,2026-08-06,08:43,1897.91,Health,PhonePe,Chennai,Pending
TXN03767,Swetha,Hotstar,2026-05-23,23:11,782.13,Entertainment,Card,Madurai,Success
TXN03768,Deva,Amazon,2026-03-17,04:03,5436.93,Shopping,UPI,Salem,Failed
TXN03769,Vishnu,PharmEasy,2026-05-08,17:40,1442.26,Health,Card,Trichy,Success
TXN03770,Ishaan,A2B,2026-03-19,06:44,779.45,Food,Card,Bengaluru,Success
TXN03771,Deva,Ola,2026-08-26,20:37,267.7,Transport,Card,Chennai,Success
TXN03772,Meena,KFC,2026-07-10,19:50,303.3,Food,GPay,Chennai,Success
TXN03773,Arun,ACT Fibernet,2026-01-26,08:45,2322.04,Bills,PhonePe,Tirunelveli,Success
TXN03774,Arun,Zomato,2026-07-30,19:14,357.92,Food,PhonePe,Coimbatore,Success
TXN03775,Priya,RedBus,2026-02-07,15:29,584.69,Transport,Card,Madurai,Success
TXN03776,Arun,Google Workspace,2026-07-13,20:49,2338.5,Education,PhonePe,Chennai,Success
TXN03777,Keerthi,Water Board,2026-05-07,07:21,1861.77,Bills,PhonePe,Salem,Failed
TXN03778,Swetha,Rapido,2026-09-21,15:50,268.61,Transport,Card,Coimbatore,Success
TXN03779,Rahul,Electricity Board,2026-01-07,10:16,2167.91,Bills,UPI,Tenkasi,Success
TXN03780,Deva,Netflix,2026-09-25,08:35,1500.0,Entertainment,PhonePe,Madurai,Success
TXN03781,Vishnu,Water Board,2026-09-28,06:28,2072.37,Bills,UPI,Madurai,Success
TXN03782,Kavi,HealthPlus,2026-01-06,01:00,1530.17,Health,PhonePe,Madurai,Success
TXN03783,Keerthi,Coursera,2026-08-27,13:36,5000.0,Education,UPI,Madurai,Success
TXN03784,Vishnu,Ola,2026-04-27,01:09,1200.0,Transport,GPay,Tenkasi,Success
TXN03785,Nivetha,Myntra,2026-06-03,04:02,1821.84,Shopping,GPay,Bengaluru,Success
TXN03786,Deva,Netflix,2026-03-19,21:41,1500.0,Entertainment,Card,Coimbatore,Success
TXN03787,Rahul,Water Board,2026-06-17,22:54,1893.07,Bills,Card,Madurai,Pending
TXN03788,Ishaan,TNSTC,2026-01-06,11:14,319.79,Transport,PhonePe,Madurai,Success
TXN03789,Nivetha,Hotstar,2026-04-04,07:58,1194.05,Entertainment,GPay,Tenkasi,Failed
TXN03790,Vishnu,ACT Fibernet,2026-08-08,20:46,1014.68,Bills,Card,Madurai,Success
TXN03791,Arun,Uber,2026-01-18,22:09,536.08,Transport,Card,Bengaluru,Success
TXN03792,Harini,Local Store,2026-08-31,22:29,828.81,Others,GPay,Coimbatore,Success
TXN03793,Deva,Local Store,2026-07-29,13:57,1020.96,Others,GPay,Tenkasi,Success
TXN03794,Keerthi,Jio,2026-03-20,22:14,995.17,Bills,UPI,Coimbatore,Success
TXN03795,Sanjay,Cafe Coffee Day,2026-06-08,08:27,203.25,Food,UPI,Bengaluru,Success
TXN03796,Rahul,ACT Fibernet,2026-04-26,02:28,3073.42,Bills,PhonePe,Madurai,Success
TXN03797,Deva,Cafe Coffee Day,2026-02-19,00:26,869.34,Food,UPI,Coimbatore,Success
TXN03798,Rahul,Swiggy,2026-03-28,02:30,900.0,Food,PhonePe,Coimbatore,Pending
TXN03799,Anu,Dominos,2026-04-02,01:32,192.71,Food,Card,Madurai,Success
TXN03800,Nivetha,Udemy,2026-04-12,17:36,1754.25,Education,GPay,Chennai,Failed
TXN03801,Deva,College Fees,2026-06-02,06:16,5000.0,Education,GPay,Madurai,Success
TXN03802,Vishnu,Myntra,2026-05-27,18:46,1866.6,Shopping,UPI,Bengaluru,Success
TXN03803,Abinaya,Water Board,2026-01-14,15:09,841.84,Bills,Card,Tirunelveli,Success
TXN03804,Meena,Cafe Coffee Day,2026-06-11,02:14,347.73,Food,PhonePe,Chennai,Success
TXN03805,Nivetha,Amazon,2026-02-09,20:45,982.81,Shopping,Card,Tirunelveli,Success
TXN03806,Swetha,Swiggy,2026-07-02,03:03,178.4,Food,GPay,Chennai,Pending
TXN03807,Nivetha,BookMyShow,2026-06-27,02:40,568.51,Entertainment,PhonePe,Madurai,Failed
TXN03808,Anu,Rapido,2026-02-07,19:03,445.65,Transport,UPI,Chennai,Success
TXN03809,Meena,A2B,2026-02-10,03:15,172.69,Food,UPI,Madurai,Failed
TXN03810,Keerthi,Rapido,2026-07-20,22:50,1181.84,Transport,UPI,Tirunelveli,Success
TXN03811,Deva,Myntra,2026-01-25,22:04,2375.68,Shopping,GPay,Tenkasi,Success
TXN03812,Vishnu,Electricity Board,2026-01-06,20:03,1661.56,Bills,GPay,Chennai,Success
TXN03813,Keerthi,Ola,2026-06-09,10:53,475.9,Transport,GPay,Tirunelveli,Pending
TXN03814,Kavi,Myntra,2026-03-18,06:04,2929.31,Shopping,GPay,Coimbatore,Success
TXN03815,Swetha,Amazon,2026-07-15,13:26,6000.0,Shopping,PhonePe,Coimbatore,Failed
TXN03816,Swetha,Zomato,2026-09-21,12:41,619.45,Food,GPay,Bengaluru,Success
TXN03817,Meena,KFC,2026-01-11,22:31,468.12,Food,UPI,Chennai,Pending
TXN03818,Meena,Dominos,2026-06-14,05:22,252.95,Food,PhonePe,Coimbatore,Success
TXN03819,Nivetha,KFC,2026-08-12,20:29,292.25,Food,Card,Chennai,Success
TXN03820,Vishnu,Spotify,2026-08-02,04:30,633.53,Entertainment,PhonePe,Madurai,Success
TXN03821,Abinaya,Flipkart,2026-05-15,00:42,2355.09,Shopping,Card,Bengaluru,Success
TXN03822,Keerthi,Reliance Trends,2026-09-07,01:27,3963.55,Shopping,GPay,Coimbatore,Success
TXN03823,Nivetha,RedBus,2026-03-28,01:24,238.58,Transport,Card,Bengaluru,Success
TXN03824,Nivetha,Cafe Coffee Day,2026-05-25,07:35,729.13,Food,GPay,Madurai,Failed
TXN03825,Kavi,Swiggy,2026-07-13,03:25,398.45,Food,PhonePe,Madurai,Success
TXN03826,Anu,Netflix,2026-01-25,11:42,390.84,Entertainment,UPI,Coimbatore,Failed
TXN03827,Swetha,Zomato,2026-03-03,03:48,473.1,Food,PhonePe,Chennai,Pending
TXN03828,Sanjay,Reliance Trends,2026-03-23,05:00,2596.46,Shopping,UPI,Chennai,Success
TXN03829,Anu,Gift,2026-01-04,16:14,656.24,Others,Card,Madurai,Pending
TXN03830,Ishaan,Meesho,2026-09-03,23:49,6000.0,Shopping,UPI,Chennai,Success
TXN03831,Vishnu,Apollo Pharmacy,2026-04-11,02:43,1161.02,Health,PhonePe,Coimbatore,Pending
TXN03832,Swetha,Dominos,2026-02-07,21:04,793.74,Food,Card,Madurai,Pending
TXN03833,Anu,KFC,2026-09-06,13:13,900.0,Food,UPI,Trichy,Success
TXN03834,Priya,Meesho,2026-06-17,23:59,3127.32,Shopping,PhonePe,Salem,Success
TXN03835,Harini,KFC,2026-01-07,04:42,750.2,Food,UPI,Bengaluru,Success
TXN03836,Harini,Cafe Coffee Day,2026-03-08,12:45,661.44,Food,UPI,Madurai,Success
TXN03837,Vishnu,BookMyShow,2026-04-21,13:15,1347.52,Entertainment,Card,Coimbatore,Success
TXN03838,Harini,Water Board,2026-05-02,01:25,1880.39,Bills,GPay,Madurai,Success
TXN03839,Harini,Meesho,2026-01-23,04:24,4525.84,Shopping,GPay,Madurai,Success
TXN03840,Meena,DMart,2026-08-08,09:04,3729.91,Shopping,GPay,Salem,Pending
TXN03841,Arun,Uber,2026-04-21,20:01,399.43,Transport,GPay,Coimbatore,Success
TXN03842,Arun,Uber,2026-05-02,21:48,909.32,Transport,PhonePe,Madurai,Success
TXN03843,Priya,Jio,2026-05-15,11:34,1437.76,Bills,GPay,Chennai,Failed
TXN03844,Nivetha,Zomato,2026-08-28,23:45,900.0,Food,Card,Madurai,Success
TXN03845,Anu,RedBus,2026-04-06,13:23,389.03,Transport,GPay,Madurai,Failed
TXN03846,Abinaya,Coursera,2026-03-10,15:49,1897.62,Education,Card,Tenkasi,Success
TXN03847,Keerthi,A2B,2026-06-14,08:47,140.31,Food,Card,Tirunelveli,Success
TXN03848,Sanjay,Local Store,2026-06-13,09:45,624.68,Others,PhonePe,Coimbatore,Success
TXN03849,Meena,Metro,2026-05-27,11:14,1200.0,Transport,UPI,Bengaluru,Pending
TXN03850,Meena,Ola,2026-03-03,18:42,1200.0,Transport,GPay,Madurai,Pending
TXN03851,Harini,RedBus,2026-04-19,09:40,623.5,Transport,UPI,Chennai,Failed
TXN03852,Swetha,Myntra,2026-03-27,20:22,2123.47,Shopping,Card,Chennai,Success
TXN03853,Anu,Cafe Coffee Day,2026-09-11,01:47,533.58,Food,Card,Madurai,Failed
TXN03854,Nivetha,A2B,2026-07-29,03:30,296.28,Food,GPay,Chennai,Success
TXN03855,Vishnu,Dominos,2026-08-18,00:21,374.81,Food,Card,Madurai,Success
TXN03856,Rahul,Rapido,2026-07-27,00:32,828.33,Transport,PhonePe,Salem,Success
TXN03857,Deva,Zomato,2026-09-16,12:27,377.33,Food,GPay,Chennai,Success
TXN03858,Kavi,Netflix,2026-01-03,02:18,796.54,Entertainment,PhonePe,Chennai,Pending
TXN03859,Deva,Meesho,2026-09-12,03:12,4212.15,Shopping,GPay,Tenkasi,Success
TXN03860,Harini,A2B,2026-02-01,12:44,652.29,Food,Card,Madurai,Failed
TXN03861,Priya,Ola,2026-05-06,20:09,459.94,Transport,GPay,Madurai,Success
TXN03862,Ishaan,A2B,2026-07-12,09:01,318.0,Food,UPI,Chennai,Success
TXN03863,Nivetha,DMart,2026-06-13,23:42,4259.7,Shopping,GPay,Chennai,Pending
TXN03864,Arun,Dominos,2026-02-10,21:56,440.65,Food,Card,Madurai,Success
TXN03865,Sanjay,Salon,2026-06-03,13:48,1519.27,Others,Card,Coimbatore,Success
TXN03866,Deva,RedBus,2026-05-01,06:38,413.01,Transport,Card,Chennai,Success
TXN03867,Nivetha,A2B,2026-08-24,13:30,370.88,Food,UPI,Tenkasi,Pending
TXN03868,Abinaya,Hotstar,2026-04-06,08:17,1245.73,Entertainment,Card,Chennai,Success
TXN03869,Nivetha,DMart,2026-02-15,18:30,2341.48,Shopping,Card,Chennai,Pending
TXN03870,Deva,Amazon Kindle,2026-04-06,05:35,408.48,Education,GPay,Salem,Failed
TXN03871,Arun,Swiggy,2026-04-22,06:28,696.26,Food,Card,Chennai,Success
TXN03872,Nivetha,Zomato,2026-03-10,07:10,555.41,Food,Card,Trichy,Success
TXN03873,Vishnu,KFC,2026-04-06,19:08,357.73,Food,UPI,Chennai,Success
TXN03874,Anu,Ola,2026-08-24,12:50,1200.0,Transport,PhonePe,Madurai,Success
TXN03875,Vishnu,KFC,2026-03-26,14:59,259.51,Food,PhonePe,Coimbatore,Success
TXN03876,Keerthi,TNSTC,2026-06-23,22:14,621.66,Transport,PhonePe,Madurai,Success
TXN03877,Abinaya,Udemy,2026-02-18,08:34,2391.0,Education,PhonePe,Madurai,Success
TXN03878,Abinaya,Miscellaneous,2026-03-31,17:37,399.36,Others,PhonePe,Madurai,Success
TXN03879,Ishaan,YouTube Premium,2026-02-06,20:38,682.76,Entertainment,UPI,Madurai,Success
TXN03880,Meena,Google Workspace,2026-09-05,11:18,4848.25,Education,GPay,Madurai,Pending
TXN03881,Vishnu,A2B,2026-06-25,04:19,409.57,Food,UPI,Madurai,Pending
TXN03882,Abinaya,TNSTC,2026-08-12,19:24,516.38,Transport,Card,Salem,Success
TXN03883,Arun,Water Board,2026-01-16,00:07,4000.0,Bills,PhonePe,Madurai,Success
TXN03884,Vishnu,Steam,2026-04-20,22:59,394.43,Entertainment,UPI,Chennai,Success
TXN03885,Priya,Flipkart,2026-03-19,04:22,5352.83,Shopping,Card,Tirunelveli,Pending
TXN03886,Rahul,TNSTC,2026-02-08,14:08,220.22,Transport,PhonePe,Chennai,Success
TXN03887,Meena,Cafe Coffee Day,2026-07-25,10:11,819.1,Food,GPay,Trichy,Success
TXN03888,Rahul,Metro,2026-04-17,19:03,295.67,Transport,Card,Madurai,Success
TXN03889,Abinaya,Rapido,2026-06-10,05:47,390.5,Transport,GPay,Madurai,Success
TXN03890,Meena,RedBus,2026-05-28,02:53,308.97,Transport,PhonePe,Tirunelveli,Pending
TXN03891,Vishnu,Steam,2026-06-02,01:49,1169.11,Entertainment,Card,Madurai,Pending
TXN03892,Keerthi,Zomato,2026-08-11,16:09,474.67,Food,GPay,Coimbatore,Pending
TXN03893,Meena,Myntra,2026-03-12,12:40,4696.5,Shopping,Card,Madurai,Success
TXN03894,Keerthi,KFC,2026-01-08,01:21,511.64,Food,Card,Madurai,Success
TXN03895,Nivetha,Flipkart,2026-07-26,08:57,2427.66,Shopping,UPI,Chennai,Pending
TXN03896,Nivetha,Electricity Board,2026-06-11,20:18,2868.71,Bills,Card,Madurai,Success
TXN03897,Sanjay,Dominos,2026-04-22,20:02,533.4,Food,GPay,Coimbatore,Failed
TXN03898,Swetha,Steam,2026-05-23,20:25,855.68,Entertainment,Card,Coimbatore,Pending
TXN03899,Ishaan,Uber,2026-06-11,10:42,472.38,Transport,Card,Coimbatore,Success
TXN03900,Vishnu,Netflix,2026-08-02,14:53,786.31,Entertainment,PhonePe,Madurai,Success
TXN03901,Deva,Myntra,2026-05-12,13:00,2620.48,Shopping,PhonePe,Madurai,Failed
TXN03902,Priya,Swiggy,2026-02-23,11:14,380.86,Food,GPay,Madurai,Pending
TXN03903,Ishaan,Reliance Trends,2026-05-09,00:33,3269.66,Shopping,UPI,Coimbatore,Success
TXN03904,Nivetha,Jio,2026-03-25,04:41,4000.0,Bills,Card,Madurai,Success
TXN03905,Vishnu,Airtel,2026-06-03,05:53,1398.1,Bills,UPI,Coimbatore,Success
TXN03906,Priya,DMart,2026-09-16,23:45,6000.0,Shopping,Card,Chennai,Pending
TXN03907,Kavi,BookMyShow,2026-04-15,15:22,1145.5,Entertainment,PhonePe,Salem,Success
TXN03908,Sanjay,KFC,2026-06-18,22:26,413.07,Food,Card,Coimbatore,Success
TXN03909,Vishnu,Hotstar,2026-01-26,13:07,430.36,Entertainment,Card,Madurai,Failed
TXN03910,Kavi,Cafe Coffee Day,2026-05-11,19:38,207.41,Food,PhonePe,Bengaluru,Pending
TXN03911,Anu,DMart,2026-05-19,13:21,2336.15,Shopping,Card,Chennai,Pending
TXN03912,Swetha,Uber,2026-08-16,21:16,594.63,Transport,Card,Tenkasi,Pending
TXN03913,Arun,ACT Fibernet,2026-05-04,00:07,3827.69,Bills,Card,Tirunelveli,Success
TXN03914,Vishnu,Hotstar,2026-07-22,04:04,1340.13,Entertainment,PhonePe,Salem,Success
TXN03915,Vishnu,Uber,2026-02-12,13:06,526.18,Transport,PhonePe,Coimbatore,Success
TXN03916,Priya,Electricity Board,2026-07-02,10:52,1577.02,Bills,Card,Madurai,Success
TXN03917,Rahul,Miscellaneous,2026-06-19,17:02,870.44,Others,Card,Trichy,Success
TXN03918,Keerthi,Cafe Coffee Day,2026-06-17,12:14,469.09,Food,Card,Coimbatore,Success
TXN03919,Anu,TNSTC,2026-08-29,14:42,406.84,Transport,PhonePe,Madurai,Success
TXN03920,Abinaya,Local Store,2026-08-17,11:31,1095.61,Others,Card,Madurai,Failed
TXN03921,Swetha,RedBus,2026-01-30,12:11,632.97,Transport,PhonePe,Tirunelveli,Success
TXN03922,Harini,Coursera,2026-02-24,05:15,2686.41,Education,UPI,Chennai,Success
TXN03923,Keerthi,Flipkart,2026-02-05,17:29,6000.0,Shopping,UPI,Madurai,Success
TXN03924,Arun,Reliance Trends,2026-03-15,06:53,6000.0,Shopping,UPI,Chennai,Success
TXN03925,Meena,Flipkart,2026-09-20,07:57,3912.23,Shopping,Card,Chennai,Success
TXN03926,Vishnu,A2B,2026-02-02,15:26,562.16,Food,GPay,Chennai,Pending
TXN03927,Deva,Swiggy,2026-06-02,09:08,900.0,Food,GPay,Chennai,Failed
TXN03928,Keerthi,Airtel,2026-03-30,01:32,463.33,Bills,Card,Madurai,Success
TXN03929,Anu,Metro,2026-05-23,02:21,1054.44,Transport,PhonePe,Trichy,Success
TXN03930,Ishaan,Zomato,2026-08-10,21:46,900.0,Food,GPay,Tenkasi,Failed
TXN03931,Vishnu,Amazon,2026-09-07,04:36,2561.67,Shopping,Card,Tenkasi,Failed
TXN03932,Anu,Myntra,2026-04-18,12:22,3662.85,Shopping,UPI,Bengaluru,Success
TXN03933,Arun,Meesho,2026-06-12,01:26,2981.71,Shopping,GPay,Madurai,Success
TXN03934,Deva,Dominos,2026-09-09,10:12,540.17,Food,Card,Chennai,Pending
TXN03935,Abinaya,KFC,2026-04-25,19:33,835.62,Food,Card,Coimbatore,Pending
TXN03936,Sanjay,YouTube Premium,2026-01-24,04:47,1500.0,Entertainment,UPI,Madurai,Failed
TXN03937,Harini,Cafe Coffee Day,2026-03-17,22:12,411.18,Food,UPI,Madurai,Success
TXN03938,Swetha,Uber,2026-09-29,20:29,989.06,Transport,GPay,Madurai,Success
TXN03939,Anu,Ola,2026-04-08,10:39,1068.12,Transport,GPay,Coimbatore,Success
TXN03940,Abinaya,1mg,2026-08-24,16:04,1303.26,Health,Card,Madurai,Pending
TXN03941,Meena,Rapido,2026-07-07,03:52,746.71,Transport,UPI,Chennai,Failed
TXN03942,Kavi,PharmEasy,2026-05-17,23:26,1979.11,Health,Card,Coimbatore,Pending
TXN03943,Nivetha,KFC,2026-09-25,04:24,191.79,Food,GPay,Madurai,Failed
TXN03944,Anu,Water Board,2026-09-21,09:26,2817.73,Bills,Card,Tirunelveli,Pending
TXN03945,Arun,Swiggy,2026-04-23,05:44,164.47,Food,PhonePe,Chennai,Pending
TXN03946,Abinaya,TNSTC,2026-07-12,21:15,939.06,Transport,UPI,Trichy,Pending
TXN03947,Priya,YouTube Premium,2026-09-22,07:09,957.79,Entertainment,Card,Chennai,Success
TXN03948,Vishnu,Jio,2026-01-02,13:06,3711.4,Bills,PhonePe,Bengaluru,Pending
TXN03949,Priya,Dominos,2026-02-14,12:40,101.57,Food,PhonePe,Salem,Pending
TXN03950,Swetha,Swiggy,2026-09-14,05:06,859.84,Food,GPay,Coimbatore,Success
TXN03951,Swetha,Myntra,2026-06-24,19:13,5283.18,Shopping,Card,Madurai,Success
TXN03952,Harini,Amazon Kindle,2026-03-20,08:02,5000.0,Education,GPay,Tenkasi,Success
TXN03953,Rahul,Flipkart,2026-08-31,04:03,1308.65,Shopping,PhonePe,Trichy,Pending
TXN03954,Arun,Dominos,2026-03-29,07:46,677.9,Food,GPay,Coimbatore,Success
TXN03955,Sanjay,TNSTC,2026-08-08,10:47,212.91,Transport,GPay,Tirunelveli,Success
TXN03956,Vishnu,YouTube Premium,2026-05-24,15:54,1119.31,Entertainment,Card,Tirunelveli,Success
TXN03957,Arun,BookMyShow,2026-08-16,14:21,1500.0,Entertainment,UPI,Chennai,Success
TXN03958,Anu,BookMyShow,2026-01-21,15:26,522.98,Entertainment,GPay,Chennai,Failed
TXN03959,Deva,Steam,2026-02-03,10:56,692.98,Entertainment,GPay,Chennai,Success
TXN03960,Arun,BookMyShow,2026-09-19,20:46,812.1,Entertainment,UPI,Madurai,Success
TXN03961,Sanjay,Metro,2026-04-18,17:15,267.77,Transport,Card,Chennai,Failed
TXN03962,Meena,A2B,2026-09-26,00:46,630.79,Food,Card,Coimbatore,Success
TXN03963,Abinaya,Ola,2026-03-19,08:07,219.32,Transport,Card,Trichy,Success
TXN03964,Harini,Reliance Trends,2026-01-15,21:34,2731.45,Shopping,PhonePe,Trichy,Success
TXN03965,Nivetha,A2B,2026-09-25,21:58,900.0,Food,GPay,Madurai,Success
TXN03966,Vishnu,TNSTC,2026-03-10,00:54,686.33,Transport,GPay,Tenkasi,Failed
TXN03967,Vishnu,Steam,2026-01-19,04:02,395.23,Entertainment,Card,Coimbatore,Success
TXN03968,Rahul,Amazon,2026-03-17,20:07,1747.95,Shopping,PhonePe,Coimbatore,Success
TXN03969,Priya,Reliance Trends,2026-05-21,17:27,1232.62,Shopping,PhonePe,Chennai,Success
TXN03970,Keerthi,Metro,2026-08-21,01:34,864.75,Transport,UPI,Salem,Failed
TXN03971,Nivetha,Zomato,2026-06-17,15:42,235.29,Food,Card,Chennai,Success
TXN03972,Arun,Water Board,2026-06-23,12:05,3365.2,Bills,PhonePe,Chennai,Success
TXN03973,Rahul,DMart,2026-05-01,03:27,3386.14,Shopping,Card,Madurai,Success
TXN03974,Vishnu,Ola,2026-06-15,11:14,212.56,Transport,PhonePe,Tirunelveli,Success
TXN03975,Sanjay,Myntra,2026-01-17,12:12,1099.5,Shopping,UPI,Madurai,Success
TXN03976,Sanjay,Spotify,2026-04-24,17:37,482.76,Entertainment,Card,Madurai,Failed
TXN03977,Nivetha,Rapido,2026-06-09,12:32,559.75,Transport,UPI,Tirunelveli,Success
TXN03978,Meena,Hotstar,2026-02-02,10:31,1500.0,Entertainment,GPay,Madurai,Success
TXN03979,Abinaya,Dominos,2026-04-27,22:07,610.0,Food,GPay,Tenkasi,Success
TXN03980,Vishnu,A2B,2026-08-16,03:53,689.23,Food,Card,Madurai,Failed
TXN03981,Sanjay,A2B,2026-01-20,19:53,398.92,Food,GPay,Trichy,Pending
TXN03982,Rahul,Cafe Coffee Day,2026-08-17,18:21,189.41,Food,Card,Salem,Failed
TXN03983,Vishnu,Uber,2026-06-04,21:25,846.12,Transport,PhonePe,Salem,Pending
TXN03984,Anu,Myntra,2026-07-30,16:08,3233.36,Shopping,UPI,Chennai,Success
TXN03985,Swetha,Water Board,2026-08-07,10:10,1523.1,Bills,PhonePe,Madurai,Success
TXN03986,Kavi,Uber,2026-06-13,16:22,634.83,Transport,PhonePe,Chennai,Failed
TXN03987,Swetha,Flipkart,2026-07-01,19:52,2074.91,Shopping,PhonePe,Coimbatore,Success
TXN03988,Anu,Dominos,2026-03-17,22:36,320.84,Food,PhonePe,Chennai,Failed
TXN03989,Deva,Local Pharmacy,2026-04-17,01:17,1930.59,Health,Card,Madurai,Failed
TXN03990,Arun,Ola,2026-07-08,22:35,821.91,Transport,UPI,Tirunelveli,Failed
TXN03991,Sanjay,Myntra,2026-03-31,10:14,1239.55,Shopping,PhonePe,Madurai,Success
TXN03992,Harini,Amazon,2026-06-27,21:23,2696.33,Shopping,UPI,Salem,Success
TXN03993,Ishaan,Cafe Coffee Day,2026-01-13,15:55,363.06,Food,Card,Coimbatore,Success
TXN03994,Ishaan,Flipkart,2026-05-11,13:16,6000.0,Shopping,Card,Madurai,Success
TXN03995,Nivetha,Ola,2026-05-26,22:11,969.74,Transport,UPI,Madurai,Failed
TXN03996,Keerthi,Coursera,2026-02-28,14:29,3787.46,Education,UPI,Tenkasi,Pending
TXN03997,Rahul,Netflix,2026-03-26,02:37,573.52,Entertainment,GPay,Madurai,Success
TXN03998,Sanjay,RedBus,2026-05-27,03:22,335.56,Transport,GPay,Madurai,Pending
TXN03999,Swetha,Ola,2026-09-03,13:11,401.01,Transport,UPI,Tirunelveli,Pending
TXN04000,Keerthi,Cafe Coffee Day,2026-04-15,23:41,890.35,Food,UPI,Madurai,Failed
TXN04001,Swetha,TNSTC,2026-03-07,20:11,319.87,Transport,GPay,Chennai,Pending
TXN04002,Vishnu,Cafe Coffee Day,2026-05-04,06:52,900.0,Food,Card,Madurai,Success
TXN04003,Swetha,Amazon,2026-01-16,19:37,3292.11,Shopping,UPI,Madurai,Pending
TXN04004,Harini,Water Board,2026-04-07,14:11,4000.0,Bills,PhonePe,Trichy,Success
TXN04005,Rahul,Dominos,2026-07-31,14:51,900.0,Food,Card,Chennai,Success
TXN04006,Abinaya,Coursera,2026-07-21,08:12,909.89,Education,UPI,Madurai,Pending
TXN04007,Priya,Rapido,2026-03-07,04:33,418.64,Transport,GPay,Tirunelveli,Success
TXN04008,Nivetha,Cafe Coffee Day,2026-01-21,02:28,590.39,Food,UPI,Bengaluru,Failed
TXN04009,Nivetha,Zomato,2026-04-24,14:22,344.01,Food,Card,Chennai,Failed
TXN04010,Anu,BookMyShow,2026-08-31,15:26,1134.74,Entertainment,GPay,Tenkasi,Success
TXN04011,Kavi,Salon,2026-07-26,04:06,2000.0,Others,UPI,Chennai,Success
TXN04012,Ishaan,Rapido,2026-05-06,11:57,1200.0,Transport,PhonePe,Madurai,Success
TXN04013,Rahul,Uber,2026-08-11,10:29,1200.0,Transport,Card,Chennai,Success
TXN04014,Vishnu,Stationery Shop,2026-07-16,08:24,739.98,Others,GPay,Tirunelveli,Success
TXN04015,Swetha,Local Pharmacy,2026-07-02,21:56,3000.0,Health,PhonePe,Madurai,Success
TXN04016,Keerthi,Local Pharmacy,2026-03-22,21:49,1218.11,Health,UPI,Tenkasi,Success
TXN04017,Rahul,Ola,2026-02-17,10:11,585.23,Transport,Card,Trichy,Success
TXN04018,Abinaya,Reliance Trends,2026-04-02,11:25,4036.38,Shopping,UPI,Madurai,Success
TXN04019,Kavi,YouTube Premium,2026-05-28,23:19,864.22,Entertainment,PhonePe,Trichy,Success
TXN04020,Keerthi,A2B,2026-04-03,18:12,900.0,Food,Card,Coimbatore,Success
TXN04021,Deva,Google Workspace,2026-05-04,07:58,5000.0,Education,UPI,Coimbatore,Success
TXN04022,Ishaan,Uber,2026-02-12,12:45,875.61,Transport,UPI,Bengaluru,Success
TXN04023,Rahul,DMart,2026-07-03,03:10,1441.43,Shopping,PhonePe,Madurai,Success
TXN04024,Ishaan,Swiggy,2026-09-22,15:55,900.0,Food,Card,Madurai,Failed
TXN04025,Vishnu,Salon,2026-01-05,09:52,2000.0,Others,GPay,Chennai,Success
TXN04026,Arun,Uber,2026-09-11,22:12,644.53,Transport,PhonePe,Chennai,Success
TXN04027,Harini,TNSTC,2026-09-28,12:45,251.78,Transport,PhonePe,Madurai,Success
TXN04028,Abinaya,Reliance Trends,2026-02-13,10:39,1233.98,Shopping,Card,Madurai,Success
TXN04029,Arun,Flipkart,2026-05-09,07:48,1660.04,Shopping,GPay,Madurai,Success
TXN04030,Rahul,Meesho,2026-02-23,00:30,3060.26,Shopping,PhonePe,Coimbatore,Pending
TXN04031,Swetha,Dominos,2026-01-24,20:59,900.0,Food,Card,Coimbatore,Success
TXN04032,Harini,Metro,2026-06-04,04:23,1113.12,Transport,UPI,Tenkasi,Success
TXN04033,Swetha,PharmEasy,2026-01-02,04:52,3000.0,Health,GPay,Chennai,Success
TXN04034,Vishnu,TNSTC,2026-02-06,12:42,877.69,Transport,PhonePe,Coimbatore,Success
TXN04035,Priya,Local Store,2026-07-26,01:08,1209.24,Others,PhonePe,Trichy,Success
TXN04036,Priya,Swiggy,2026-08-10,11:26,550.74,Food,PhonePe,Madurai,Failed
TXN04037,Nivetha,Cafe Coffee Day,2026-06-17,04:42,271.63,Food,GPay,Bengaluru,Pending
TXN04038,Ishaan,Airtel,2026-03-20,00:55,1242.2,Bills,GPay,Trichy,Success
TXN04039,Harini,Dominos,2026-02-08,08:44,423.81,Food,GPay,Coimbatore,Success
TXN04040,Nivetha,A2B,2026-02-18,13:42,387.13,Food,PhonePe,Coimbatore,Success
TXN04041,Keerthi,Dominos,2026-03-11,04:39,551.84,Food,PhonePe,Madurai,Success
TXN04042,Abinaya,A2B,2026-03-08,06:17,900.0,Food,UPI,Madurai,Success
TXN04043,Priya,Metro,2026-01-15,03:15,367.76,Transport,Card,Madurai,Success
TXN04044,Nivetha,Steam,2026-02-28,07:05,707.19,Entertainment,GPay,Tenkasi,Success
TXN04045,Meena,YouTube Premium,2026-02-21,06:34,1361.54,Entertainment,PhonePe,Chennai,Failed
TXN04046,Sanjay,Zomato,2026-07-13,03:59,786.4,Food,PhonePe,Madurai,Failed
TXN04047,Priya,Stationery Shop,2026-07-30,23:11,1290.58,Others,UPI,Madurai,Success
TXN04048,Anu,A2B,2026-09-14,13:38,586.05,Food,UPI,Madurai,Success
TXN04049,Swetha,Amazon Kindle,2026-01-03,05:54,2696.31,Education,Card,Tirunelveli,Success
TXN04050,Arun,Myntra,2026-05-18,05:56,3462.13,Shopping,Card,Coimbatore,Success
TXN04051,Abinaya,Miscellaneous,2026-08-12,15:29,2000.0,Others,UPI,Trichy,Success
TXN04052,Sanjay,Metro,2026-07-04,06:03,316.15,Transport,PhonePe,Chennai,Success
TXN04053,Rahul,HealthPlus,2026-02-17,11:25,1541.82,Health,UPI,Tirunelveli,Success
TXN04054,Priya,Steam,2026-06-20,19:12,511.36,Entertainment,Card,Bengaluru,Success
TXN04055,Ishaan,Coursera,2026-07-09,08:24,4072.88,Education,Card,Coimbatore,Success
TXN04056,Meena,Miscellaneous,2026-06-03,03:35,1114.02,Others,Card,Madurai,Success
TXN04057,Rahul,A2B,2026-05-08,13:48,393.09,Food,UPI,Tirunelveli,Success
TXN04058,Nivetha,RedBus,2026-05-19,13:26,592.89,Transport,UPI,Chennai,Success
TXN04059,Nivetha,Meesho,2026-04-17,19:09,4969.99,Shopping,PhonePe,Chennai,Success
TXN04060,Nivetha,KFC,2026-06-23,08:31,900.0,Food,Card,Trichy,Success
TXN04061,Ishaan,1mg,2026-03-19,10:09,1409.31,Health,Card,Madurai,Success
TXN04062,Anu,Apollo Pharmacy,2026-08-23,22:00,2272.61,Health,PhonePe,Chennai,Pending
TXN04063,Keerthi,Metro,2026-04-25,11:03,558.83,Transport,PhonePe,Chennai,Pending
TXN04064,Deva,A2B,2026-06-18,17:04,900.0,Food,UPI,Bengaluru,Success
TXN04065,Deva,Local Pharmacy,2026-02-21,13:25,3000.0,Health,GPay,Tenkasi,Success
TXN04066,Meena,Metro,2026-05-02,21:01,512.87,Transport,Card,Madurai,Failed
TXN04067,Swetha,KFC,2026-02-19,12:05,467.69,Food,GPay,Salem,Success
TXN04068,Sanjay,Spotify,2026-07-21,17:35,474.8,Entertainment,GPay,Bengaluru,Success
TXN04069,Deva,Metro,2026-05-06,00:47,1119.91,Transport,GPay,Trichy,Success
TXN04070,Swetha,BookMyShow,2026-01-31,16:05,1442.12,Entertainment,PhonePe,Madurai,Success
TXN04071,Priya,DMart,2026-05-21,18:18,3037.23,Shopping,GPay,Tirunelveli,Success
TXN04072,Harini,RedBus,2026-03-13,13:11,988.52,Transport,GPay,Tirunelveli,Failed
TXN04073,Ishaan,Cafe Coffee Day,2026-03-04,09:44,431.4,Food,GPay,Coimbatore,Success
TXN04074,Swetha,BookMyShow,2026-07-23,06:16,771.22,Entertainment,UPI,Madurai,Success
TXN04075,Sanjay,A2B,2026-03-26,13:15,827.55,Food,PhonePe,Madurai,Pending
TXN04076,Ishaan,Metro,2026-04-08,20:24,408.5,Transport,Card,Chennai,Success
TXN04077,Rahul,Swiggy,2026-04-21,13:29,617.24,Food,UPI,Madurai,Success
TXN04078,Ishaan,KFC,2026-02-26,06:11,338.53,Food,GPay,Coimbatore,Pending
TXN04079,Harini,Metro,2026-05-30,19:21,1200.0,Transport,Card,Trichy,Pending
TXN04080,Kavi,BookMyShow,2026-01-14,14:03,832.34,Entertainment,Card,Tenkasi,Pending
TXN04081,Deva,Water Board,2026-02-26,01:07,2027.75,Bills,PhonePe,Madurai,Failed
TXN04082,Harini,Swiggy,2026-01-15,03:52,446.4,Food,UPI,Madurai,Failed
TXN04083,Swetha,Dominos,2026-01-18,02:46,270.01,Food,UPI,Trichy,Pending
TXN04084,Deva,Flipkart,2026-09-01,22:43,1663.67,Shopping,UPI,Madurai,Success
TXN04085,Vishnu,BookMyShow,2026-05-21,18:12,1500.0,Entertainment,PhonePe,Coimbatore,Pending
TXN04086,Ishaan,Uber,2026-02-01,02:25,397.38,Transport,UPI,Madurai,Success
TXN04087,Rahul,Dominos,2026-05-09,18:34,372.63,Food,GPay,Tenkasi,Success
TXN04088,Kavi,Swiggy,2026-02-12,00:51,479.53,Food,UPI,Chennai,Failed
TXN04089,Vishnu,Uber,2026-03-19,18:04,645.4,Transport,PhonePe,Chennai,Success
TXN04090,Vishnu,KFC,2026-07-26,18:34,517.6,Food,Card,Salem,Success
TXN04091,Nivetha,Jio,2026-05-30,04:55,3053.27,Bills,GPay,Bengaluru,Success
TXN04092,Vishnu,Jio,2026-06-18,10:19,4000.0,Bills,UPI,Tirunelveli,Failed
TXN04093,Ishaan,RedBus,2026-06-13,06:44,637.71,Transport,GPay,Salem,Success
TXN04094,Harini,Amazon,2026-02-19,16:34,1327.48,Shopping,Card,Madurai,Failed
TXN04095,Kavi,Reliance Trends,2026-02-10,11:03,4322.39,Shopping,Card,Madurai,Success
TXN04096,Kavi,Local Pharmacy,2026-03-01,06:56,1617.96,Health,GPay,Salem,Success
TXN04097,Swetha,Airtel,2026-03-11,10:21,1787.27,Bills,UPI,Trichy,Success
TXN04098,Sanjay,Meesho,2026-02-15,09:52,2382.46,Shopping,PhonePe,Salem,Failed
TXN04099,Kavi,Jio,2026-06-03,10:49,4000.0,Bills,Card,Madurai,Pending
TXN04100,Keerthi,Zomato,2026-04-20,14:53,479.1,Food,GPay,Coimbatore,Failed
TXN04101,Vishnu,Dominos,2026-05-31,14:37,312.21,Food,Card,Coimbatore,Success
TXN04102,Arun,Ola,2026-09-13,10:17,815.99,Transport,GPay,Madurai,Success
TXN04103,Kavi,KFC,2026-05-27,05:46,900.0,Food,Card,Tenkasi,Success
TXN04104,Sanjay,Ola,2026-01-25,02:35,363.81,Transport,UPI,Madurai,Success
TXN04105,Deva,DMart,2026-06-19,01:45,6000.0,Shopping,UPI,Madurai,Success
TXN04106,Arun,BookMyShow,2026-02-04,13:52,397.57,Entertainment,PhonePe,Tenkasi,Success
TXN04107,Ishaan,KFC,2026-06-15,05:59,545.37,Food,UPI,Tirunelveli,Success
TXN04108,Rahul,Metro,2026-03-13,21:36,1006.13,Transport,GPay,Trichy,Success
TXN04109,Ishaan,A2B,2026-08-27,19:55,334.74,Food,GPay,Coimbatore,Pending
TXN04110,Arun,Google Workspace,2026-09-27,12:15,1398.28,Education,UPI,Trichy,Failed
TXN04111,Harini,BookMyShow,2026-01-16,12:36,664.28,Entertainment,PhonePe,Tenkasi,Success
TXN04112,Arun,Netflix,2026-08-20,11:52,1500.0,Entertainment,UPI,Bengaluru,Success
TXN04113,Keerthi,Metro,2026-09-16,10:06,837.86,Transport,UPI,Chennai,Success
TXN04114,Vishnu,Stationery Shop,2026-02-14,15:33,517.85,Others,Card,Bengaluru,Pending
TXN04115,Harini,Ola,2026-07-07,00:53,1200.0,Transport,UPI,Chennai,Success
TXN04116,Harini,Myntra,2026-01-22,02:49,2408.11,Shopping,Card,Salem,Success
TXN04117,Vishnu,ACT Fibernet,2026-04-24,00:10,2549.52,Bills,UPI,Bengaluru,Success
TXN04118,Meena,Electricity Board,2026-05-14,01:22,3406.29,Bills,Card,Tenkasi,Success
TXN04119,Meena,Cafe Coffee Day,2026-01-02,21:46,748.41,Food,GPay,Chennai,Success
TXN04120,Harini,Dominos,2026-05-20,03:25,389.38,Food,GPay,Coimbatore,Pending
TXN04121,Priya,Dominos,2026-07-28,05:45,629.64,Food,GPay,Coimbatore,Success
TXN04122,Meena,Zomato,2026-03-24,04:46,604.17,Food,GPay,Trichy,Success
TXN04123,Priya,Airtel,2026-03-21,09:41,2331.06,Bills,PhonePe,Coimbatore,Success
TXN04124,Meena,Jio,2026-09-27,06:34,4000.0,Bills,UPI,Madurai,Success
TXN04125,Arun,Rapido,2026-01-01,09:18,437.39,Transport,UPI,Coimbatore,Success
TXN04126,Abinaya,Amazon,2026-03-01,07:47,1893.79,Shopping,UPI,Trichy,Success
TXN04127,Keerthi,Myntra,2026-06-27,22:46,4201.48,Shopping,GPay,Tirunelveli,Success
TXN04128,Vishnu,Amazon,2026-06-13,15:07,4266.02,Shopping,UPI,Salem,Success
TXN04129,Priya,Udemy,2026-08-12,09:52,4034.05,Education,PhonePe,Tirunelveli,Success
TXN04130,Sanjay,Uber,2026-01-21,20:26,343.58,Transport,UPI,Trichy,Success
TXN04131,Meena,Electricity Board,2026-01-09,02:29,3002.42,Bills,PhonePe,Madurai,Failed
TXN04132,Keerthi,Uber,2026-06-18,08:16,239.44,Transport,UPI,Chennai,Pending
TXN04133,Kavi,Myntra,2026-02-18,22:23,2642.04,Shopping,PhonePe,Tenkasi,Failed
TXN04134,Ishaan,Myntra,2026-05-28,21:27,1203.52,Shopping,Card,Chennai,Success
TXN04135,Meena,Stationery Shop,2026-09-19,23:00,664.28,Others,GPay,Madurai,Pending
TXN04136,Keerthi,KFC,2026-04-24,11:45,900.0,Food,GPay,Tenkasi,Success
TXN04137,Keerthi,Dominos,2026-04-27,15:51,287.02,Food,GPay,Coimbatore,Pending
TXN04138,Arun,KFC,2026-04-24,22:33,88.73,Food,PhonePe,Tirunelveli,Success
TXN04139,Nivetha,Hotstar,2026-05-03,13:44,1060.49,Entertainment,Card,Salem,Success
TXN04140,Arun,RedBus,2026-06-15,11:45,232.76,Transport,UPI,Madurai,Failed
TXN04141,Swetha,Dominos,2026-01-11,18:35,214.76,Food,UPI,Chennai,Pending
TXN04142,Priya,Myntra,2026-08-09,19:20,2343.76,Shopping,GPay,Coimbatore,Success
TXN04143,Abinaya,Cafe Coffee Day,2026-09-24,20:44,239.11,Food,UPI,Trichy,Success
TXN04144,Harini,Hotstar,2026-01-25,13:15,812.87,Entertainment,GPay,Madurai,Pending
TXN04145,Harini,Amazon Kindle,2026-05-20,12:40,2461.84,Education,PhonePe,Chennai,Success
TXN04146,Keerthi,Dominos,2026-03-15,15:09,272.85,Food,Card,Madurai,Success
TXN04147,Kavi,Meesho,2026-02-05,10:12,3434.68,Shopping,Card,Bengaluru,Pending
TXN04148,Keerthi,Reliance Trends,2026-04-23,21:40,1197.1,Shopping,PhonePe,Coimbatore,Success
TXN04149,Meena,Apollo Pharmacy,2026-07-24,21:01,3000.0,Health,Card,Madurai,Pending
TXN04150,Priya,RedBus,2026-05-18,10:17,1200.0,Transport,Card,Tenkasi,Success
TXN04151,Swetha,Temple,2026-01-05,18:08,679.5,Others,PhonePe,Tirunelveli,Success
TXN04152,Sanjay,ACT Fibernet,2026-03-31,07:15,3484.37,Bills,PhonePe,Madurai,Success
TXN04153,Meena,Rapido,2026-02-10,15:30,766.68,Transport,GPay,Madurai,Success
TXN04154,Priya,Cafe Coffee Day,2026-05-07,13:35,588.24,Food,UPI,Chennai,Success
TXN04155,Kavi,Hotstar,2026-08-23,09:37,455.69,Entertainment,UPI,Chennai,Success
TXN04156,Keerthi,KFC,2026-07-13,00:30,262.84,Food,PhonePe,Madurai,Success
TXN04157,Ishaan,Spotify,2026-05-03,07:16,508.95,Entertainment,Card,Madurai,Success
TXN04158,Sanjay,Zomato,2026-05-30,12:14,631.67,Food,UPI,Madurai,Pending
TXN04159,Keerthi,Zomato,2026-03-13,17:55,363.63,Food,GPay,Madurai,Success
TXN04160,Deva,Dominos,2026-08-11,13:23,130.8,Food,GPay,Madurai,Success
TXN04161,Keerthi,Stationery Shop,2026-03-22,03:23,596.37,Others,GPay,Salem,Success
TXN04162,Ishaan,TNSTC,2026-01-14,10:18,1177.89,Transport,PhonePe,Bengaluru,Success
TXN04163,Harini,Uber,2026-07-03,23:21,353.27,Transport,PhonePe,Chennai,Success
TXN04164,Arun,Zomato,2026-04-18,16:12,572.87,Food,Card,Madurai,Success
TXN04165,Harini,Jio,2026-01-17,07:21,1420.34,Bills,PhonePe,Madurai,Success
TXN04166,Vishnu,Jio,2026-01-24,10:18,959.59,Bills,PhonePe,Madurai,Failed
TXN04167,Swetha,Hotstar,2026-04-05,05:09,1500.0,Entertainment,UPI,Bengaluru,Success
TXN04168,Harini,Swiggy,2026-05-03,21:56,255.16,Food,GPay,Madurai,Success
TXN04169,Deva,Udemy,2026-09-07,02:53,5000.0,Education,PhonePe,Chennai,Success
TXN04170,Abinaya,Salon,2026-06-24,14:41,983.88,Others,GPay,Madurai,Success
TXN04171,Harini,Apollo Pharmacy,2026-05-24,23:53,1562.67,Health,UPI,Madurai,Success
TXN04172,Kavi,TNSTC,2026-06-08,00:05,1005.36,Transport,UPI,Coimbatore,Success
TXN04173,Rahul,Metro,2026-01-01,09:45,906.23,Transport,PhonePe,Coimbatore,Success
TXN04174,Nivetha,A2B,2026-04-30,02:49,569.32,Food,PhonePe,Tirunelveli,Success
TXN04175,Sanjay,Local Pharmacy,2026-02-08,09:43,1263.18,Health,Card,Tenkasi,Failed
TXN04176,Harini,A2B,2026-08-16,00:26,661.91,Food,UPI,Madurai,Success
TXN04177,Kavi,Cafe Coffee Day,2026-02-23,02:44,740.67,Food,UPI,Tenkasi,Success
TXN04178,Rahul,College Fees,2026-08-08,11:36,1121.03,Education,Card,Chennai,Pending
TXN04179,Anu,Apollo Pharmacy,2026-08-03,02:17,1559.19,Health,Card,Madurai,Pending
TXN04180,Abinaya,Zomato,2026-02-14,23:54,134.3,Food,PhonePe,Madurai,Failed
TXN04181,Anu,Metro,2026-02-07,21:19,806.07,Transport,GPay,Chennai,Success
TXN04182,Priya,Uber,2026-02-28,13:20,340.85,Transport,GPay,Madurai,Pending
TXN04183,Sanjay,Meesho,2026-07-17,21:28,4178.42,Shopping,Card,Coimbatore,Success
TXN04184,Sanjay,Dominos,2026-03-11,05:09,447.7,Food,UPI,Chennai,Success
TXN04185,Sanjay,Flipkart,2026-03-21,02:26,3827.6,Shopping,UPI,Coimbatore,Failed
TXN04186,Harini,1mg,2026-09-20,12:32,3000.0,Health,UPI,Tirunelveli,Pending
TXN04187,Deva,TNSTC,2026-05-27,05:11,380.99,Transport,GPay,Salem,Success
TXN04188,Ishaan,Reliance Trends,2026-05-06,15:28,2947.73,Shopping,GPay,Madurai,Success
TXN04189,Swetha,A2B,2026-02-07,07:04,513.19,Food,PhonePe,Salem,Success
TXN04190,Ishaan,Flipkart,2026-04-17,04:19,1572.55,Shopping,Card,Chennai,Success
TXN04191,Swetha,Dominos,2026-09-09,22:29,781.22,Food,UPI,Bengaluru,Success
TXN04192,Deva,KFC,2026-06-25,19:27,900.0,Food,Card,Tirunelveli,Success
TXN04193,Keerthi,Uber,2026-03-13,01:24,701.19,Transport,PhonePe,Bengaluru,Failed
TXN04194,Kavi,Uber,2026-06-30,05:35,1200.0,Transport,GPay,Tirunelveli,Success
TXN04195,Harini,Metro,2026-08-16,07:31,860.62,Transport,PhonePe,Chennai,Success
TXN04196,Kavi,YouTube Premium,2026-05-24,10:47,869.98,Entertainment,Card,Tirunelveli,Success
TXN04197,Deva,A2B,2026-07-07,22:57,804.63,Food,PhonePe,Bengaluru,Success
TXN04198,Anu,Dominos,2026-08-29,14:01,445.26,Food,Card,Bengaluru,Failed
TXN04199,Meena,Local Store,2026-08-07,05:27,916.3,Others,UPI,Chennai,Failed
TXN04200,Ishaan,Airtel,2026-07-08,04:06,2868.89,Bills,UPI,Tirunelveli,Pending
TXN04201,Ishaan,Uber,2026-01-03,14:06,1200.0,Transport,PhonePe,Chennai,Success
TXN04202,Priya,Google Workspace,2026-07-16,18:13,1575.75,Education,Card,Bengaluru,Success
TXN04203,Vishnu,A2B,2026-03-06,15:16,236.33,Food,GPay,Madurai,Success
TXN04204,Nivetha,TNSTC,2026-06-13,23:58,754.51,Transport,PhonePe,Coimbatore,Pending
TXN04205,Arun,Uber,2026-05-18,04:43,199.25,Transport,PhonePe,Chennai,Success
TXN04206,Priya,Swiggy,2026-07-10,00:08,380.88,Food,UPI,Coimbatore,Success
TXN04207,Priya,Zomato,2026-08-25,18:46,461.55,Food,UPI,Tirunelveli,Success
TXN04208,Keerthi,Miscellaneous,2026-06-26,16:49,763.64,Others,GPay,Salem,Success
TXN04209,Arun,Cafe Coffee Day,2026-03-01,17:44,900.0,Food,PhonePe,Chennai,Success
TXN04210,Nivetha,ACT Fibernet,2026-04-15,07:51,4000.0,Bills,Card,Tenkasi,Success
TXN04211,Arun,Cafe Coffee Day,2026-08-20,18:57,900.0,Food,GPay,Coimbatore,Success
TXN04212,Vishnu,DMart,2026-04-09,15:10,3154.71,Shopping,PhonePe,Bengaluru,Success
TXN04213,Nivetha,Airtel,2026-02-02,13:28,2326.98,Bills,UPI,Madurai,Success
TXN04214,Harini,Meesho,2026-07-22,06:43,2377.96,Shopping,Card,Tirunelveli,Success
TXN04215,Sanjay,TNSTC,2026-08-07,06:50,1160.26,Transport,PhonePe,Madurai,Failed
TXN04216,Kavi,Apollo Pharmacy,2026-01-14,01:40,665.44,Health,PhonePe,Madurai,Success
TXN04217,Sanjay,DMart,2026-07-18,08:38,2523.33,Shopping,UPI,Coimbatore,Success
TXN04218,Deva,KFC,2026-08-20,23:03,900.0,Food,PhonePe,Madurai,Success
TXN04219,Harini,KFC,2026-07-27,17:01,435.1,Food,PhonePe,Madurai,Pending
TXN04220,Nivetha,Metro,2026-01-05,11:27,460.72,Transport,PhonePe,Tenkasi,Success
TXN04221,Sanjay,Steam,2026-03-10,00:49,536.62,Entertainment,UPI,Madurai,Success
TXN04222,Anu,Reliance Trends,2026-01-27,03:52,1879.03,Shopping,UPI,Salem,Failed
TXN04223,Priya,Zomato,2026-04-21,12:46,354.47,Food,UPI,Madurai,Success
TXN04224,Vishnu,Uber,2026-02-25,11:19,804.61,Transport,GPay,Tenkasi,Success
TXN04225,Harini,Rapido,2026-01-31,18:27,632.7,Transport,UPI,Madurai,Failed
TXN04226,Deva,Swiggy,2026-05-11,21:46,900.0,Food,GPay,Bengaluru,Success
TXN04227,Abinaya,Coursera,2026-02-02,11:53,1134.97,Education,UPI,Madurai,Success
TXN04228,Harini,TNSTC,2026-04-20,11:16,430.65,Transport,UPI,Salem,Success
TXN04229,Meena,Flipkart,2026-09-21,22:02,1577.67,Shopping,GPay,Tenkasi,Success
TXN04230,Rahul,Ola,2026-09-16,01:42,409.92,Transport,UPI,Chennai,Success
TXN04231,Abinaya,Zomato,2026-07-26,17:37,335.88,Food,GPay,Tenkasi,Success
TXN04232,Harini,A2B,2026-08-19,18:44,620.77,Food,GPay,Madurai,Success
TXN04233,Abinaya,YouTube Premium,2026-08-25,22:25,1139.18,Entertainment,GPay,Madurai,Success
TXN04234,Harini,Amazon,2026-02-22,14:52,4188.62,Shopping,PhonePe,Salem,Success
TXN04235,Kavi,Swiggy,2026-09-22,14:25,766.92,Food,Card,Chennai,Success
TXN04236,Kavi,Swiggy,2026-08-13,12:09,840.8,Food,Card,Coimbatore,Success
TXN04237,Nivetha,HealthPlus,2026-04-12,05:27,1941.59,Health,PhonePe,Trichy,Pending
TXN04238,Kavi,Local Pharmacy,2026-06-14,00:57,2401.41,Health,GPay,Chennai,Pending
TXN04239,Meena,YouTube Premium,2026-07-02,21:58,696.87,Entertainment,PhonePe,Madurai,Success
TXN04240,Kavi,KFC,2026-08-14,05:07,225.32,Food,Card,Coimbatore,Success
TXN04241,Anu,RedBus,2026-09-18,05:34,424.52,Transport,PhonePe,Madurai,Success
TXN04242,Priya,Rapido,2026-08-28,23:54,1200.0,Transport,PhonePe,Chennai,Success
TXN04243,Anu,Meesho,2026-06-19,18:24,1693.2,Shopping,GPay,Coimbatore,Pending
TXN04244,Keerthi,YouTube Premium,2026-04-17,00:08,654.6,Entertainment,Card,Chennai,Failed
TXN04245,Abinaya,Zomato,2026-03-22,15:46,237.17,Food,UPI,Madurai,Success
TXN04246,Rahul,Zomato,2026-04-24,08:42,796.26,Food,Card,Trichy,Failed
TXN04247,Kavi,PharmEasy,2026-06-13,04:17,1503.17,Health,GPay,Tenkasi,Success
TXN04248,Anu,KFC,2026-05-03,00:09,389.73,Food,Card,Bengaluru,Success
TXN04249,Rahul,Reliance Trends,2026-08-30,04:16,1006.47,Shopping,GPay,Tirunelveli,Failed
TXN04250,Vishnu,Cafe Coffee Day,2026-03-27,16:30,473.09,Food,Card,Madurai,Success
TXN04251,Rahul,TNSTC,2026-09-14,09:59,1124.63,Transport,GPay,Chennai,Success
TXN04252,Anu,Flipkart,2026-09-16,13:18,4443.74,Shopping,Card,Madurai,Pending
TXN04253,Abinaya,Flipkart,2026-08-15,02:49,2158.5,Shopping,GPay,Tirunelveli,Success
TXN04254,Kavi,Zomato,2026-05-23,04:48,285.59,Food,PhonePe,Madurai,Pending
TXN04255,Ishaan,Zomato,2026-01-27,11:54,498.98,Food,Card,Tenkasi,Success
TXN04256,Sanjay,DMart,2026-02-18,21:07,1319.12,Shopping,Card,Coimbatore,Success
TXN04257,Keerthi,Miscellaneous,2026-09-01,03:41,1360.35,Others,GPay,Chennai,Pending
TXN04258,Anu,Electricity Board,2026-07-24,13:44,1105.92,Bills,Card,Trichy,Success
TXN04259,Harini,Meesho,2026-05-01,06:38,1915.59,Shopping,Card,Madurai,Failed
TXN04260,Swetha,A2B,2026-07-07,05:11,288.42,Food,GPay,Madurai,Failed
TXN04261,Keerthi,Ola,2026-07-14,23:17,909.78,Transport,UPI,Tirunelveli,Success
TXN04262,Deva,Amazon Kindle,2026-04-04,04:20,1511.15,Education,PhonePe,Tirunelveli,Pending
TXN04263,Arun,Uber,2026-01-07,15:39,380.35,Transport,UPI,Madurai,Success
TXN04264,Anu,Swiggy,2026-05-05,14:22,900.0,Food,Card,Trichy,Pending
TXN04265,Swetha,Uber,2026-02-28,02:49,857.19,Transport,Card,Madurai,Pending
TXN04266,Abinaya,A2B,2026-02-05,13:32,498.69,Food,GPay,Trichy,Success
TXN04267,Vishnu,DMart,2026-01-16,17:12,3249.67,Shopping,Card,Salem,Success
TXN04268,Priya,Swiggy,2026-05-14,15:59,150.74,Food,PhonePe,Chennai,Pending
TXN04269,Arun,Rapido,2026-06-13,09:51,693.63,Transport,PhonePe,Chennai,Success
TXN04270,Meena,RedBus,2026-02-15,20:29,1200.0,Transport,UPI,Trichy,Success
TXN04271,Kavi,Zomato,2026-02-16,08:36,290.52,Food,Card,Madurai,Success
TXN04272,Deva,Electricity Board,2026-07-18,09:40,903.83,Bills,Card,Bengaluru,Pending
TXN04273,Vishnu,Miscellaneous,2026-04-17,03:07,328.18,Others,PhonePe,Madurai,Success
TXN04274,Nivetha,Electricity Board,2026-07-06,04:59,1083.83,Bills,Card,Madurai,Success
TXN04275,Priya,RedBus,2026-03-27,17:00,266.17,Transport,UPI,Chennai,Success
TXN04276,Ishaan,Udemy,2026-03-14,00:42,3027.59,Education,GPay,Madurai,Pending
TXN04277,Harini,Reliance Trends,2026-07-13,00:35,4209.62,Shopping,GPay,Tenkasi,Success
TXN04278,Kavi,A2B,2026-04-17,04:53,664.12,Food,UPI,Coimbatore,Success
TXN04279,Keerthi,BookMyShow,2026-01-30,22:00,583.44,Entertainment,PhonePe,Madurai,Pending
TXN04280,Nivetha,Cafe Coffee Day,2026-08-04,22:22,868.71,Food,PhonePe,Madurai,Success
TXN04281,Harini,Zomato,2026-02-15,01:59,152.14,Food,PhonePe,Coimbatore,Success
TXN04282,Nivetha,Amazon,2026-05-01,02:15,2112.84,Shopping,GPay,Madurai,Failed
TXN04283,Rahul,KFC,2026-09-30,01:31,372.73,Food,GPay,Coimbatore,Success
TXN04284,Meena,Zomato,2026-05-23,02:12,663.16,Food,PhonePe,Tenkasi,Success
TXN04285,Meena,Myntra,2026-01-26,21:13,1347.67,Shopping,PhonePe,Salem,Failed
TXN04286,Deva,Cafe Coffee Day,2026-04-23,21:37,468.44,Food,UPI,Madurai,Pending
TXN04287,Harini,Dominos,2026-07-21,05:48,787.5,Food,PhonePe,Chennai,Success
TXN04288,Keerthi,RedBus,2026-03-12,23:01,933.64,Transport,GPay,Tenkasi,Success
TXN04289,Harini,Steam,2026-06-05,15:39,561.92,Entertainment,UPI,Coimbatore,Failed
TXN04290,Ishaan,Miscellaneous,2026-04-23,02:30,1277.48,Others,GPay,Tirunelveli,Success
TXN04291,Abinaya,Jio,2026-05-06,00:17,1524.28,Bills,PhonePe,Bengaluru,Pending
TXN04292,Harini,KFC,2026-08-18,21:07,351.53,Food,PhonePe,Coimbatore,Failed
TXN04293,Ishaan,KFC,2026-03-05,10:31,420.56,Food,GPay,Bengaluru,Failed
TXN04294,Sanjay,Udemy,2026-07-28,12:09,5000.0,Education,PhonePe,Chennai,Success
TXN04295,Swetha,Coursera,2026-08-07,16:20,5000.0,Education,Card,Trichy,Success
TXN04296,Vishnu,Cafe Coffee Day,2026-07-23,04:16,772.11,Food,Card,Madurai,Success
TXN04297,Meena,Metro,2026-05-01,14:45,330.08,Transport,PhonePe,Coimbatore,Success
TXN04298,Meena,Hotstar,2026-02-14,22:20,1302.51,Entertainment,UPI,Salem,Success
TXN04299,Keerthi,College Fees,2026-07-25,05:52,2312.56,Education,PhonePe,Tirunelveli,Success
TXN04300,Priya,KFC,2026-08-16,17:34,634.74,Food,Card,Madurai,Success
TXN04301,Meena,DMart,2026-07-23,02:55,2058.56,Shopping,PhonePe,Madurai,Success
TXN04302,Vishnu,Dominos,2026-01-01,15:49,692.13,Food,PhonePe,Chennai,Failed
TXN04303,Arun,A2B,2026-02-24,04:37,711.3,Food,UPI,Coimbatore,Failed
TXN04304,Anu,A2B,2026-03-19,14:48,505.89,Food,Card,Tenkasi,Success
TXN04305,Arun,Local Store,2026-01-13,18:44,1394.23,Others,Card,Tirunelveli,Success
TXN04306,Keerthi,Udemy,2026-01-16,02:28,1309.82,Education,GPay,Coimbatore,Success
TXN04307,Keerthi,Miscellaneous,2026-07-18,11:15,1373.11,Others,Card,Madurai,Success
TXN04308,Meena,TNSTC,2026-06-30,13:31,427.78,Transport,GPay,Coimbatore,Success
TXN04309,Swetha,A2B,2026-02-28,10:31,900.0,Food,Card,Madurai,Success
TXN04310,Harini,RedBus,2026-01-03,20:35,503.29,Transport,UPI,Madurai,Success
TXN04311,Ishaan,Flipkart,2026-08-17,19:09,1313.71,Shopping,PhonePe,Madurai,Failed
TXN04312,Anu,TNSTC,2026-04-30,21:55,1200.0,Transport,GPay,Tenkasi,Pending
TXN04313,Swetha,Netflix,2026-03-05,03:28,830.38,Entertainment,PhonePe,Madurai,Success
TXN04314,Anu,Udemy,2026-09-17,13:21,3809.71,Education,GPay,Tenkasi,Pending
TXN04315,Abinaya,Cafe Coffee Day,2026-01-12,13:42,472.83,Food,PhonePe,Coimbatore,Failed
TXN04316,Sanjay,Cafe Coffee Day,2026-03-24,07:45,208.08,Food,PhonePe,Tenkasi,Success
TXN04317,Harini,Zomato,2026-01-09,13:07,388.84,Food,GPay,Tenkasi,Pending
TXN04318,Keerthi,Zomato,2026-04-11,00:40,473.21,Food,Card,Madurai,Pending
TXN04319,Swetha,Flipkart,2026-08-05,04:44,4654.51,Shopping,PhonePe,Madurai,Success
TXN04320,Nivetha,YouTube Premium,2026-05-03,16:01,858.52,Entertainment,Card,Tirunelveli,Success
TXN04321,Sanjay,Metro,2026-06-17,16:53,508.26,Transport,GPay,Madurai,Pending
TXN04322,Kavi,Steam,2026-07-20,22:38,684.77,Entertainment,UPI,Tirunelveli,Success
TXN04323,Anu,Reliance Trends,2026-01-26,12:59,4472.18,Shopping,Card,Salem,Success
TXN04324,Keerthi,Reliance Trends,2026-06-05,08:38,4843.63,Shopping,PhonePe,Coimbatore,Success
TXN04325,Deva,Local Store,2026-07-14,22:22,585.08,Others,GPay,Madurai,Success
TXN04326,Keerthi,Electricity Board,2026-09-21,06:46,2176.65,Bills,Card,Coimbatore,Success
TXN04327,Nivetha,Cafe Coffee Day,2026-04-28,22:34,728.56,Food,PhonePe,Salem,Success
TXN04328,Sanjay,Rapido,2026-03-23,14:12,1200.0,Transport,Card,Coimbatore,Pending
TXN04329,Deva,TNSTC,2026-09-23,10:41,1200.0,Transport,Card,Chennai,Success
TXN04330,Priya,Udemy,2026-07-06,17:54,1191.26,Education,Card,Madurai,Success
TXN04331,Abinaya,BookMyShow,2026-03-23,22:12,787.13,Entertainment,UPI,Bengaluru,Success
TXN04332,Swetha,College Fees,2026-05-09,10:15,1178.27,Education,PhonePe,Tirunelveli,Pending
TXN04333,Vishnu,Ola,2026-06-22,18:16,1200.0,Transport,Card,Bengaluru,Failed
TXN04334,Anu,Netflix,2026-01-31,12:19,896.34,Entertainment,UPI,Madurai,Success
TXN04335,Abinaya,Metro,2026-08-26,05:38,965.97,Transport,UPI,Coimbatore,Success
TXN04336,Abinaya,Jio,2026-04-11,19:21,1256.88,Bills,UPI,Chennai,Success
TXN04337,Nivetha,Jio,2026-09-08,04:50,1461.88,Bills,PhonePe,Chennai,Pending
TXN04338,Anu,RedBus,2026-01-03,08:14,744.77,Transport,UPI,Madurai,Pending
TXN04339,Keerthi,Water Board,2026-06-21,19:05,4000.0,Bills,Card,Madurai,Success
TXN04340,Kavi,Myntra,2026-01-03,10:14,1171.0,Shopping,PhonePe,Chennai,Pending
TXN04341,Abinaya,YouTube Premium,2026-04-18,11:43,1442.52,Entertainment,GPay,Tenkasi,Success
TXN04342,Keerthi,Flipkart,2026-05-16,23:20,3467.87,Shopping,Card,Madurai,Failed
TXN04343,Sanjay,Cafe Coffee Day,2026-06-19,06:25,164.44,Food,PhonePe,Trichy,Success
TXN04344,Swetha,Swiggy,2026-03-14,08:09,686.32,Food,GPay,Trichy,Success
TXN04345,Arun,ACT Fibernet,2026-07-03,06:18,3139.13,Bills,PhonePe,Madurai,Success
TXN04346,Vishnu,College Fees,2026-07-14,06:15,2628.69,Education,Card,Madurai,Pending
TXN04347,Anu,Steam,2026-07-06,16:55,591.06,Entertainment,GPay,Madurai,Failed
TXN04348,Meena,Flipkart,2026-05-30,11:40,1942.22,Shopping,UPI,Madurai,Success
TXN04349,Ishaan,Swiggy,2026-02-11,19:57,602.68,Food,Card,Tenkasi,Success
TXN04350,Anu,Zomato,2026-06-05,11:44,226.95,Food,Card,Madurai,Pending
TXN04351,Anu,A2B,2026-08-21,23:50,900.0,Food,PhonePe,Trichy,Pending
TXN04352,Keerthi,Amazon,2026-04-06,18:33,1956.23,Shopping,PhonePe,Tirunelveli,Success
TXN04353,Harini,Uber,2026-05-09,13:09,207.78,Transport,PhonePe,Chennai,Success
TXN04354,Vishnu,Apollo Pharmacy,2026-06-12,16:14,2617.14,Health,GPay,Madurai,Pending
TXN04355,Harini,A2B,2026-05-12,03:27,698.79,Food,PhonePe,Trichy,Success
TXN04356,Swetha,Udemy,2026-03-02,17:26,3069.78,Education,UPI,Chennai,Failed
TXN04357,Rahul,Cafe Coffee Day,2026-01-31,14:28,836.64,Food,GPay,Chennai,Failed
TXN04358,Deva,KFC,2026-01-11,08:01,273.29,Food,Card,Madurai,Success
TXN04359,Arun,Water Board,2026-09-10,02:01,3550.07,Bills,GPay,Chennai,Success
TXN04360,Anu,A2B,2026-03-15,04:16,784.24,Food,UPI,Madurai,Pending
TXN04361,Nivetha,Steam,2026-02-21,05:54,1337.41,Entertainment,Card,Trichy,Success
TXN04362,Ishaan,Zomato,2026-09-15,11:44,621.6,Food,GPay,Tirunelveli,Success
TXN04363,Sanjay,Swiggy,2026-03-16,12:36,268.8,Food,PhonePe,Madurai,Success
TXN04364,Vishnu,Reliance Trends,2026-01-24,23:11,2512.45,Shopping,UPI,Madurai,Success
TXN04365,Meena,1mg,2026-05-07,08:42,2798.47,Health,PhonePe,Madurai,Success
TXN04366,Rahul,Zomato,2026-07-13,15:55,389.49,Food,UPI,Chennai,Success
TXN04367,Arun,Zomato,2026-06-19,09:59,271.18,Food,GPay,Tenkasi,Pending
TXN04368,Abinaya,HealthPlus,2026-02-13,17:47,3000.0,Health,UPI,Trichy,Success
TXN04369,Deva,Cafe Coffee Day,2026-07-10,07:40,186.46,Food,PhonePe,Tenkasi,Success
TXN04370,Keerthi,Jio,2026-09-05,16:30,1576.25,Bills,PhonePe,Madurai,Pending
TXN04371,Sanjay,Amazon,2026-07-28,05:01,4387.91,Shopping,UPI,Tenkasi,Success
TXN04372,Arun,Cafe Coffee Day,2026-03-06,13:18,900.0,Food,Card,Madurai,Failed
TXN04373,Swetha,Rapido,2026-03-24,17:22,545.0,Transport,Card,Madurai,Success
TXN04374,Vishnu,Swiggy,2026-01-28,17:11,394.16,Food,GPay,Chennai,Pending
TXN04375,Deva,TNSTC,2026-02-20,20:15,592.33,Transport,PhonePe,Tirunelveli,Success
TXN04376,Deva,Hotstar,2026-08-15,07:26,465.74,Entertainment,GPay,Chennai,Success
TXN04377,Harini,Electricity Board,2026-07-03,04:40,1035.44,Bills,GPay,Tirunelveli,Success
TXN04378,Meena,KFC,2026-08-15,21:57,800.43,Food,Card,Trichy,Success
TXN04379,Anu,Rapido,2026-04-11,01:55,645.26,Transport,GPay,Salem,Success
TXN04380,Ishaan,Rapido,2026-01-04,04:28,233.88,Transport,GPay,Chennai,Success
TXN04381,Harini,DMart,2026-09-11,18:56,1745.7,Shopping,PhonePe,Trichy,Failed
TXN04382,Abinaya,KFC,2026-06-27,01:53,900.0,Food,UPI,Salem,Pending
TXN04383,Arun,Zomato,2026-07-23,01:36,900.0,Food,Card,Chennai,Success
TXN04384,Sanjay,Udemy,2026-04-16,09:19,1664.92,Education,UPI,Tirunelveli,Success
TXN04385,Sanjay,BookMyShow,2026-02-05,18:18,1040.21,Entertainment,UPI,Trichy,Success
TXN04386,Nivetha,DMart,2026-09-16,03:17,1389.04,Shopping,Card,Madurai,Failed
TXN04387,Kavi,Amazon,2026-03-30,02:26,2347.89,Shopping,PhonePe,Salem,Success
TXN04388,Vishnu,Amazon,2026-05-06,09:35,6000.0,Shopping,GPay,Trichy,Success
TXN04389,Abinaya,BookMyShow,2026-03-18,00:05,941.49,Entertainment,UPI,Madurai,Success
TXN04390,Deva,Swiggy,2026-05-01,05:55,363.97,Food,PhonePe,Coimbatore,Success
TXN04391,Swetha,Swiggy,2026-02-09,22:56,447.57,Food,PhonePe,Coimbatore,Pending
TXN04392,Meena,Dominos,2026-08-01,00:18,321.8,Food,Card,Madurai,Success
TXN04393,Meena,Flipkart,2026-09-03,08:22,1411.47,Shopping,GPay,Coimbatore,Pending
TXN04394,Harini,DMart,2026-09-19,20:13,6000.0,Shopping,Card,Tenkasi,Pending
TXN04395,Ishaan,Metro,2026-04-05,01:34,216.96,Transport,Card,Tenkasi,Success
TXN04396,Abinaya,Swiggy,2026-02-21,01:43,664.5,Food,GPay,Chennai,Success
TXN04397,Keerthi,Dominos,2026-05-04,09:10,419.29,Food,GPay,Madurai,Success
TXN04398,Anu,RedBus,2026-09-30,20:42,1200.0,Transport,GPay,Salem,Pending
TXN04399,Kavi,Rapido,2026-09-28,12:40,554.58,Transport,Card,Madurai,Success
TXN04400,Swetha,Jio,2026-05-16,21:56,2265.45,Bills,GPay,Madurai,Failed
TXN04401,Anu,PharmEasy,2026-08-30,04:50,1432.18,Health,UPI,Madurai,Success
TXN04402,Harini,KFC,2026-04-06,15:28,644.87,Food,Card,Chennai,Success
TXN04403,Rahul,TNSTC,2026-03-01,23:29,354.89,Transport,Card,Madurai,Success
TXN04404,Meena,DMart,2026-05-04,19:57,2315.52,Shopping,PhonePe,Coimbatore,Success
TXN04405,Harini,Rapido,2026-08-14,18:33,1200.0,Transport,Card,Madurai,Success
TXN04406,Abinaya,Udemy,2026-08-23,03:21,3756.7,Education,Card,Chennai,Success
TXN04407,Meena,Airtel,2026-05-27,01:35,2453.98,Bills,Card,Salem,Pending
TXN04408,Nivetha,Ola,2026-07-14,02:20,672.79,Transport,UPI,Madurai,Pending
TXN04409,Ishaan,Myntra,2026-09-11,14:28,2510.01,Shopping,Card,Tirunelveli,Success
TXN04410,Nivetha,Zomato,2026-02-26,02:26,411.81,Food,UPI,Madurai,Pending
TXN04411,Harini,Dominos,2026-02-22,12:47,554.54,Food,UPI,Tirunelveli,Success
TXN04412,Ishaan,Spotify,2026-07-23,18:09,1219.46,Entertainment,GPay,Coimbatore,Failed
TXN04413,Harini,Cafe Coffee Day,2026-09-03,00:55,554.08,Food,Card,Madurai,Success
TXN04414,Harini,Rapido,2026-09-19,16:29,925.16,Transport,Card,Chennai,Failed
TXN04415,Deva,Apollo Pharmacy,2026-01-15,09:29,2055.87,Health,PhonePe,Chennai,Success
TXN04416,Deva,KFC,2026-04-27,23:33,179.87,Food,PhonePe,Coimbatore,Success
TXN04417,Swetha,Apollo Pharmacy,2026-03-16,20:16,1246.58,Health,PhonePe,Chennai,Pending
TXN04418,Sanjay,Amazon,2026-07-16,11:15,2333.31,Shopping,Card,Tenkasi,Success
TXN04419,Deva,Google Workspace,2026-01-26,12:52,1236.02,Education,GPay,Madurai,Success
TXN04420,Keerthi,Cafe Coffee Day,2026-08-20,05:48,651.81,Food,GPay,Trichy,Success
TXN04421,Meena,Udemy,2026-09-23,06:34,4247.07,Education,Card,Madurai,Success
TXN04422,Kavi,Uber,2026-07-25,22:15,585.41,Transport,Card,Coimbatore,Pending
TXN04423,Vishnu,Amazon,2026-08-18,17:56,696.75,Shopping,UPI,Tirunelveli,Pending
TXN04424,Nivetha,Google Workspace,2026-09-02,09:43,1346.6,Education,UPI,Tirunelveli,Failed
TXN04425,Arun,Reliance Trends,2026-03-24,04:36,1654.95,Shopping,GPay,Chennai,Success
TXN04426,Rahul,Swiggy,2026-07-29,11:27,293.89,Food,UPI,Madurai,Failed
TXN04427,Anu,Meesho,2026-02-22,00:19,2273.34,Shopping,GPay,Coimbatore,Failed
TXN04428,Kavi,BookMyShow,2026-05-05,03:13,634.08,Entertainment,UPI,Coimbatore,Success
TXN04429,Deva,BookMyShow,2026-08-25,12:30,809.89,Entertainment,PhonePe,Tirunelveli,Failed
TXN04430,Rahul,PharmEasy,2026-08-03,20:22,3000.0,Health,Card,Tirunelveli,Success
TXN04431,Arun,PharmEasy,2026-09-17,02:25,2037.55,Health,Card,Chennai,Failed
TXN04432,Arun,Uber,2026-01-28,13:22,1160.1,Transport,PhonePe,Tirunelveli,Failed
TXN04433,Priya,Salon,2026-01-07,17:03,632.29,Others,GPay,Trichy,Success
TXN04434,Harini,Uber,2026-03-29,03:55,429.28,Transport,UPI,Bengaluru,Success
TXN04435,Deva,Dominos,2026-03-03,08:15,485.75,Food,PhonePe,Tirunelveli,Success
TXN04436,Rahul,Amazon,2026-01-19,01:32,3675.18,Shopping,UPI,Tenkasi,Success
TXN04437,Nivetha,YouTube Premium,2026-09-01,22:57,602.36,Entertainment,GPay,Tenkasi,Success
TXN04438,Arun,Flipkart,2026-09-22,11:21,3069.47,Shopping,UPI,Chennai,Success
TXN04439,Deva,Hotstar,2026-03-05,05:13,1500.0,Entertainment,Card,Chennai,Success
TXN04440,Vishnu,Dominos,2026-03-20,04:57,360.42,Food,PhonePe,Madurai,Failed
TXN04441,Swetha,A2B,2026-08-13,09:17,376.77,Food,UPI,Bengaluru,Success
TXN04442,Vishnu,Jio,2026-02-04,21:28,1156.22,Bills,PhonePe,Tenkasi,Success
TXN04443,Vishnu,ACT Fibernet,2026-02-24,06:13,4000.0,Bills,Card,Coimbatore,Success
TXN04444,Deva,Steam,2026-07-22,07:57,303.64,Entertainment,GPay,Chennai,Success
TXN04445,Arun,KFC,2026-04-17,18:56,519.9,Food,UPI,Madurai,Success
TXN04446,Anu,Rapido,2026-04-22,01:47,630.34,Transport,UPI,Madurai,Success
TXN04447,Deva,Hotstar,2026-07-24,17:47,535.49,Entertainment,Card,Madurai,Failed
TXN04448,Nivetha,DMart,2026-08-08,23:44,1930.39,Shopping,GPay,Chennai,Pending
TXN04449,Ishaan,Metro,2026-05-23,01:05,461.3,Transport,Card,Chennai,Success
TXN04450,Nivetha,KFC,2026-02-25,15:43,314.08,Food,PhonePe,Tenkasi,Pending
TXN04451,Sanjay,BookMyShow,2026-02-17,14:17,483.77,Entertainment,PhonePe,Tirunelveli,Success
TXN04452,Meena,Dominos,2026-08-29,06:33,465.43,Food,PhonePe,Madurai,Success
TXN04453,Rahul,Dominos,2026-09-03,22:25,302.94,Food,PhonePe,Madurai,Success
TXN04454,Nivetha,Udemy,2026-04-03,10:25,2908.72,Education,GPay,Madurai,Pending
TXN04455,Sanjay,Zomato,2026-05-19,03:12,605.03,Food,PhonePe,Madurai,Pending
TXN04456,Arun,Steam,2026-07-30,22:59,679.92,Entertainment,PhonePe,Coimbatore,Success
TXN04457,Priya,Zomato,2026-06-07,00:29,462.6,Food,Card,Trichy,Success
TXN04458,Keerthi,Jio,2026-05-18,05:44,4000.0,Bills,UPI,Coimbatore,Success
TXN04459,Swetha,Myntra,2026-01-16,05:22,4302.03,Shopping,UPI,Bengaluru,Success
TXN04460,Ishaan,Metro,2026-06-07,14:59,297.82,Transport,UPI,Madurai,Success
TXN04461,Anu,Dominos,2026-09-21,14:32,757.77,Food,GPay,Trichy,Success
TXN04462,Kavi,DMart,2026-01-05,20:54,6000.0,Shopping,Card,Bengaluru,Success
TXN04463,Ishaan,KFC,2026-04-09,21:11,729.74,Food,Card,Madurai,Success
TXN04464,Arun,RedBus,2026-01-20,10:55,595.75,Transport,PhonePe,Trichy,Success
TXN04465,Vishnu,Myntra,2026-02-17,23:21,4464.76,Shopping,UPI,Tenkasi,Success
TXN04466,Arun,DMart,2026-02-08,22:46,4440.75,Shopping,PhonePe,Madurai,Success
TXN04467,Abinaya,Jio,2026-06-13,21:02,3388.2,Bills,UPI,Tenkasi,Success
TXN04468,Priya,A2B,2026-03-31,08:15,409.82,Food,PhonePe,Trichy,Success
TXN04469,Harini,Dominos,2026-08-05,20:28,212.72,Food,Card,Trichy,Failed
TXN04470,Swetha,Zomato,2026-04-29,18:20,368.7,Food,UPI,Madurai,Success
TXN04471,Kavi,Local Pharmacy,2026-04-09,20:46,1717.15,Health,GPay,Coimbatore,Success
TXN04472,Abinaya,DMart,2026-03-06,09:34,6000.0,Shopping,PhonePe,Tirunelveli,Success
TXN04473,Sanjay,Metro,2026-07-13,14:29,931.7,Transport,UPI,Salem,Success
TXN04474,Priya,Cafe Coffee Day,2026-07-29,06:31,421.75,Food,PhonePe,Coimbatore,Success
TXN04475,Swetha,Ola,2026-05-12,07:07,606.36,Transport,PhonePe,Madurai,Success
TXN04476,Anu,TNSTC,2026-05-11,01:16,187.31,Transport,Card,Madurai,Success
TXN04477,Harini,Reliance Trends,2026-03-31,09:42,3146.43,Shopping,UPI,Tirunelveli,Success
TXN04478,Nivetha,Zomato,2026-03-10,18:55,250.52,Food,Card,Coimbatore,Failed
TXN04479,Anu,A2B,2026-06-24,00:44,900.0,Food,UPI,Madurai,Success
TXN04480,Vishnu,Hotstar,2026-05-20,16:22,435.81,Entertainment,UPI,Chennai,Failed
TXN04481,Vishnu,Steam,2026-08-05,09:40,220.93,Entertainment,Card,Madurai,Failed
TXN04482,Deva,Rapido,2026-07-27,11:12,438.42,Transport,GPay,Chennai,Success
TXN04483,Ishaan,Netflix,2026-01-20,20:12,1500.0,Entertainment,PhonePe,Chennai,Success
TXN04484,Anu,Water Board,2026-05-21,09:43,2054.71,Bills,Card,Madurai,Success
TXN04485,Nivetha,Cafe Coffee Day,2026-07-13,17:37,567.45,Food,Card,Tenkasi,Pending
TXN04486,Harini,TNSTC,2026-01-09,13:56,363.59,Transport,UPI,Chennai,Success
TXN04487,Kavi,Cafe Coffee Day,2026-01-27,02:54,407.28,Food,GPay,Chennai,Success
TXN04488,Arun,PharmEasy,2026-01-14,07:20,1888.18,Health,GPay,Chennai,Success
TXN04489,Ishaan,Hotstar,2026-06-22,13:23,538.46,Entertainment,Card,Tirunelveli,Success
TXN04490,Vishnu,Dominos,2026-06-16,00:00,665.47,Food,Card,Chennai,Pending
TXN04491,Anu,DMart,2026-02-19,13:07,2295.73,Shopping,Card,Madurai,Success
TXN04492,Sanjay,TNSTC,2026-05-26,23:41,375.81,Transport,PhonePe,Madurai,Success
TXN04493,Anu,Zomato,2026-09-22,11:11,658.62,Food,Card,Tenkasi,Failed
TXN04494,Keerthi,Swiggy,2026-01-09,22:02,332.95,Food,UPI,Bengaluru,Success
TXN04495,Swetha,A2B,2026-06-25,10:36,531.93,Food,PhonePe,Chennai,Success
TXN04496,Priya,Uber,2026-08-11,02:27,636.04,Transport,UPI,Tirunelveli,Success
TXN04497,Vishnu,Dominos,2026-08-17,04:14,756.27,Food,PhonePe,Trichy,Success
TXN04498,Abinaya,Amazon Kindle,2026-05-04,18:23,2796.15,Education,UPI,Salem,Success
TXN04499,Vishnu,Myntra,2026-03-30,12:50,3906.03,Shopping,Card,Trichy,Success
TXN04500,Meena,A2B,2026-07-30,08:30,163.42,Food,GPay,Bengaluru,Pending
TXN04501,Sanjay,Hotstar,2026-07-28,19:05,1500.0,Entertainment,PhonePe,Madurai,Pending
TXN04502,Sanjay,Coursera,2026-06-29,07:32,3207.36,Education,UPI,Chennai,Failed
TXN04503,Nivetha,Swiggy,2026-03-14,14:59,494.07,Food,GPay,Tirunelveli,Success
TXN04504,Arun,RedBus,2026-04-17,00:03,239.07,Transport,UPI,Chennai,Success
TXN04505,Sanjay,ACT Fibernet,2026-09-08,15:41,4000.0,Bills,UPI,Bengaluru,Success
TXN04506,Meena,Myntra,2026-04-21,13:13,2871.6,Shopping,Card,Chennai,Success
TXN04507,Harini,Amazon Kindle,2026-08-05,07:21,4400.06,Education,PhonePe,Madurai,Pending
TXN04508,Ishaan,A2B,2026-05-13,13:45,358.61,Food,PhonePe,Trichy,Pending
TXN04509,Swetha,Reliance Trends,2026-02-23,18:20,2867.48,Shopping,PhonePe,Coimbatore,Success
TXN04510,Sanjay,Uber,2026-07-09,15:00,271.82,Transport,PhonePe,Bengaluru,Success
TXN04511,Harini,Cafe Coffee Day,2026-04-23,04:14,675.85,Food,GPay,Madurai,Success
TXN04512,Ishaan,Dominos,2026-08-25,14:36,433.41,Food,UPI,Madurai,Success
TXN04513,Sanjay,Flipkart,2026-05-06,13:23,5571.71,Shopping,PhonePe,Chennai,Success
TXN04514,Meena,Dominos,2026-09-08,16:55,471.05,Food,GPay,Chennai,Failed
TXN04515,Swetha,YouTube Premium,2026-05-20,23:21,1500.0,Entertainment,UPI,Coimbatore,Failed
TXN04516,Sanjay,Local Store,2026-06-21,04:43,1990.33,Others,UPI,Madurai,Failed
TXN04517,Anu,Water Board,2026-08-24,08:39,2033.32,Bills,Card,Salem,Pending
TXN04518,Swetha,Uber,2026-08-27,14:19,445.97,Transport,Card,Tirunelveli,Success
TXN04519,Rahul,RedBus,2026-01-12,16:23,186.74,Transport,UPI,Madurai,Success
TXN04520,Rahul,TNSTC,2026-08-16,11:58,372.7,Transport,UPI,Chennai,Failed
TXN04521,Ishaan,Stationery Shop,2026-04-17,22:14,2000.0,Others,UPI,Madurai,Success
TXN04522,Abinaya,Airtel,2026-01-24,19:29,1691.95,Bills,GPay,Tenkasi,Success
TXN04523,Nivetha,Rapido,2026-07-23,12:11,213.11,Transport,Card,Madurai,Success
TXN04524,Meena,Metro,2026-05-15,11:43,272.23,Transport,UPI,Madurai,Pending
TXN04525,Meena,1mg,2026-08-05,12:28,1400.61,Health,UPI,Bengaluru,Pending
TXN04526,Anu,Zomato,2026-03-08,14:02,280.7,Food,PhonePe,Bengaluru,Pending
TXN04527,Abinaya,Meesho,2026-05-14,15:55,3200.52,Shopping,GPay,Tenkasi,Success
TXN04528,Vishnu,Swiggy,2026-01-31,08:22,248.53,Food,GPay,Bengaluru,Success
TXN04529,Arun,Rapido,2026-02-09,02:41,556.3,Transport,UPI,Bengaluru,Success
TXN04530,Nivetha,Salon,2026-02-11,02:57,2000.0,Others,Card,Tirunelveli,Success
TXN04531,Kavi,Water Board,2026-04-21,15:17,1642.54,Bills,UPI,Trichy,Failed
TXN04532,Harini,ACT Fibernet,2026-06-06,16:03,1929.95,Bills,UPI,Chennai,Pending
TXN04533,Harini,Local Pharmacy,2026-09-07,22:49,1377.67,Health,Card,Bengaluru,Failed
TXN04534,Ishaan,Gift,2026-07-16,18:41,1117.26,Others,Card,Trichy,Success
TXN04535,Nivetha,Zomato,2026-03-10,12:35,608.03,Food,UPI,Tenkasi,Pending
TXN04536,Anu,Dominos,2026-09-27,21:54,541.43,Food,UPI,Bengaluru,Success
TXN04537,Kavi,HealthPlus,2026-04-30,23:36,1627.33,Health,PhonePe,Madurai,Pending
TXN04538,Abinaya,Flipkart,2026-08-05,09:45,2733.63,Shopping,PhonePe,Trichy,Success
TXN04539,Anu,Uber,2026-05-04,21:16,917.93,Transport,Card,Madurai,Pending
TXN04540,Harini,KFC,2026-05-10,01:52,274.27,Food,PhonePe,Madurai,Success
TXN04541,Kavi,Myntra,2026-07-18,12:50,2343.15,Shopping,GPay,Madurai,Failed
TXN04542,Ishaan,Swiggy,2026-04-20,18:50,208.02,Food,Card,Coimbatore,Success
TXN04543,Vishnu,Reliance Trends,2026-09-14,11:35,3807.37,Shopping,Card,Madurai,Pending
TXN04544,Ishaan,Flipkart,2026-01-02,06:24,4475.09,Shopping,UPI,Chennai,Success
TXN04545,Arun,A2B,2026-03-27,07:42,289.67,Food,GPay,Madurai,Success
TXN04546,Rahul,Google Workspace,2026-07-28,14:07,3412.01,Education,UPI,Tenkasi,Success
TXN04547,Keerthi,A2B,2026-06-04,03:15,173.53,Food,Card,Salem,Success
TXN04548,Kavi,Airtel,2026-09-16,23:00,1193.9,Bills,UPI,Bengaluru,Success
TXN04549,Abinaya,Zomato,2026-05-17,14:16,255.41,Food,UPI,Madurai,Success
TXN04550,Meena,YouTube Premium,2026-09-27,18:21,894.11,Entertainment,UPI,Tirunelveli,Success
TXN04551,Sanjay,PharmEasy,2026-06-17,11:43,1163.98,Health,GPay,Madurai,Success
TXN04552,Swetha,HealthPlus,2026-02-08,05:49,331.04,Health,UPI,Tenkasi,Pending
TXN04553,Harini,Reliance Trends,2026-08-24,11:46,6000.0,Shopping,GPay,Chennai,Success
TXN04554,Priya,Hotstar,2026-04-23,10:37,633.06,Entertainment,PhonePe,Madurai,Success
TXN04555,Swetha,KFC,2026-01-22,01:53,408.24,Food,GPay,Bengaluru,Failed
TXN04556,Meena,Zomato,2026-04-07,08:50,900.0,Food,UPI,Madurai,Success
TXN04557,Nivetha,Udemy,2026-03-22,03:30,1650.94,Education,PhonePe,Tenkasi,Success
TXN04558,Arun,Steam,2026-05-04,01:46,697.23,Entertainment,Card,Salem,Pending
TXN04559,Nivetha,Water Board,2026-09-21,10:43,3929.94,Bills,PhonePe,Bengaluru,Success
TXN04560,Rahul,Ola,2026-02-14,10:05,483.72,Transport,UPI,Salem,Success
TXN04561,Harini,DMart,2026-06-20,21:53,1258.87,Shopping,PhonePe,Madurai,Success
TXN04562,Anu,PharmEasy,2026-06-14,07:37,3000.0,Health,GPay,Madurai,Success
TXN04563,Deva,Amazon,2026-01-06,15:21,3247.92,Shopping,UPI,Madurai,Success
TXN04564,Meena,Meesho,2026-07-28,12:18,3063.12,Shopping,GPay,Madurai,Success
TXN04565,Meena,KFC,2026-08-22,13:53,900.0,Food,UPI,Chennai,Success
TXN04566,Deva,College Fees,2026-06-05,04:05,2656.52,Education,UPI,Trichy,Success
TXN04567,Nivetha,Google Workspace,2026-07-28,20:57,1475.3,Education,GPay,Bengaluru,Success
TXN04568,Ishaan,Water Board,2026-06-07,23:21,3324.71,Bills,GPay,Chennai,Success
TXN04569,Keerthi,Apollo Pharmacy,2026-08-03,03:34,1295.93,Health,GPay,Tenkasi,Success
TXN04570,Nivetha,Miscellaneous,2026-02-17,00:35,879.92,Others,Card,Chennai,Pending
TXN04571,Keerthi,Jio,2026-05-09,04:34,4000.0,Bills,PhonePe,Trichy,Success
TXN04572,Kavi,DMart,2026-09-15,04:17,4270.89,Shopping,PhonePe,Chennai,Success
TXN04573,Sanjay,Zomato,2026-07-25,05:49,479.56,Food,Card,Madurai,Success
TXN04574,Swetha,Steam,2026-01-16,18:03,1500.0,Entertainment,Card,Chennai,Success
TXN04575,Sanjay,Flipkart,2026-01-02,00:22,1506.97,Shopping,GPay,Madurai,Pending
TXN04576,Arun,A2B,2026-03-08,04:31,461.71,Food,UPI,Madurai,Success
TXN04577,Sanjay,KFC,2026-03-16,01:02,362.32,Food,PhonePe,Chennai,Success
TXN04578,Sanjay,Amazon,2026-06-23,21:00,2079.41,Shopping,UPI,Tenkasi,Failed
TXN04579,Nivetha,Meesho,2026-08-26,04:10,3837.26,Shopping,PhonePe,Madurai,Failed
TXN04580,Arun,Udemy,2026-04-06,01:31,1983.68,Education,UPI,Chennai,Success
TXN04581,Sanjay,A2B,2026-03-17,21:33,554.36,Food,GPay,Bengaluru,Pending
TXN04582,Harini,Water Board,2026-05-28,18:51,1916.13,Bills,Card,Madurai,Success
TXN04583,Priya,Netflix,2026-01-07,14:17,734.55,Entertainment,PhonePe,Tirunelveli,Success
TXN04584,Vishnu,Myntra,2026-08-19,13:37,1994.27,Shopping,Card,Chennai,Success
TXN04585,Arun,Cafe Coffee Day,2026-01-12,08:46,900.0,Food,GPay,Bengaluru,Pending
TXN04586,Sanjay,Uber,2026-07-20,23:28,333.87,Transport,UPI,Coimbatore,Success
TXN04587,Deva,Amazon Kindle,2026-07-01,14:43,1984.03,Education,Card,Madurai,Success
TXN04588,Deva,Airtel,2026-09-18,17:25,3432.09,Bills,Card,Coimbatore,Failed
TXN04589,Nivetha,Dominos,2026-05-02,02:31,408.44,Food,UPI,Salem,Success
TXN04590,Harini,Zomato,2026-03-07,04:42,538.76,Food,GPay,Tenkasi,Success
TXN04591,Abinaya,Hotstar,2026-04-10,18:58,1308.05,Entertainment,GPay,Salem,Pending
TXN04592,Abinaya,TNSTC,2026-05-22,22:42,594.52,Transport,Card,Bengaluru,Failed
TXN04593,Keerthi,Dominos,2026-09-18,00:34,84.65,Food,GPay,Salem,Success
TXN04594,Anu,Ola,2026-06-15,08:23,632.84,Transport,UPI,Madurai,Failed
TXN04595,Priya,Hotstar,2026-02-07,20:06,1103.27,Entertainment,UPI,Bengaluru,Success
TXN04596,Swetha,Miscellaneous,2026-01-25,12:20,1286.21,Others,Card,Madurai,Failed
TXN04597,Ishaan,Zomato,2026-07-03,03:10,310.82,Food,PhonePe,Chennai,Failed
TXN04598,Harini,Steam,2026-06-19,07:32,1500.0,Entertainment,GPay,Chennai,Failed
TXN04599,Sanjay,Ola,2026-05-11,17:25,250.13,Transport,Card,Trichy,Success
TXN04600,Harini,RedBus,2026-07-14,23:30,530.38,Transport,Card,Tirunelveli,Success
TXN04601,Priya,Cafe Coffee Day,2026-04-06,05:25,696.95,Food,PhonePe,Coimbatore,Success
TXN04602,Keerthi,Reliance Trends,2026-09-27,07:27,6000.0,Shopping,GPay,Madurai,Success
TXN04603,Deva,Stationery Shop,2026-09-19,17:33,555.43,Others,GPay,Chennai,Success
TXN04604,Harini,Rapido,2026-08-05,16:33,217.47,Transport,UPI,Coimbatore,Pending
TXN04605,Sanjay,College Fees,2026-07-24,09:30,5000.0,Education,GPay,Coimbatore,Failed
TXN04606,Swetha,ACT Fibernet,2026-05-24,19:36,3345.04,Bills,Card,Coimbatore,Success
TXN04607,Vishnu,Amazon Kindle,2026-02-10,07:53,3215.67,Education,UPI,Coimbatore,Success
TXN04608,Sanjay,Rapido,2026-06-26,23:20,419.73,Transport,Card,Madurai,Success
TXN04609,Anu,Cafe Coffee Day,2026-09-08,09:22,465.28,Food,PhonePe,Coimbatore,Failed
TXN04610,Nivetha,RedBus,2026-02-02,21:42,430.66,Transport,UPI,Chennai,Success
TXN04611,Meena,A2B,2026-08-16,11:01,830.8,Food,PhonePe,Chennai,Success
TXN04612,Vishnu,Swiggy,2026-09-10,14:29,709.27,Food,GPay,Trichy,Failed
TXN04613,Anu,A2B,2026-06-12,02:27,516.47,Food,Card,Madurai,Success
TXN04614,Swetha,Rapido,2026-07-26,15:02,849.4,Transport,UPI,Tenkasi,Success
TXN04615,Arun,KFC,2026-04-16,11:58,557.68,Food,GPay,Chennai,Success
TXN04616,Meena,Cafe Coffee Day,2026-07-22,06:32,270.49,Food,GPay,Tirunelveli,Success
TXN04617,Kavi,Amazon,2026-09-01,22:15,1241.12,Shopping,UPI,Trichy,Failed
TXN04618,Priya,Cafe Coffee Day,2026-03-06,17:53,704.56,Food,UPI,Madurai,Success
TXN04619,Swetha,A2B,2026-03-27,16:22,826.84,Food,PhonePe,Coimbatore,Success
TXN04620,Harini,TNSTC,2026-01-26,02:49,434.71,Transport,UPI,Coimbatore,Success
TXN04621,Vishnu,Metro,2026-01-05,06:57,1200.0,Transport,GPay,Coimbatore,Success
TXN04622,Keerthi,Zomato,2026-06-20,07:28,499.69,Food,GPay,Chennai,Success
TXN04623,Nivetha,Dominos,2026-09-06,03:33,164.09,Food,Card,Madurai,Success
TXN04624,Anu,Rapido,2026-06-26,08:21,864.86,Transport,Card,Madurai,Success
TXN04625,Priya,Hotstar,2026-08-12,16:32,1500.0,Entertainment,GPay,Salem,Failed
TXN04626,Keerthi,Myntra,2026-03-12,16:55,2884.3,Shopping,Card,Trichy,Pending
TXN04627,Abinaya,Udemy,2026-06-03,21:18,3047.2,Education,PhonePe,Tenkasi,Success
TXN04628,Kavi,Hotstar,2026-09-29,11:54,1500.0,Entertainment,PhonePe,Madurai,Pending
TXN04629,Rahul,Electricity Board,2026-07-06,01:27,713.36,Bills,PhonePe,Trichy,Failed
TXN04630,Kavi,Udemy,2026-04-22,19:00,1123.99,Education,UPI,Salem,Success
TXN04631,Vishnu,Flipkart,2026-06-24,10:55,3300.1,Shopping,Card,Madurai,Success
TXN04632,Priya,RedBus,2026-04-04,14:13,444.26,Transport,PhonePe,Madurai,Success
TXN04633,Deva,Rapido,2026-09-02,21:53,660.94,Transport,UPI,Bengaluru,Success
TXN04634,Ishaan,RedBus,2026-08-17,19:09,383.97,Transport,Card,Madurai,Success
TXN04635,Swetha,KFC,2026-02-12,22:44,900.0,Food,Card,Tirunelveli,Success
TXN04636,Nivetha,Google Workspace,2026-09-16,02:12,3752.59,Education,GPay,Coimbatore,Failed
TXN04637,Rahul,Local Pharmacy,2026-05-22,10:12,2085.34,Health,GPay,Chennai,Success
TXN04638,Swetha,Jio,2026-04-16,22:56,1953.04,Bills,PhonePe,Chennai,Success
TXN04639,Harini,Swiggy,2026-05-06,17:39,415.2,Food,PhonePe,Salem,Failed
TXN04640,Anu,Metro,2026-08-14,15:11,319.86,Transport,Card,Tenkasi,Success
TXN04641,Anu,Meesho,2026-01-19,16:25,6000.0,Shopping,UPI,Chennai,Failed
TXN04642,Anu,Amazon,2026-04-18,21:47,4062.73,Shopping,UPI,Chennai,Pending
TXN04643,Deva,A2B,2026-08-30,22:26,371.24,Food,Card,Bengaluru,Failed
TXN04644,Kavi,Temple,2026-03-31,04:48,1582.71,Others,Card,Chennai,Failed
TXN04645,Abinaya,Cafe Coffee Day,2026-01-28,16:37,724.94,Food,UPI,Tirunelveli,Failed
TXN04646,Nivetha,TNSTC,2026-04-18,12:17,792.64,Transport,GPay,Madurai,Success
TXN04647,Rahul,HealthPlus,2026-01-25,03:44,3000.0,Health,GPay,Chennai,Pending
TXN04648,Anu,Jio,2026-04-28,09:49,4000.0,Bills,Card,Tenkasi,Success
TXN04649,Ishaan,KFC,2026-05-15,23:41,699.74,Food,GPay,Madurai,Pending
TXN04650,Rahul,HealthPlus,2026-08-28,17:04,1334.98,Health,UPI,Madurai,Success
TXN04651,Harini,Local Store,2026-05-19,22:07,842.69,Others,PhonePe,Madurai,Success
TXN04652,Sanjay,Miscellaneous,2026-06-18,22:08,1979.55,Others,GPay,Coimbatore,Success
TXN04653,Rahul,Rapido,2026-05-02,04:56,1200.0,Transport,UPI,Madurai,Success
TXN04654,Anu,RedBus,2026-01-10,23:00,1200.0,Transport,UPI,Bengaluru,Failed
TXN04655,Arun,Cafe Coffee Day,2026-06-04,16:39,489.52,Food,UPI,Tirunelveli,Success
TXN04656,Keerthi,A2B,2026-01-23,05:18,495.68,Food,Card,Coimbatore,Success
TXN04657,Swetha,Google Workspace,2026-07-30,05:43,1283.31,Education,GPay,Salem,Success
TXN04658,Deva,Zomato,2026-01-01,10:15,900.0,Food,UPI,Trichy,Success
TXN04659,Rahul,Jio,2026-08-16,21:37,2638.93,Bills,Card,Madurai,Failed
TXN04660,Kavi,DMart,2026-09-08,23:40,6000.0,Shopping,Card,Madurai,Pending
TXN04661,Ishaan,Zomato,2026-06-13,19:31,218.83,Food,UPI,Madurai,Pending
TXN04662,Abinaya,A2B,2026-05-26,12:43,440.38,Food,PhonePe,Coimbatore,Success
TXN04663,Swetha,Steam,2026-01-14,06:31,721.28,Entertainment,GPay,Chennai,Success
TXN04664,Vishnu,KFC,2026-08-24,11:52,729.74,Food,GPay,Chennai,Success
TXN04665,Sanjay,Hotstar,2026-08-13,01:12,981.97,Entertainment,GPay,Madurai,Success
TXN04666,Rahul,Electricity Board,2026-01-18,16:41,2821.47,Bills,UPI,Coimbatore,Failed
TXN04667,Harini,Reliance Trends,2026-06-10,10:42,2223.56,Shopping,PhonePe,Trichy,Failed
TXN04668,Kavi,Metro,2026-07-06,19:44,771.62,Transport,PhonePe,Chennai,Success
TXN04669,Sanjay,Ola,2026-07-25,23:06,945.03,Transport,Card,Coimbatore,Success
TXN04670,Anu,Airtel,2026-05-03,12:33,2098.6,Bills,Card,Bengaluru,Success
TXN04671,Swetha,Cafe Coffee Day,2026-09-08,01:58,364.25,Food,Card,Chennai,Success
TXN04672,Priya,Dominos,2026-02-13,07:17,261.62,Food,PhonePe,Madurai,Success
TXN04673,Swetha,Flipkart,2026-01-04,02:32,5308.92,Shopping,GPay,Chennai,Success
TXN04674,Deva,Myntra,2026-03-26,16:48,3940.68,Shopping,Card,Madurai,Success
TXN04675,Ishaan,Cafe Coffee Day,2026-07-27,22:57,900.0,Food,PhonePe,Bengaluru,Success
TXN04676,Anu,Udemy,2026-02-02,23:42,4953.18,Education,Card,Chennai,Success
TXN04677,Meena,A2B,2026-01-06,22:40,215.72,Food,PhonePe,Bengaluru,Pending
TXN04678,Keerthi,Gift,2026-08-12,12:27,477.43,Others,PhonePe,Chennai,Success
TXN04679,Vishnu,RedBus,2026-03-31,11:41,960.88,Transport,GPay,Madurai,Failed
TXN04680,Sanjay,Zomato,2026-05-16,02:19,739.95,Food,Card,Chennai,Failed
TXN04681,Keerthi,Flipkart,2026-02-23,03:01,2973.66,Shopping,Card,Coimbatore,Success
TXN04682,Sanjay,Stationery Shop,2026-02-08,09:00,1729.21,Others,PhonePe,Madurai,Success
TXN04683,Sanjay,Cafe Coffee Day,2026-02-12,03:41,599.77,Food,PhonePe,Madurai,Success
TXN04684,Rahul,Water Board,2026-06-06,13:27,2293.59,Bills,PhonePe,Tirunelveli,Success
TXN04685,Rahul,ACT Fibernet,2026-07-10,23:53,704.17,Bills,UPI,Bengaluru,Success
TXN04686,Priya,1mg,2026-05-27,02:36,2906.57,Health,UPI,Chennai,Success
TXN04687,Meena,Uber,2026-04-20,13:02,173.04,Transport,UPI,Madurai,Success
TXN04688,Deva,Meesho,2026-06-23,04:55,6000.0,Shopping,GPay,Coimbatore,Pending
TXN04689,Deva,Uber,2026-04-21,15:10,1200.0,Transport,GPay,Coimbatore,Pending
TXN04690,Harini,Cafe Coffee Day,2026-05-24,16:57,226.79,Food,GPay,Coimbatore,Failed
TXN04691,Ishaan,Swiggy,2026-01-15,02:32,736.64,Food,PhonePe,Chennai,Success
TXN04692,Sanjay,A2B,2026-06-15,09:06,268.61,Food,PhonePe,Coimbatore,Success
TXN04693,Keerthi,Apollo Pharmacy,2026-03-28,18:29,1083.41,Health,PhonePe,Madurai,Success
TXN04694,Keerthi,Zomato,2026-09-18,16:26,334.78,Food,PhonePe,Chennai,Success
TXN04695,Keerthi,Dominos,2026-01-06,14:23,601.3,Food,Card,Madurai,Success
TXN04696,Sanjay,DMart,2026-05-02,15:52,3676.11,Shopping,GPay,Coimbatore,Failed
TXN04697,Priya,Dominos,2026-09-05,14:22,420.09,Food,UPI,Trichy,Success
TXN04698,Rahul,Miscellaneous,2026-08-02,06:19,372.91,Others,GPay,Trichy,Pending
TXN04699,Rahul,Swiggy,2026-09-26,17:37,370.19,Food,UPI,Madurai,Failed
TXN04700,Meena,Dominos,2026-09-14,13:18,900.0,Food,UPI,Madurai,Success
TXN04701,Deva,RedBus,2026-06-02,22:20,962.54,Transport,PhonePe,Madurai,Success
TXN04702,Swetha,A2B,2026-06-02,03:43,282.2,Food,Card,Chennai,Success
TXN04703,Arun,Salon,2026-04-29,20:47,1142.05,Others,GPay,Madurai,Success
TXN04704,Harini,Coursera,2026-01-17,19:16,2342.59,Education,UPI,Tirunelveli,Failed
TXN04705,Nivetha,Miscellaneous,2026-06-02,04:27,2000.0,Others,GPay,Trichy,Success
TXN04706,Vishnu,Rapido,2026-08-19,23:18,559.71,Transport,GPay,Tenkasi,Pending
TXN04707,Kavi,Swiggy,2026-02-21,06:24,239.11,Food,UPI,Coimbatore,Failed
TXN04708,Meena,Temple,2026-01-06,15:46,904.65,Others,Card,Madurai,Success
TXN04709,Priya,A2B,2026-02-04,20:25,900.0,Food,UPI,Madurai,Success
TXN04710,Sanjay,Flipkart,2026-03-29,13:42,6000.0,Shopping,PhonePe,Salem,Success
TXN04711,Priya,Netflix,2026-01-13,18:47,864.97,Entertainment,Card,Madurai,Failed
TXN04712,Meena,Cafe Coffee Day,2026-01-06,04:49,271.42,Food,UPI,Chennai,Failed
TXN04713,Deva,Salon,2026-04-29,17:11,1557.58,Others,UPI,Madurai,Failed
TXN04714,Deva,A2B,2026-07-29,12:21,253.53,Food,GPay,Trichy,Success
TXN04715,Deva,Meesho,2026-09-03,10:37,3702.44,Shopping,UPI,Madurai,Success
TXN04716,Keerthi,Rapido,2026-06-26,04:10,891.84,Transport,PhonePe,Madurai,Pending
TXN04717,Keerthi,Uber,2026-01-25,03:01,301.52,Transport,GPay,Madurai,Success
TXN04718,Keerthi,Spotify,2026-06-19,12:32,725.09,Entertainment,PhonePe,Coimbatore,Success
TXN04719,Sanjay,RedBus,2026-01-07,07:31,781.73,Transport,Card,Coimbatore,Failed
TXN04720,Swetha,Myntra,2026-09-10,16:49,4274.97,Shopping,Card,Trichy,Success
TXN04721,Vishnu,Uber,2026-01-17,11:47,879.11,Transport,GPay,Coimbatore,Success
TXN04722,Meena,Meesho,2026-06-05,02:30,2112.8,Shopping,GPay,Chennai,Failed
TXN04723,Ishaan,Zomato,2026-06-18,03:10,363.65,Food,Card,Salem,Success
TXN04724,Ishaan,College Fees,2026-06-14,07:07,2038.35,Education,PhonePe,Coimbatore,Pending
TXN04725,Rahul,Zomato,2026-08-21,13:46,112.44,Food,UPI,Chennai,Success
TXN04726,Rahul,Meesho,2026-01-05,13:14,6000.0,Shopping,Card,Salem,Success
TXN04727,Deva,ACT Fibernet,2026-04-30,02:43,1916.91,Bills,Card,Chennai,Pending
TXN04728,Swetha,Cafe Coffee Day,2026-04-27,07:42,852.7,Food,PhonePe,Chennai,Success
TXN04729,Ishaan,Ola,2026-08-20,11:22,1150.46,Transport,Card,Coimbatore,Pending
TXN04730,Keerthi,BookMyShow,2026-01-01,10:18,1500.0,Entertainment,UPI,Bengaluru,Success
TXN04731,Ishaan,KFC,2026-06-05,23:55,258.58,Food,GPay,Salem,Failed
TXN04732,Nivetha,College Fees,2026-02-17,11:45,3393.13,Education,GPay,Tirunelveli,Failed
TXN04733,Abinaya,TNSTC,2026-09-05,01:45,582.05,Transport,UPI,Salem,Success
TXN04734,Arun,TNSTC,2026-06-03,16:17,630.92,Transport,UPI,Tirunelveli,Failed
TXN04735,Vishnu,BookMyShow,2026-09-05,19:39,1165.2,Entertainment,GPay,Madurai,Success
TXN04736,Harini,BookMyShow,2026-05-29,22:59,564.3,Entertainment,Card,Chennai,Success
TXN04737,Anu,DMart,2026-09-20,19:17,2661.01,Shopping,Card,Chennai,Success
TXN04738,Priya,Meesho,2026-09-17,11:31,919.94,Shopping,PhonePe,Madurai,Success
TXN04739,Sanjay,Rapido,2026-01-06,20:46,444.06,Transport,PhonePe,Madurai,Failed
TXN04740,Ishaan,KFC,2026-06-28,14:13,900.0,Food,Card,Bengaluru,Failed
TXN04741,Vishnu,Swiggy,2026-07-28,02:18,721.47,Food,PhonePe,Chennai,Pending
TXN04742,Meena,Zomato,2026-09-01,01:09,675.44,Food,Card,Madurai,Failed
TXN04743,Swetha,Salon,2026-08-13,20:20,1621.88,Others,Card,Salem,Success
TXN04744,Rahul,YouTube Premium,2026-07-28,04:55,801.66,Entertainment,PhonePe,Madurai,Failed
TXN04745,Deva,BookMyShow,2026-08-16,02:22,1500.0,Entertainment,PhonePe,Coimbatore,Pending
TXN04746,Swetha,Metro,2026-07-03,04:12,436.45,Transport,Card,Madurai,Success
TXN04747,Meena,Airtel,2026-01-17,13:53,1903.24,Bills,PhonePe,Coimbatore,Success
TXN04748,Keerthi,RedBus,2026-04-14,05:35,557.76,Transport,PhonePe,Tenkasi,Success
TXN04749,Deva,Ola,2026-03-15,07:21,1200.0,Transport,PhonePe,Trichy,Success
TXN04750,Arun,KFC,2026-07-14,00:46,319.42,Food,UPI,Bengaluru,Success
TXN04751,Vishnu,TNSTC,2026-05-13,07:44,534.04,Transport,GPay,Trichy,Success
TXN04752,Keerthi,Metro,2026-03-08,06:30,465.62,Transport,UPI,Madurai,Pending
TXN04753,Rahul,Amazon Kindle,2026-03-13,20:26,5000.0,Education,Card,Coimbatore,Success
TXN04754,Kavi,Amazon Kindle,2026-09-04,01:39,4818.43,Education,UPI,Madurai,Success
TXN04755,Swetha,Swiggy,2026-09-29,18:58,625.39,Food,UPI,Chennai,Success
TXN04756,Ishaan,Myntra,2026-02-24,03:58,4885.1,Shopping,UPI,Coimbatore,Success
TXN04757,Sanjay,Water Board,2026-03-27,12:21,1227.56,Bills,GPay,Trichy,Success
TXN04758,Ishaan,Rapido,2026-05-07,15:09,874.9,Transport,GPay,Salem,Success
TXN04759,Swetha,Meesho,2026-06-20,01:01,3811.25,Shopping,PhonePe,Bengaluru,Success
TXN04760,Meena,Meesho,2026-09-29,21:45,2053.5,Shopping,Card,Salem,Failed
TXN04761,Meena,Dominos,2026-04-28,20:08,199.98,Food,PhonePe,Chennai,Success
TXN04762,Priya,Zomato,2026-01-18,03:10,507.35,Food,GPay,Madurai,Success
TXN04763,Nivetha,RedBus,2026-04-17,20:12,630.84,Transport,Card,Salem,Success
TXN04764,Sanjay,Salon,2026-09-26,16:31,400.63,Others,Card,Madurai,Failed
TXN04765,Keerthi,Flipkart,2026-02-09,08:35,3637.12,Shopping,Card,Salem,Success
TXN04766,Swetha,Ola,2026-03-30,19:40,949.09,Transport,UPI,Chennai,Success
TXN04767,Rahul,Jio,2026-06-03,03:55,3790.35,Bills,Card,Salem,Success
TXN04768,Abinaya,Dominos,2026-09-17,00:13,448.51,Food,PhonePe,Madurai,Failed
TXN04769,Abinaya,Dominos,2026-01-22,06:06,544.34,Food,GPay,Madurai,Pending
TXN04770,Rahul,Water Board,2026-01-11,05:01,3769.0,Bills,GPay,Chennai,Success
TXN04771,Nivetha,1mg,2026-09-08,12:19,1541.24,Health,GPay,Trichy,Success
TXN04772,Anu,Rapido,2026-05-22,18:05,424.58,Transport,GPay,Bengaluru,Success
TXN04773,Arun,Meesho,2026-05-18,13:51,2130.47,Shopping,GPay,Madurai,Success
TXN04774,Priya,Meesho,2026-01-10,03:20,5024.55,Shopping,UPI,Salem,Pending
TXN04775,Priya,YouTube Premium,2026-05-22,05:49,917.29,Entertainment,Card,Chennai,Success
TXN04776,Deva,Amazon,2026-09-04,18:14,2620.41,Shopping,Card,Salem,Success
TXN04777,Ishaan,Local Store,2026-01-07,19:33,670.25,Others,PhonePe,Trichy,Success
TXN04778,Meena,Myntra,2026-04-21,13:34,2594.41,Shopping,PhonePe,Bengaluru,Success
TXN04779,Nivetha,KFC,2026-02-15,08:51,513.75,Food,Card,Tenkasi,Success
TXN04780,Rahul,Rapido,2026-03-10,13:41,1200.0,Transport,PhonePe,Bengaluru,Success
TXN04781,Kavi,Dominos,2026-02-21,21:11,900.0,Food,UPI,Madurai,Failed
TXN04782,Rahul,Cafe Coffee Day,2026-02-24,19:18,900.0,Food,UPI,Madurai,Success
TXN04783,Rahul,Local Pharmacy,2026-03-09,00:56,1187.23,Health,Card,Tenkasi,Pending
TXN04784,Priya,Reliance Trends,2026-03-03,19:11,1115.85,Shopping,PhonePe,Chennai,Success
TXN04785,Meena,Zomato,2026-05-02,07:44,425.47,Food,UPI,Trichy,Success
TXN04786,Priya,Cafe Coffee Day,2026-05-18,19:38,662.23,Food,Card,Bengaluru,Success
TXN04787,Vishnu,Metro,2026-06-24,17:15,742.01,Transport,Card,Madurai,Failed
TXN04788,Arun,Spotify,2026-07-10,11:00,1500.0,Entertainment,UPI,Salem,Failed
TXN04789,Kavi,Swiggy,2026-08-16,02:50,748.85,Food,PhonePe,Chennai,Failed
TXN04790,Arun,A2B,2026-06-21,15:41,343.21,Food,GPay,Madurai,Success
TXN04791,Nivetha,ACT Fibernet,2026-06-03,19:09,4000.0,Bills,UPI,Salem,Success
TXN04792,Vishnu,Dominos,2026-07-17,04:26,197.21,Food,Card,Madurai,Success
TXN04793,Arun,A2B,2026-02-05,06:04,375.58,Food,PhonePe,Madurai,Pending
TXN04794,Sanjay,Rapido,2026-08-19,08:02,518.25,Transport,Card,Coimbatore,Pending
TXN04795,Harini,DMart,2026-03-29,08:48,6000.0,Shopping,Card,Trichy,Success
TXN04796,Deva,YouTube Premium,2026-06-25,10:23,1004.06,Entertainment,PhonePe,Tenkasi,Pending
TXN04797,Keerthi,Reliance Trends,2026-07-12,12:21,2046.22,Shopping,Card,Chennai,Success
TXN04798,Kavi,TNSTC,2026-06-07,07:36,155.98,Transport,Card,Chennai,Pending
TXN04799,Vishnu,Water Board,2026-01-25,07:43,1112.62,Bills,GPay,Tenkasi,Success
TXN04800,Keerthi,PharmEasy,2026-06-01,04:16,2114.35,Health,GPay,Coimbatore,Pending
TXN04801,Rahul,ACT Fibernet,2026-01-16,01:42,4000.0,Bills,Card,Coimbatore,Success
TXN04802,Ishaan,KFC,2026-07-01,16:29,442.67,Food,GPay,Madurai,Success
TXN04803,Rahul,Spotify,2026-07-27,13:02,316.17,Entertainment,UPI,Chennai,Success
TXN04804,Swetha,Cafe Coffee Day,2026-07-07,08:55,776.97,Food,PhonePe,Bengaluru,Success
TXN04805,Priya,Google Workspace,2026-04-29,01:48,3477.07,Education,PhonePe,Bengaluru,Success
TXN04806,Swetha,RedBus,2026-01-31,03:25,476.03,Transport,UPI,Madurai,Pending
TXN04807,Anu,DMart,2026-02-28,15:42,1563.28,Shopping,PhonePe,Madurai,Success
TXN04808,Vishnu,Udemy,2026-05-13,16:46,1910.32,Education,UPI,Madurai,Success
TXN04809,Harini,Rapido,2026-02-03,17:48,631.87,Transport,GPay,Coimbatore,Success
TXN04810,Priya,YouTube Premium,2026-06-18,20:50,719.0,Entertainment,PhonePe,Salem,Success
TXN04811,Nivetha,RedBus,2026-03-22,19:38,329.14,Transport,UPI,Madurai,Success
TXN04812,Sanjay,Hotstar,2026-08-02,23:21,396.61,Entertainment,UPI,Madurai,Failed
TXN04813,Keerthi,Dominos,2026-06-30,08:30,316.29,Food,Card,Trichy,Success
TXN04814,Abinaya,KFC,2026-03-25,10:16,693.39,Food,PhonePe,Tirunelveli,Success
TXN04815,Nivetha,Electricity Board,2026-01-06,01:27,1775.93,Bills,Card,Tirunelveli,Success
TXN04816,Deva,Steam,2026-01-20,21:42,1426.54,Entertainment,GPay,Madurai,Failed
TXN04817,Harini,Amazon,2026-02-04,22:00,2411.09,Shopping,Card,Chennai,Success
TXN04818,Ishaan,Myntra,2026-06-16,10:51,4891.45,Shopping,Card,Madurai,Success
TXN04819,Sanjay,Myntra,2026-05-08,04:15,4758.7,Shopping,UPI,Bengaluru,Success
TXN04820,Arun,Dominos,2026-02-01,14:46,399.32,Food,PhonePe,Coimbatore,Pending
TXN04821,Anu,Dominos,2026-04-26,21:13,900.0,Food,UPI,Tirunelveli,Failed
TXN04822,Ishaan,Zomato,2026-01-10,09:27,770.42,Food,Card,Bengaluru,Failed
TXN04823,Vishnu,Rapido,2026-06-27,05:57,1187.35,Transport,PhonePe,Madurai,Pending
TXN04824,Rahul,RedBus,2026-08-22,06:45,975.38,Transport,PhonePe,Coimbatore,Success
TXN04825,Vishnu,1mg,2026-05-07,00:40,1306.03,Health,GPay,Tirunelveli,Success
TXN04826,Deva,Meesho,2026-04-17,01:43,6000.0,Shopping,PhonePe,Madurai,Pending
TXN04827,Deva,Spotify,2026-03-20,10:00,1362.94,Entertainment,GPay,Chennai,Success
TXN04828,Keerthi,TNSTC,2026-08-23,05:22,700.28,Transport,UPI,Madurai,Success
TXN04829,Deva,Swiggy,2026-02-07,13:38,882.83,Food,GPay,Madurai,Success
TXN04830,Priya,Amazon,2026-02-19,00:58,6000.0,Shopping,PhonePe,Madurai,Success
TXN04831,Nivetha,Electricity Board,2026-09-13,01:50,3781.71,Bills,UPI,Madurai,Success
TXN04832,Ishaan,RedBus,2026-03-19,05:11,595.65,Transport,GPay,Tenkasi,Success
TXN04833,Anu,PharmEasy,2026-03-22,12:40,861.18,Health,GPay,Chennai,Success
TXN04834,Vishnu,Myntra,2026-09-19,01:12,4947.19,Shopping,UPI,Madurai,Success
TXN04835,Swetha,Meesho,2026-06-26,00:43,3555.59,Shopping,GPay,Coimbatore,Success
TXN04836,Nivetha,Rapido,2026-05-11,02:20,345.62,Transport,UPI,Trichy,Failed
TXN04837,Nivetha,KFC,2026-09-12,10:43,510.0,Food,GPay,Salem,Success
TXN04838,Rahul,ACT Fibernet,2026-04-29,05:55,2688.39,Bills,Card,Bengaluru,Success
TXN04839,Sanjay,Hotstar,2026-05-06,00:35,891.2,Entertainment,UPI,Tenkasi,Success
TXN04840,Kavi,BookMyShow,2026-07-06,14:45,235.11,Entertainment,PhonePe,Trichy,Success
TXN04841,Anu,Stationery Shop,2026-08-12,02:29,1373.74,Others,GPay,Madurai,Success
TXN04842,Abinaya,PharmEasy,2026-07-17,17:05,1262.34,Health,GPay,Madurai,Success
TXN04843,Sanjay,YouTube Premium,2026-02-09,10:26,732.13,Entertainment,Card,Tenkasi,Success
TXN04844,Sanjay,Stationery Shop,2026-09-16,01:26,1471.99,Others,Card,Madurai,Success
TXN04845,Swetha,Steam,2026-02-10,09:42,160.21,Entertainment,GPay,Coimbatore,Success
TXN04846,Nivetha,Meesho,2026-04-21,20:28,1639.13,Shopping,GPay,Madurai,Pending
TXN04847,Rahul,Zomato,2026-04-17,01:18,900.0,Food,GPay,Tirunelveli,Failed
TXN04848,Swetha,A2B,2026-02-28,13:10,440.37,Food,Card,Bengaluru,Pending
TXN04849,Meena,Zomato,2026-08-31,18:17,749.42,Food,Card,Coimbatore,Failed
TXN04850,Anu,Miscellaneous,2026-01-24,11:57,1449.8,Others,UPI,Madurai,Success
TXN04851,Abinaya,DMart,2026-07-24,19:00,3520.4,Shopping,Card,Tenkasi,Success
TXN04852,Swetha,Google Workspace,2026-09-26,01:10,2381.18,Education,Card,Madurai,Success
TXN04853,Rahul,Amazon,2026-01-01,21:47,3988.11,Shopping,Card,Bengaluru,Success
TXN04854,Kavi,Hotstar,2026-03-21,21:34,901.33,Entertainment,UPI,Tenkasi,Success
TXN04855,Rahul,Ola,2026-01-10,15:54,283.65,Transport,Card,Madurai,Success
TXN04856,Deva,KFC,2026-04-24,01:41,183.9,Food,GPay,Trichy,Failed
TXN04857,Arun,Dominos,2026-05-11,11:49,576.54,Food,UPI,Chennai,Success
TXN04858,Arun,Amazon Kindle,2026-02-10,08:52,1586.34,Education,Card,Coimbatore,Success
TXN04859,Rahul,Temple,2026-07-14,17:58,1847.61,Others,GPay,Madurai,Success
TXN04860,Nivetha,HealthPlus,2026-06-22,16:46,610.02,Health,UPI,Chennai,Success
TXN04861,Kavi,Swiggy,2026-01-24,11:59,797.69,Food,UPI,Chennai,Success
TXN04862,Arun,Cafe Coffee Day,2026-06-05,08:29,738.24,Food,Card,Tirunelveli,Success
TXN04863,Meena,Jio,2026-03-17,00:33,2214.15,Bills,Card,Madurai,Success
TXN04864,Abinaya,DMart,2026-06-19,07:18,969.03,Shopping,UPI,Madurai,Success
TXN04865,Swetha,Zomato,2026-05-04,00:37,413.52,Food,Card,Chennai,Success
TXN04866,Deva,Cafe Coffee Day,2026-09-04,03:41,701.18,Food,Card,Madurai,Pending
TXN04867,Swetha,RedBus,2026-07-10,09:39,161.93,Transport,Card,Madurai,Success
TXN04868,Rahul,KFC,2026-03-15,08:57,738.83,Food,GPay,Tenkasi,Success
TXN04869,Abinaya,Cafe Coffee Day,2026-06-22,10:57,260.96,Food,UPI,Madurai,Success
TXN04870,Sanjay,Amazon,2026-01-17,17:18,1317.95,Shopping,UPI,Madurai,Success
TXN04871,Nivetha,Steam,2026-09-11,13:42,1249.61,Entertainment,PhonePe,Madurai,Failed
TXN04872,Rahul,DMart,2026-06-08,12:53,2729.79,Shopping,Card,Madurai,Success
TXN04873,Harini,Uber,2026-05-08,17:57,775.79,Transport,PhonePe,Madurai,Success
TXN04874,Swetha,Udemy,2026-02-10,09:56,2776.2,Education,GPay,Tenkasi,Success
TXN04875,Anu,Zomato,2026-04-26,00:36,385.76,Food,UPI,Madurai,Failed
TXN04876,Nivetha,TNSTC,2026-08-13,19:23,199.76,Transport,UPI,Bengaluru,Success
TXN04877,Sanjay,Hotstar,2026-07-18,05:12,1079.87,Entertainment,UPI,Chennai,Success
TXN04878,Arun,Salon,2026-02-21,17:48,1550.92,Others,PhonePe,Coimbatore,Success
TXN04879,Swetha,KFC,2026-03-21,15:26,564.83,Food,PhonePe,Chennai,Success
TXN04880,Sanjay,Rapido,2026-03-07,08:31,796.4,Transport,GPay,Chennai,Success
TXN04881,Priya,Coursera,2026-07-10,13:02,2818.84,Education,UPI,Madurai,Success
TXN04882,Rahul,DMart,2026-07-04,02:41,2716.91,Shopping,GPay,Chennai,Success
TXN04883,Anu,Cafe Coffee Day,2026-02-22,17:37,900.0,Food,GPay,Coimbatore,Success
TXN04884,Priya,Cafe Coffee Day,2026-02-05,14:05,900.0,Food,GPay,Tirunelveli,Success
TXN04885,Harini,Dominos,2026-04-22,19:46,900.0,Food,GPay,Madurai,Success
TXN04886,Rahul,Airtel,2026-09-06,21:40,782.25,Bills,UPI,Coimbatore,Success
TXN04887,Abinaya,HealthPlus,2026-08-02,02:49,3000.0,Health,Card,Coimbatore,Success
TXN04888,Priya,Rapido,2026-05-25,10:20,680.81,Transport,UPI,Chennai,Failed
TXN04889,Priya,Amazon Kindle,2026-03-18,08:34,1923.04,Education,PhonePe,Madurai,Success
TXN04890,Meena,Hotstar,2026-02-06,08:20,409.77,Entertainment,PhonePe,Tirunelveli,Pending
TXN04891,Deva,Dominos,2026-01-22,07:43,720.19,Food,UPI,Chennai,Success
TXN04892,Vishnu,Uber,2026-01-17,23:44,816.14,Transport,GPay,Tirunelveli,Failed
TXN04893,Harini,Ola,2026-03-04,20:37,772.79,Transport,GPay,Tenkasi,Success
TXN04894,Sanjay,Zomato,2026-02-13,00:50,628.78,Food,GPay,Coimbatore,Success
TXN04895,Rahul,Rapido,2026-03-05,03:28,882.14,Transport,GPay,Bengaluru,Failed
TXN04896,Swetha,KFC,2026-06-11,12:54,900.0,Food,PhonePe,Tirunelveli,Pending
TXN04897,Sanjay,Metro,2026-09-06,13:58,724.87,Transport,UPI,Coimbatore,Pending
TXN04898,Meena,Salon,2026-02-02,01:32,1439.47,Others,PhonePe,Tenkasi,Success
TXN04899,Ishaan,Udemy,2026-02-05,17:36,2107.47,Education,GPay,Madurai,Success
TXN04900,Kavi,Uber,2026-01-05,11:40,1200.0,Transport,GPay,Bengaluru,Success
TXN04901,Nivetha,Jio,2026-03-01,15:11,864.24,Bills,PhonePe,Trichy,Success
TXN04902,Sanjay,RedBus,2026-01-20,17:08,1200.0,Transport,UPI,Madurai,Success
TXN04903,Harini,ACT Fibernet,2026-07-17,15:28,2516.27,Bills,UPI,Madurai,Success
TXN04904,Ishaan,Swiggy,2026-04-19,02:21,432.67,Food,Card,Tenkasi,Failed
TXN04905,Deva,Netflix,2026-05-20,10:44,420.67,Entertainment,UPI,Madurai,Success
TXN04906,Priya,TNSTC,2026-06-17,22:34,960.64,Transport,PhonePe,Bengaluru,Success
TXN04907,Arun,Electricity Board,2026-05-18,00:55,1374.3,Bills,GPay,Madurai,Success
TXN04908,Deva,Flipkart,2026-05-13,21:06,5780.36,Shopping,Card,Salem,Success
TXN04909,Arun,Cafe Coffee Day,2026-04-28,08:25,451.9,Food,Card,Tenkasi,Success
TXN04910,Kavi,KFC,2026-05-28,03:02,209.75,Food,Card,Trichy,Pending
TXN04911,Vishnu,Airtel,2026-01-03,13:09,2306.25,Bills,UPI,Tenkasi,Success
TXN04912,Deva,Netflix,2026-04-30,02:13,842.11,Entertainment,Card,Madurai,Success
TXN04913,Sanjay,Miscellaneous,2026-07-23,08:14,2000.0,Others,UPI,Coimbatore,Success
TXN04914,Sanjay,Gift,2026-07-27,21:58,1922.86,Others,GPay,Tirunelveli,Success
TXN04915,Ishaan,YouTube Premium,2026-06-14,07:42,1500.0,Entertainment,GPay,Chennai,Success
TXN04916,Abinaya,Temple,2026-02-01,09:35,1631.64,Others,UPI,Chennai,Success
TXN04917,Ishaan,Dominos,2026-06-03,19:09,239.08,Food,Card,Bengaluru,Success
TXN04918,Swetha,BookMyShow,2026-05-10,17:38,1347.37,Entertainment,UPI,Tenkasi,Failed
TXN04919,Rahul,Amazon,2026-02-24,00:51,2465.72,Shopping,PhonePe,Madurai,Success
TXN04920,Keerthi,Amazon,2026-02-06,15:10,2368.74,Shopping,Card,Salem,Success
TXN04921,Swetha,Dominos,2026-06-08,20:19,703.32,Food,Card,Salem,Success
TXN04922,Swetha,Ola,2026-09-28,03:31,463.72,Transport,GPay,Madurai,Success
TXN04923,Keerthi,Amazon,2026-08-05,01:46,6000.0,Shopping,Card,Salem,Success
TXN04924,Ishaan,Coursera,2026-05-18,09:46,1088.84,Education,PhonePe,Tenkasi,Success
TXN04925,Kavi,PharmEasy,2026-08-05,15:16,1579.29,Health,UPI,Bengaluru,Success
TXN04926,Deva,A2B,2026-07-28,23:56,488.12,Food,UPI,Madurai,Pending
TXN04927,Anu,A2B,2026-02-25,16:23,269.42,Food,PhonePe,Bengaluru,Failed
TXN04928,Abinaya,Steam,2026-05-05,00:02,667.51,Entertainment,PhonePe,Tirunelveli,Success
TXN04929,Ishaan,Netflix,2026-07-26,11:52,634.28,Entertainment,PhonePe,Tenkasi,Success
TXN04930,Nivetha,Spotify,2026-09-02,22:06,338.92,Entertainment,GPay,Chennai,Pending
TXN04931,Deva,TNSTC,2026-06-05,14:35,414.09,Transport,Card,Madurai,Success
TXN04932,Keerthi,Metro,2026-03-19,06:41,582.98,Transport,Card,Madurai,Pending
TXN04933,Vishnu,Google Workspace,2026-05-05,21:13,2350.92,Education,Card,Chennai,Success
TXN04934,Vishnu,Ola,2026-08-21,22:39,952.03,Transport,Card,Chennai,Failed
TXN04935,Ishaan,Netflix,2026-04-13,04:14,1500.0,Entertainment,PhonePe,Trichy,Success
TXN04936,Keerthi,Meesho,2026-08-09,00:12,2633.9,Shopping,Card,Tenkasi,Success
TXN04937,Anu,A2B,2026-04-28,10:54,248.66,Food,GPay,Coimbatore,Success
TXN04938,Arun,Meesho,2026-03-11,11:34,3986.49,Shopping,GPay,Madurai,Success
TXN04939,Harini,Amazon,2026-05-15,13:25,2902.61,Shopping,PhonePe,Trichy,Success
TXN04940,Harini,A2B,2026-02-22,10:06,838.36,Food,Card,Madurai,Success
TXN04941,Sanjay,Cafe Coffee Day,2026-01-03,07:52,450.47,Food,UPI,Tenkasi,Success
TXN04942,Nivetha,RedBus,2026-02-20,18:27,645.42,Transport,PhonePe,Madurai,Success
TXN04943,Harini,Dominos,2026-06-14,04:18,434.07,Food,PhonePe,Bengaluru,Success
TXN04944,Vishnu,RedBus,2026-01-13,21:12,1200.0,Transport,GPay,Salem,Success
TXN04945,Harini,Ola,2026-02-11,03:47,677.4,Transport,GPay,Bengaluru,Success
TXN04946,Swetha,Steam,2026-08-06,02:31,1500.0,Entertainment,GPay,Trichy,Success
TXN04947,Kavi,Local Pharmacy,2026-05-13,08:36,1313.96,Health,Card,Salem,Success
TXN04948,Arun,Miscellaneous,2026-02-14,07:53,1472.18,Others,GPay,Tenkasi,Success
TXN04949,Abinaya,Swiggy,2026-04-09,18:07,740.65,Food,PhonePe,Tenkasi,Pending
TXN04950,Sanjay,A2B,2026-07-27,16:19,407.98,Food,GPay,Bengaluru,Pending
TXN04951,Deva,Zomato,2026-02-01,09:00,762.07,Food,PhonePe,Tenkasi,Success
TXN04952,Ishaan,Metro,2026-08-27,21:26,263.03,Transport,Card,Coimbatore,Pending
TXN04953,Sanjay,Spotify,2026-08-03,02:23,947.88,Entertainment,UPI,Bengaluru,Success
TXN04954,Priya,KFC,2026-03-11,04:46,691.37,Food,GPay,Madurai,Failed
TXN04955,Harini,Apollo Pharmacy,2026-07-23,09:48,1057.34,Health,GPay,Madurai,Failed
TXN04956,Rahul,Swiggy,2026-03-21,06:28,364.96,Food,PhonePe,Chennai,Success
TXN04957,Ishaan,Meesho,2026-05-03,14:27,1709.33,Shopping,Card,Tirunelveli,Failed
TXN04958,Deva,Reliance Trends,2026-08-25,14:49,1795.93,Shopping,GPay,Chennai,Success
TXN04959,Abinaya,ACT Fibernet,2026-02-04,19:30,1341.41,Bills,PhonePe,Tirunelveli,Success
TXN04960,Deva,Cafe Coffee Day,2026-03-18,21:40,759.57,Food,UPI,Tenkasi,Success
TXN04961,Swetha,Temple,2026-07-14,20:33,676.46,Others,GPay,Chennai,Success
TXN04962,Rahul,Spotify,2026-04-06,10:41,273.49,Entertainment,UPI,Coimbatore,Success
TXN04963,Keerthi,Flipkart,2026-06-04,23:20,4179.65,Shopping,UPI,Tenkasi,Success
TXN04964,Ishaan,Google Workspace,2026-08-08,18:30,911.94,Education,PhonePe,Tirunelveli,Pending
TXN04965,Meena,Dominos,2026-06-08,07:35,463.95,Food,GPay,Madurai,Success
TXN04966,Abinaya,Zomato,2026-09-24,00:50,404.12,Food,GPay,Chennai,Failed
TXN04967,Meena,YouTube Premium,2026-06-12,23:58,665.52,Entertainment,GPay,Coimbatore,Success
TXN04968,Arun,A2B,2026-07-18,23:50,215.23,Food,GPay,Tenkasi,Pending
TXN04969,Swetha,Flipkart,2026-01-27,05:51,3911.37,Shopping,Card,Coimbatore,Failed
TXN04970,Arun,A2B,2026-05-17,13:19,311.04,Food,PhonePe,Madurai,Success
TXN04971,Rahul,Zomato,2026-07-23,13:29,83.51,Food,Card,Madurai,Success
TXN04972,Abinaya,Miscellaneous,2026-09-18,10:08,1570.6,Others,PhonePe,Madurai,Success
TXN04973,Meena,Gift,2026-06-13,11:45,1331.91,Others,PhonePe,Tirunelveli,Failed
TXN04974,Arun,Metro,2026-04-27,15:32,1200.0,Transport,Card,Coimbatore,Success
TXN04975,Deva,RedBus,2026-06-11,11:49,661.16,Transport,UPI,Tenkasi,Success
TXN04976,Arun,Amazon,2026-08-20,09:11,4211.18,Shopping,PhonePe,Bengaluru,Success
TXN04977,Kavi,Cafe Coffee Day,2026-04-21,13:21,343.18,Food,Card,Madurai,Pending
TXN04978,Abinaya,Dominos,2026-07-01,13:24,169.43,Food,Card,Madurai,Success
TXN04979,Vishnu,Electricity Board,2026-07-06,18:57,1373.12,Bills,GPay,Chennai,Success
TXN04980,Nivetha,Myntra,2026-01-16,00:29,4080.47,Shopping,PhonePe,Salem,Success
TXN04981,Abinaya,RedBus,2026-09-18,23:52,718.73,Transport,PhonePe,Chennai,Success
TXN04982,Arun,Ola,2026-03-13,17:27,534.86,Transport,UPI,Bengaluru,Pending
TXN04983,Deva,TNSTC,2026-01-21,16:06,493.96,Transport,PhonePe,Bengaluru,Success
TXN04984,Meena,Water Board,2026-08-14,07:50,1117.67,Bills,PhonePe,Madurai,Pending
TXN04985,Harini,Metro,2026-06-28,05:05,529.25,Transport,UPI,Bengaluru,Failed
TXN04986,Abinaya,Airtel,2026-08-18,00:46,1758.95,Bills,GPay,Chennai,Success
TXN04987,Ishaan,RedBus,2026-02-05,14:54,1200.0,Transport,Card,Madurai,Success
TXN04988,Nivetha,Cafe Coffee Day,2026-07-22,11:08,592.76,Food,Card,Madurai,Success
TXN04989,Priya,Swiggy,2026-06-19,03:07,506.67,Food,UPI,Tenkasi,Success
TXN04990,Nivetha,DMart,2026-01-17,17:31,3488.82,Shopping,UPI,Madurai,Success
TXN04991,Arun,Coursera,2026-03-07,04:23,5000.0,Education,UPI,Chennai,Pending
TXN04992,Keerthi,TNSTC,2026-04-18,14:16,488.4,Transport,GPay,Madurai,Success
TXN04993,Rahul,Swiggy,2026-01-20,05:14,344.88,Food,PhonePe,Madurai,Success
TXN04994,Sanjay,Miscellaneous,2026-04-08,22:51,2000.0,Others,GPay,Coimbatore,Pending
TXN04995,Sanjay,Rapido,2026-08-22,11:17,922.1,Transport,UPI,Madurai,Success
TXN04996,Arun,Ola,2026-03-14,19:07,433.12,Transport,Card,Madurai,Failed
TXN04997,Vishnu,Apollo Pharmacy,2026-07-22,07:32,3000.0,Health,Card,Tenkasi,Pending
TXN04998,Harini,Uber,2026-07-17,19:03,511.88,Transport,Card,Salem,Failed
TXN04999,Nivetha,Dominos,2026-04-16,00:02,391.31,Food,GPay,Tenkasi,Success
TXN05000,Anu,Amazon Kindle,2026-01-10,13:17,1230.07,Education,UPI,Madurai,Success
TXN05001,Harini,Amazon,2026-01-16,23:24,1658.54,Shopping,Card,Chennai,Success
TXN05002,Ishaan,Reliance Trends,2026-01-15,03:24,5250.35,Shopping,UPI,Madurai,Failed
TXN05003,Nivetha,A2B,2026-06-03,04:52,437.62,Food,Card,Tenkasi,Success
TXN05004,Harini,KFC,2026-01-02,20:00,463.66,Food,PhonePe,Tirunelveli,Failed
TXN05005,Ishaan,Spotify,2026-06-12,00:37,1500.0,Entertainment,UPI,Madurai,Success
TXN05006,Arun,Cafe Coffee Day,2026-08-01,03:22,619.98,Food,Card,Bengaluru,Failed
TXN05007,Kavi,Udemy,2026-06-19,12:42,1394.76,Education,PhonePe,Chennai,Pending
TXN05008,Nivetha,Flipkart,2026-01-25,11:04,5893.19,Shopping,PhonePe,Madurai,Success
TXN05009,Vishnu,KFC,2026-08-16,21:42,823.18,Food,Card,Coimbatore,Pending
TXN05010,Deva,Rapido,2026-01-30,23:52,573.57,Transport,UPI,Chennai,Pending
TXN05011,Rahul,ACT Fibernet,2026-04-12,20:20,1027.76,Bills,PhonePe,Bengaluru,Success
TXN05012,Abinaya,Myntra,2026-06-18,05:25,3777.64,Shopping,GPay,Tirunelveli,Success
TXN05013,Anu,Myntra,2026-08-26,15:12,1828.5,Shopping,Card,Coimbatore,Success
TXN05014,Meena,Metro,2026-01-21,07:32,535.45,Transport,PhonePe,Coimbatore,Success
TXN05015,Rahul,Swiggy,2026-01-11,08:41,425.04,Food,GPay,Madurai,Success
TXN05016,Swetha,Rapido,2026-08-30,04:01,380.64,Transport,GPay,Salem,Pending
TXN05017,Harini,HealthPlus,2026-04-02,20:47,3000.0,Health,UPI,Madurai,Success
TXN05018,Anu,Flipkart,2026-06-01,22:33,2152.43,Shopping,UPI,Bengaluru,Pending
TXN05019,Anu,Steam,2026-06-16,12:02,1500.0,Entertainment,PhonePe,Coimbatore,Success
TXN05020,Harini,RedBus,2026-02-15,03:39,655.32,Transport,Card,Chennai,Success
TXN05021,Deva,Cafe Coffee Day,2026-06-06,11:18,219.21,Food,PhonePe,Tirunelveli,Success
TXN05022,Harini,Meesho,2026-06-16,23:18,2892.04,Shopping,Card,Bengaluru,Success
TXN05023,Kavi,Gift,2026-07-02,18:06,2000.0,Others,GPay,Bengaluru,Failed
TXN05024,Rahul,Reliance Trends,2026-06-28,22:30,2832.84,Shopping,GPay,Salem,Success
TXN05025,Priya,Flipkart,2026-07-14,17:48,2103.22,Shopping,PhonePe,Madurai,Success
TXN05026,Swetha,Reliance Trends,2026-04-11,09:17,5238.92,Shopping,GPay,Chennai,Failed
TXN05027,Harini,Dominos,2026-09-17,21:41,303.61,Food,GPay,Trichy,Success
TXN05028,Keerthi,Water Board,2026-09-11,09:35,439.34,Bills,PhonePe,Coimbatore,Success
TXN05029,Keerthi,Local Pharmacy,2026-05-07,19:31,1318.16,Health,GPay,Madurai,Pending
TXN05030,Swetha,Water Board,2026-02-23,21:37,2018.64,Bills,PhonePe,Tenkasi,Success
TXN05031,Nivetha,A2B,2026-04-19,17:46,405.25,Food,GPay,Chennai,Success
TXN05032,Rahul,Metro,2026-09-20,12:28,638.84,Transport,UPI,Trichy,Success
TXN05033,Sanjay,Miscellaneous,2026-02-23,18:38,924.0,Others,Card,Bengaluru,Failed
TXN05034,Swetha,Rapido,2026-05-05,01:44,376.2,Transport,Card,Madurai,Success
TXN05035,Abinaya,HealthPlus,2026-09-12,20:02,1260.71,Health,Card,Tenkasi,Success
TXN05036,Arun,A2B,2026-06-10,15:47,622.97,Food,UPI,Coimbatore,Success
TXN05037,Keerthi,DMart,2026-05-22,03:45,6000.0,Shopping,UPI,Tenkasi,Success
TXN05038,Rahul,Swiggy,2026-08-07,04:37,244.36,Food,PhonePe,Chennai,Pending
TXN05039,Sanjay,Dominos,2026-04-29,10:09,266.51,Food,UPI,Tirunelveli,Success
TXN05040,Vishnu,Electricity Board,2026-07-20,01:03,2996.83,Bills,GPay,Chennai,Pending
TXN05041,Ishaan,Cafe Coffee Day,2026-09-22,11:14,900.0,Food,PhonePe,Madurai,Failed
TXN05042,Sanjay,Cafe Coffee Day,2026-08-08,12:25,342.12,Food,GPay,Trichy,Success
TXN05043,Vishnu,Reliance Trends,2026-09-12,11:15,1844.79,Shopping,PhonePe,Chennai,Pending
TXN05044,Sanjay,Electricity Board,2026-09-02,17:57,3867.74,Bills,GPay,Bengaluru,Success
TXN05045,Vishnu,Myntra,2026-01-20,16:41,5588.86,Shopping,UPI,Madurai,Pending
TXN05046,Deva,DMart,2026-02-20,23:26,974.39,Shopping,Card,Madurai,Pending
TXN05047,Rahul,Dominos,2026-04-09,10:47,184.81,Food,GPay,Bengaluru,Pending
TXN05048,Abinaya,Metro,2026-09-18,18:14,344.38,Transport,GPay,Tenkasi,Success
TXN05049,Harini,Udemy,2026-04-12,17:06,3805.75,Education,PhonePe,Coimbatore,Success
TXN05050,Ishaan,A2B,2026-06-24,04:26,462.77,Food,PhonePe,Madurai,Success
TXN05051,Anu,RedBus,2026-04-06,07:39,699.2,Transport,GPay,Trichy,Pending
TXN05052,Swetha,Amazon,2026-07-21,10:45,6000.0,Shopping,PhonePe,Bengaluru,Pending
TXN05053,Priya,Zomato,2026-06-19,04:03,203.74,Food,UPI,Chennai,Pending
TXN05054,Arun,Local Store,2026-01-28,06:25,701.31,Others,UPI,Chennai,Failed
TXN05055,Priya,Ola,2026-02-08,09:58,741.82,Transport,Card,Madurai,Success
TXN05056,Swetha,TNSTC,2026-05-05,12:11,925.81,Transport,GPay,Tenkasi,Failed
TXN05057,Anu,Myntra,2026-03-18,01:15,2391.67,Shopping,Card,Chennai,Success
TXN05058,Harini,Uber,2026-04-10,14:16,361.27,Transport,UPI,Madurai,Success
TXN05059,Ishaan,A2B,2026-05-21,16:02,844.91,Food,UPI,Bengaluru,Failed
TXN05060,Kavi,TNSTC,2026-05-08,22:37,723.43,Transport,GPay,Tirunelveli,Failed
TXN05061,Kavi,Google Workspace,2026-01-08,14:17,1181.11,Education,PhonePe,Bengaluru,Success
TXN05062,Abinaya,A2B,2026-03-20,05:45,900.0,Food,Card,Chennai,Success
TXN05063,Keerthi,Spotify,2026-01-14,12:26,1017.18,Entertainment,PhonePe,Bengaluru,Pending
TXN05064,Ishaan,Dominos,2026-01-03,08:45,744.06,Food,UPI,Madurai,Success
TXN05065,Anu,A2B,2026-06-20,01:44,501.84,Food,UPI,Chennai,Failed
TXN05066,Harini,Udemy,2026-01-04,17:03,1724.4,Education,UPI,Madurai,Success
TXN05067,Rahul,Dominos,2026-04-29,22:03,524.33,Food,UPI,Tirunelveli,Success
TXN05068,Rahul,Spotify,2026-02-01,08:58,1500.0,Entertainment,PhonePe,Chennai,Failed
TXN05069,Vishnu,Miscellaneous,2026-04-02,23:41,872.09,Others,GPay,Chennai,Failed
TXN05070,Harini,Airtel,2026-01-09,06:16,1221.27,Bills,PhonePe,Coimbatore,Success
TXN05071,Priya,1mg,2026-06-22,23:05,3000.0,Health,Card,Madurai,Success
TXN05072,Harini,Netflix,2026-08-25,00:48,880.03,Entertainment,GPay,Madurai,Success
TXN05073,Anu,Jio,2026-01-29,07:04,2299.24,Bills,PhonePe,Tenkasi,Success
TXN05074,Vishnu,Reliance Trends,2026-01-17,15:36,2712.98,Shopping,UPI,Madurai,Failed
TXN05075,Arun,TNSTC,2026-07-15,06:13,737.04,Transport,PhonePe,Chennai,Success
TXN05076,Kavi,Miscellaneous,2026-05-02,23:25,227.51,Others,PhonePe,Coimbatore,Pending
TXN05077,Arun,Flipkart,2026-03-22,19:43,4862.77,Shopping,GPay,Trichy,Pending
TXN05078,Swetha,BookMyShow,2026-01-02,11:30,1110.95,Entertainment,PhonePe,Tenkasi,Success
TXN05079,Abinaya,Flipkart,2026-08-02,01:26,5619.09,Shopping,PhonePe,Coimbatore,Success
TXN05080,Keerthi,Jio,2026-04-30,22:16,2312.24,Bills,PhonePe,Coimbatore,Failed
TXN05081,Rahul,Dominos,2026-01-28,10:46,403.92,Food,PhonePe,Trichy,Success
TXN05082,Arun,A2B,2026-08-16,05:41,869.05,Food,Card,Coimbatore,Pending
TXN05083,Keerthi,Water Board,2026-03-19,05:25,4000.0,Bills,Card,Madurai,Success
TXN05084,Sanjay,Cafe Coffee Day,2026-03-27,14:23,400.29,Food,GPay,Coimbatore,Success
TXN05085,Meena,KFC,2026-08-01,14:18,279.38,Food,UPI,Madurai,Success
TXN05086,Meena,Amazon Kindle,2026-05-19,16:45,2559.83,Education,PhonePe,Coimbatore,Pending
TXN05087,Abinaya,Dominos,2026-01-10,22:04,295.23,Food,Card,Salem,Pending
TXN05088,Keerthi,Dominos,2026-03-21,23:42,441.1,Food,UPI,Tirunelveli,Success
TXN05089,Keerthi,Amazon Kindle,2026-07-05,15:44,3228.37,Education,UPI,Tirunelveli,Success
TXN05090,Rahul,1mg,2026-09-11,18:41,901.59,Health,UPI,Coimbatore,Success
TXN05091,Ishaan,Hotstar,2026-05-20,14:13,781.18,Entertainment,GPay,Madurai,Pending
TXN05092,Rahul,A2B,2026-02-14,04:51,478.75,Food,GPay,Chennai,Success
TXN05093,Meena,HealthPlus,2026-06-06,05:17,2511.89,Health,Card,Coimbatore,Success
TXN05094,Meena,BookMyShow,2026-03-17,13:41,1500.0,Entertainment,PhonePe,Madurai,Failed
TXN05095,Nivetha,Metro,2026-03-03,14:56,520.46,Transport,Card,Madurai,Success
TXN05096,Abinaya,Apollo Pharmacy,2026-09-22,14:28,3000.0,Health,Card,Chennai,Success
TXN05097,Anu,Uber,2026-09-21,00:21,904.81,Transport,Card,Chennai,Failed
TXN05098,Kavi,Udemy,2026-06-06,16:06,2080.96,Education,Card,Trichy,Success
TXN05099,Vishnu,Reliance Trends,2026-08-27,19:53,2575.66,Shopping,GPay,Chennai,Success
TXN05100,Deva,Hotstar,2026-03-10,19:00,635.45,Entertainment,PhonePe,Salem,Success
TXN05101,Anu,Metro,2026-05-19,02:50,472.1,Transport,UPI,Madurai,Pending
TXN05102,Swetha,College Fees,2026-05-14,18:59,4982.04,Education,GPay,Madurai,Failed
TXN05103,Meena,Uber,2026-01-01,23:37,958.41,Transport,GPay,Chennai,Success
TXN05104,Swetha,KFC,2026-02-22,12:31,414.51,Food,Card,Trichy,Success
TXN05105,Abinaya,Zomato,2026-01-29,16:05,325.88,Food,GPay,Chennai,Pending
TXN05106,Abinaya,A2B,2026-07-10,15:06,844.36,Food,PhonePe,Madurai,Success
TXN05107,Harini,HealthPlus,2026-05-31,14:04,1681.87,Health,PhonePe,Chennai,Pending
TXN05108,Sanjay,Swiggy,2026-01-18,19:28,254.53,Food,GPay,Madurai,Success
TXN05109,Abinaya,Swiggy,2026-09-12,18:57,144.94,Food,GPay,Tenkasi,Success
TXN05110,Anu,Metro,2026-07-10,01:38,552.0,Transport,PhonePe,Madurai,Success
TXN05111,Anu,1mg,2026-04-28,23:18,1771.29,Health,Card,Tenkasi,Success
TXN05112,Priya,Water Board,2026-03-30,21:09,2708.63,Bills,GPay,Madurai,Pending
TXN05113,Anu,TNSTC,2026-08-24,23:01,1200.0,Transport,Card,Salem,Success
TXN05114,Sanjay,DMart,2026-04-28,20:27,1330.0,Shopping,UPI,Tenkasi,Pending
TXN05115,Anu,Meesho,2026-06-08,08:41,3377.43,Shopping,Card,Coimbatore,Pending
TXN05116,Anu,Airtel,2026-03-26,01:55,2035.6,Bills,UPI,Madurai,Pending
TXN05117,Kavi,Rapido,2026-04-19,15:02,366.93,Transport,GPay,Chennai,Success
TXN05118,Abinaya,A2B,2026-04-07,08:08,782.21,Food,UPI,Bengaluru,Success
TXN05119,Keerthi,TNSTC,2026-08-05,13:29,541.59,Transport,PhonePe,Tirunelveli,Success
TXN05120,Swetha,Water Board,2026-02-28,23:04,2022.74,Bills,Card,Tirunelveli,Success
TXN05121,Swetha,TNSTC,2026-09-12,03:01,408.9,Transport,UPI,Salem,Success
TXN05122,Ishaan,Dominos,2026-09-24,10:10,507.64,Food,GPay,Coimbatore,Success
TXN05123,Nivetha,Water Board,2026-05-20,20:04,2788.63,Bills,GPay,Chennai,Success
TXN05124,Abinaya,Salon,2026-09-15,13:40,1090.06,Others,PhonePe,Coimbatore,Success
TXN05125,Ishaan,Ola,2026-05-11,09:03,940.44,Transport,UPI,Trichy,Success
TXN05126,Abinaya,Local Store,2026-04-04,08:49,799.66,Others,Card,Coimbatore,Success
TXN05127,Swetha,Myntra,2026-02-25,03:19,4330.79,Shopping,PhonePe,Madurai,Success
TXN05128,Kavi,Uber,2026-09-23,12:41,880.37,Transport,GPay,Trichy,Pending
TXN05129,Vishnu,DMart,2026-08-06,17:27,4068.52,Shopping,UPI,Madurai,Success
TXN05130,Meena,KFC,2026-04-24,05:39,771.57,Food,UPI,Tenkasi,Failed
TXN05131,Deva,Uber,2026-09-14,22:43,490.45,Transport,Card,Chennai,Success
TXN05132,Abinaya,1mg,2026-04-12,22:12,1139.38,Health,Card,Tirunelveli,Pending
TXN05133,Nivetha,A2B,2026-03-21,05:02,319.57,Food,GPay,Bengaluru,Success
TXN05134,Vishnu,DMart,2026-09-11,22:37,1743.16,Shopping,PhonePe,Chennai,Success
TXN05135,Abinaya,Flipkart,2026-03-25,19:36,2264.82,Shopping,UPI,Chennai,Success
TXN05136,Vishnu,KFC,2026-02-22,20:48,363.63,Food,Card,Salem,Failed
TXN05137,Kavi,Flipkart,2026-05-11,20:46,2097.52,Shopping,UPI,Salem,Success
TXN05138,Meena,Steam,2026-01-03,10:03,774.84,Entertainment,UPI,Madurai,Success
TXN05139,Arun,Ola,2026-09-04,18:41,301.88,Transport,Card,Madurai,Success
TXN05140,Sanjay,Myntra,2026-05-15,14:40,5047.32,Shopping,PhonePe,Chennai,Success
TXN05141,Rahul,Coursera,2026-01-25,09:15,2387.51,Education,UPI,Madurai,Failed
TXN05142,Swetha,Rapido,2026-08-17,14:36,704.21,Transport,PhonePe,Madurai,Success
TXN05143,Keerthi,RedBus,2026-09-26,15:44,358.9,Transport,Card,Coimbatore,Failed
TXN05144,Anu,TNSTC,2026-05-13,15:25,611.23,Transport,UPI,Madurai,Failed
TXN05145,Kavi,A2B,2026-03-11,19:50,611.72,Food,GPay,Madurai,Success
TXN05146,Deva,Miscellaneous,2026-06-18,20:33,1099.28,Others,GPay,Chennai,Pending
TXN05147,Priya,TNSTC,2026-02-02,23:50,1100.79,Transport,UPI,Trichy,Pending
TXN05148,Deva,KFC,2026-01-14,03:47,552.54,Food,PhonePe,Madurai,Failed
TXN05149,Vishnu,Spotify,2026-09-03,20:37,384.47,Entertainment,UPI,Madurai,Success
TXN05150,Harini,Ola,2026-03-02,02:23,490.05,Transport,UPI,Trichy,Success
TXN05151,Harini,A2B,2026-03-09,23:56,261.49,Food,Card,Coimbatore,Success
TXN05152,Vishnu,Ola,2026-08-03,11:26,977.49,Transport,Card,Salem,Success
TXN05153,Ishaan,KFC,2026-02-22,12:55,464.81,Food,UPI,Coimbatore,Success
TXN05154,Priya,Amazon,2026-06-03,08:14,5703.34,Shopping,Card,Trichy,Pending
TXN05155,Abinaya,Flipkart,2026-04-01,22:12,1519.4,Shopping,Card,Madurai,Pending
TXN05156,Kavi,College Fees,2026-06-02,15:35,2097.24,Education,PhonePe,Coimbatore,Success
TXN05157,Harini,A2B,2026-03-08,21:21,557.15,Food,GPay,Madurai,Success
TXN05158,Deva,Swiggy,2026-04-06,19:01,341.07,Food,GPay,Coimbatore,Success
TXN05159,Meena,TNSTC,2026-08-02,02:38,142.86,Transport,GPay,Trichy,Success
TXN05160,Nivetha,YouTube Premium,2026-09-19,11:18,391.5,Entertainment,UPI,Salem,Failed
TXN05161,Harini,Reliance Trends,2026-06-16,10:07,6000.0,Shopping,UPI,Chennai,Success
TXN05162,Meena,Swiggy,2026-09-25,06:00,774.96,Food,PhonePe,Bengaluru,Pending
TXN05163,Priya,Rapido,2026-09-25,18:26,227.14,Transport,PhonePe,Madurai,Pending
TXN05164,Harini,Temple,2026-05-20,13:18,736.48,Others,UPI,Coimbatore,Failed
TXN05165,Keerthi,Water Board,2026-09-14,05:20,2176.83,Bills,UPI,Trichy,Success
TXN05166,Ishaan,Water Board,2026-03-20,01:31,1192.06,Bills,GPay,Chennai,Success
TXN05167,Kavi,Udemy,2026-08-24,03:06,1983.53,Education,PhonePe,Tenkasi,Failed
TXN05168,Swetha,DMart,2026-03-23,00:34,1471.52,Shopping,PhonePe,Salem,Pending
TXN05169,Vishnu,Airtel,2026-08-12,10:00,4000.0,Bills,Card,Chennai,Failed
TXN05170,Swetha,Zomato,2026-07-19,04:38,494.5,Food,Card,Chennai,Failed
TXN05171,Meena,Meesho,2026-08-30,04:54,2436.0,Shopping,UPI,Trichy,Success
TXN05172,Rahul,Hotstar,2026-05-05,05:06,339.22,Entertainment,GPay,Trichy,Pending
TXN05173,Meena,Swiggy,2026-04-26,09:10,402.35,Food,Card,Bengaluru,Success
TXN05174,Kavi,Dominos,2026-04-04,22:43,372.51,Food,GPay,Bengaluru,Success
TXN05175,Deva,Salon,2026-06-27,21:43,675.47,Others,UPI,Tirunelveli,Pending
TXN05176,Anu,DMart,2026-03-30,06:35,2487.47,Shopping,UPI,Coimbatore,Success
TXN05177,Vishnu,Airtel,2026-01-19,01:54,1084.32,Bills,Card,Tirunelveli,Success
TXN05178,Anu,Myntra,2026-08-29,07:27,5419.57,Shopping,UPI,Madurai,Pending
TXN05179,Priya,Netflix,2026-03-06,05:48,1305.31,Entertainment,PhonePe,Tirunelveli,Pending
TXN05180,Anu,Water Board,2026-06-09,05:34,4000.0,Bills,Card,Tirunelveli,Success
TXN05181,Abinaya,ACT Fibernet,2026-06-25,11:31,834.29,Bills,PhonePe,Tirunelveli,Success
TXN05182,Keerthi,YouTube Premium,2026-08-19,15:38,1500.0,Entertainment,PhonePe,Chennai,Failed
TXN05183,Ishaan,Jio,2026-02-05,12:16,1936.65,Bills,Card,Madurai,Success
TXN05184,Harini,Water Board,2026-08-24,07:56,994.49,Bills,UPI,Tenkasi,Success
TXN05185,Harini,KFC,2026-01-06,10:08,256.04,Food,UPI,Salem,Success
TXN05186,Meena,Rapido,2026-08-09,17:02,591.85,Transport,UPI,Tenkasi,Pending
TXN05187,Deva,Cafe Coffee Day,2026-02-06,23:32,223.36,Food,PhonePe,Madurai,Failed
TXN05188,Ishaan,Stationery Shop,2026-08-27,23:32,455.26,Others,UPI,Coimbatore,Success
TXN05189,Abinaya,Temple,2026-05-03,23:07,1223.77,Others,Card,Madurai,Success
TXN05190,Ishaan,KFC,2026-08-04,09:22,341.68,Food,UPI,Bengaluru,Success
TXN05191,Rahul,Swiggy,2026-01-31,02:54,359.8,Food,UPI,Chennai,Success
TXN05192,Nivetha,Flipkart,2026-09-19,00:59,2170.4,Shopping,PhonePe,Madurai,Failed
TXN05193,Kavi,DMart,2026-07-12,04:54,4555.86,Shopping,Card,Madurai,Success
TXN05194,Deva,RedBus,2026-01-28,10:56,401.47,Transport,Card,Madurai,Failed
TXN05195,Swetha,HealthPlus,2026-01-09,03:59,1000.89,Health,GPay,Bengaluru,Failed
TXN05196,Vishnu,Amazon Kindle,2026-04-12,11:07,5000.0,Education,Card,Madurai,Success
TXN05197,Rahul,Electricity Board,2026-03-26,17:27,1215.93,Bills,Card,Madurai,Success
TXN05198,Kavi,Local Pharmacy,2026-08-09,22:31,765.8,Health,Card,Bengaluru,Success
TXN05199,Anu,KFC,2026-09-11,11:37,455.36,Food,UPI,Chennai,Success
TXN05200,Anu,Google Workspace,2026-01-14,11:41,1878.39,Education,UPI,Tenkasi,Success
TXN05201,Keerthi,Amazon Kindle,2026-02-12,15:07,2669.46,Education,Card,Tenkasi,Success
TXN05202,Ishaan,Swiggy,2026-04-25,21:18,740.98,Food,UPI,Coimbatore,Success
TXN05203,Priya,Myntra,2026-07-07,04:53,2757.31,Shopping,PhonePe,Trichy,Pending
TXN05204,Rahul,Swiggy,2026-07-21,22:11,506.43,Food,PhonePe,Salem,Success
TXN05205,Kavi,A2B,2026-06-03,12:46,783.4,Food,PhonePe,Salem,Success
TXN05206,Ishaan,BookMyShow,2026-01-31,06:58,904.8,Entertainment,UPI,Trichy,Success
TXN05207,Swetha,Gift,2026-07-17,21:15,741.26,Others,PhonePe,Tirunelveli,Success
TXN05208,Rahul,Local Store,2026-01-30,06:26,1726.82,Others,PhonePe,Madurai,Success
TXN05209,Anu,Cafe Coffee Day,2026-02-16,05:45,579.49,Food,PhonePe,Trichy,Success
TXN05210,Ishaan,Cafe Coffee Day,2026-03-30,19:53,900.0,Food,UPI,Salem,Success
TXN05211,Swetha,Flipkart,2026-01-12,19:39,5874.63,Shopping,UPI,Chennai,Pending
TXN05212,Kavi,Amazon Kindle,2026-01-20,12:20,1875.01,Education,GPay,Madurai,Failed
TXN05213,Anu,1mg,2026-02-01,00:55,1579.14,Health,UPI,Chennai,Failed
TXN05214,Keerthi,Myntra,2026-03-11,22:22,2800.8,Shopping,UPI,Tirunelveli,Success
TXN05215,Keerthi,Stationery Shop,2026-01-05,02:56,409.1,Others,UPI,Madurai,Success
TXN05216,Keerthi,Reliance Trends,2026-06-04,07:57,1772.07,Shopping,GPay,Coimbatore,Success
TXN05217,Swetha,ACT Fibernet,2026-02-05,06:53,4000.0,Bills,UPI,Coimbatore,Success
TXN05218,Arun,Airtel,2026-04-01,15:45,1172.6,Bills,Card,Tirunelveli,Pending
TXN05219,Meena,Meesho,2026-05-03,09:54,2252.64,Shopping,PhonePe,Chennai,Success
TXN05220,Kavi,Zomato,2026-03-26,21:08,359.88,Food,PhonePe,Tirunelveli,Success
TXN05221,Keerthi,Netflix,2026-02-12,07:38,680.38,Entertainment,PhonePe,Trichy,Failed
TXN05222,Kavi,Swiggy,2026-01-18,05:33,367.89,Food,UPI,Madurai,Failed
TXN05223,Meena,Reliance Trends,2026-09-28,02:23,6000.0,Shopping,GPay,Bengaluru,Failed
TXN05224,Harini,KFC,2026-03-22,06:25,277.25,Food,UPI,Tenkasi,Success
TXN05225,Vishnu,Swiggy,2026-03-20,02:23,146.69,Food,GPay,Coimbatore,Failed
TXN05226,Deva,Cafe Coffee Day,2026-04-16,03:12,467.36,Food,Card,Madurai,Failed
TXN05227,Priya,Dominos,2026-07-24,16:41,558.16,Food,Card,Madurai,Pending
TXN05228,Ishaan,Swiggy,2026-02-13,00:23,670.08,Food,GPay,Bengaluru,Success
TXN05229,Deva,Cafe Coffee Day,2026-02-28,17:16,900.0,Food,GPay,Trichy,Failed
TXN05230,Ishaan,College Fees,2026-05-03,07:01,1761.69,Education,GPay,Madurai,Success
TXN05231,Abinaya,Udemy,2026-05-15,20:13,602.55,Education,PhonePe,Tirunelveli,Success
TXN05232,Harini,A2B,2026-05-12,17:43,297.22,Food,Card,Madurai,Success
TXN05233,Swetha,Local Pharmacy,2026-09-11,15:29,758.77,Health,GPay,Chennai,Pending
TXN05234,Swetha,PharmEasy,2026-08-24,05:11,1970.18,Health,UPI,Trichy,Pending
TXN05235,Kavi,1mg,2026-07-21,00:53,1854.45,Health,PhonePe,Tirunelveli,Success
TXN05236,Sanjay,Zomato,2026-01-29,10:46,572.26,Food,GPay,Coimbatore,Success
TXN05237,Swetha,Cafe Coffee Day,2026-07-14,07:01,462.67,Food,GPay,Chennai,Success
TXN05238,Harini,Swiggy,2026-01-07,11:47,376.95,Food,Card,Chennai,Success
TXN05239,Arun,Hotstar,2026-05-06,04:40,520.08,Entertainment,Card,Madurai,Success
TXN05240,Deva,Zomato,2026-09-10,03:41,502.43,Food,GPay,Trichy,Success
TXN05241,Sanjay,Metro,2026-09-11,02:14,824.01,Transport,GPay,Chennai,Success
TXN05242,Sanjay,Rapido,2026-05-08,06:13,448.93,Transport,Card,Madurai,Success
TXN05243,Ishaan,Zomato,2026-06-22,18:14,287.56,Food,GPay,Madurai,Success
TXN05244,Ishaan,Dominos,2026-03-29,08:18,461.25,Food,PhonePe,Madurai,Failed
TXN05245,Anu,Dominos,2026-09-10,06:21,355.76,Food,GPay,Coimbatore,Failed
TXN05246,Meena,Zomato,2026-03-14,23:24,812.67,Food,UPI,Salem,Failed
TXN05247,Meena,Myntra,2026-06-11,03:50,4997.55,Shopping,UPI,Bengaluru,Success
TXN05248,Arun,Airtel,2026-04-20,10:36,2756.79,Bills,Card,Tirunelveli,Success
TXN05249,Vishnu,Hotstar,2026-09-11,18:31,806.14,Entertainment,PhonePe,Madurai,Success
TXN05250,Keerthi,HealthPlus,2026-07-22,19:12,2165.88,Health,Card,Madurai,Success
TXN05251,Deva,Miscellaneous,2026-01-09,01:06,786.18,Others,PhonePe,Madurai,Failed
TXN05252,Nivetha,A2B,2026-07-06,17:42,749.12,Food,UPI,Madurai,Success
TXN05253,Harini,Myntra,2026-08-09,16:22,5437.48,Shopping,UPI,Chennai,Failed
TXN05254,Ishaan,Cafe Coffee Day,2026-02-15,04:26,437.83,Food,PhonePe,Madurai,Success
TXN05255,Harini,Swiggy,2026-06-26,05:45,383.59,Food,Card,Madurai,Success
TXN05256,Rahul,RedBus,2026-05-14,12:13,697.79,Transport,GPay,Coimbatore,Success
TXN05257,Ishaan,RedBus,2026-05-18,08:38,342.46,Transport,GPay,Madurai,Success
TXN05258,Anu,Jio,2026-06-09,07:18,2559.74,Bills,GPay,Chennai,Pending
TXN05259,Harini,Metro,2026-07-15,04:02,593.43,Transport,GPay,Salem,Success
TXN05260,Ishaan,Swiggy,2026-07-12,02:35,747.04,Food,GPay,Chennai,Success
TXN05261,Meena,Swiggy,2026-01-12,11:21,472.47,Food,Card,Tenkasi,Pending
TXN05262,Anu,A2B,2026-06-29,08:48,433.5,Food,UPI,Trichy,Success
TXN05263,Nivetha,Ola,2026-09-17,08:43,257.13,Transport,PhonePe,Chennai,Success
TXN05264,Rahul,Zomato,2026-04-12,09:54,665.0,Food,UPI,Madurai,Success
TXN05265,Sanjay,Amazon Kindle,2026-07-01,23:01,3171.6,Education,UPI,Trichy,Success
TXN05266,Swetha,TNSTC,2026-01-04,02:56,561.2,Transport,GPay,Chennai,Success
TXN05267,Arun,Netflix,2026-09-12,05:06,745.67,Entertainment,PhonePe,Bengaluru,Success
TXN05268,Meena,Udemy,2026-03-06,23:34,2298.48,Education,Card,Chennai,Success
TXN05269,Sanjay,Amazon,2026-04-17,13:19,2872.72,Shopping,Card,Salem,Pending
TXN05270,Deva,Water Board,2026-06-16,23:10,3122.66,Bills,GPay,Coimbatore,Failed
TXN05271,Rahul,Metro,2026-01-16,20:38,930.47,Transport,PhonePe,Madurai,Success
TXN05272,Kavi,Water Board,2026-02-28,02:22,1727.44,Bills,UPI,Chennai,Success
TXN05273,Harini,Zomato,2026-05-04,09:23,327.75,Food,UPI,Tirunelveli,Success
TXN05274,Sanjay,Water Board,2026-08-31,15:49,2304.37,Bills,UPI,Madurai,Success
TXN05275,Abinaya,Swiggy,2026-06-19,22:33,430.17,Food,PhonePe,Trichy,Success
TXN05276,Anu,Reliance Trends,2026-04-03,20:16,2100.94,Shopping,GPay,Salem,Success
TXN05277,Ishaan,ACT Fibernet,2026-06-18,10:01,2014.74,Bills,Card,Madurai,Success
TXN05278,Vishnu,Zomato,2026-07-01,14:51,592.13,Food,Card,Madurai,Pending
TXN05279,Rahul,Udemy,2026-02-27,14:09,1027.06,Education,GPay,Chennai,Success
TXN05280,Keerthi,Metro,2026-08-17,06:59,1200.0,Transport,GPay,Bengaluru,Pending
TXN05281,Ishaan,Myntra,2026-06-13,19:58,5939.99,Shopping,UPI,Chennai,Pending
TXN05282,Deva,Flipkart,2026-04-19,18:48,2034.08,Shopping,GPay,Chennai,Success
TXN05283,Vishnu,Airtel,2026-09-21,20:41,874.79,Bills,UPI,Madurai,Pending
TXN05284,Nivetha,Electricity Board,2026-02-16,15:11,2395.65,Bills,GPay,Madurai,Success
TXN05285,Rahul,Amazon,2026-05-26,21:43,4097.98,Shopping,GPay,Coimbatore,Success
TXN05286,Anu,Metro,2026-05-03,01:23,311.05,Transport,GPay,Chennai,Pending
TXN05287,Vishnu,ACT Fibernet,2026-05-25,03:04,4000.0,Bills,UPI,Bengaluru,Failed
TXN05288,Keerthi,Cafe Coffee Day,2026-05-06,10:41,386.68,Food,PhonePe,Salem,Pending
TXN05289,Anu,Metro,2026-04-20,16:29,467.5,Transport,PhonePe,Tirunelveli,Pending
TXN05290,Sanjay,Ola,2026-07-03,13:50,404.24,Transport,Card,Coimbatore,Pending
TXN05291,Rahul,Steam,2026-04-17,01:38,1244.52,Entertainment,GPay,Coimbatore,Pending
TXN05292,Harini,Flipkart,2026-08-22,16:07,4850.43,Shopping,Card,Salem,Success
TXN05293,Vishnu,Jio,2026-02-03,17:54,1179.72,Bills,PhonePe,Madurai,Pending
TXN05294,Abinaya,Meesho,2026-01-02,16:38,2797.81,Shopping,UPI,Tenkasi,Success
TXN05295,Arun,Miscellaneous,2026-02-08,10:15,1241.83,Others,Card,Madurai,Success
TXN05296,Ishaan,BookMyShow,2026-09-16,08:13,1500.0,Entertainment,GPay,Madurai,Success
TXN05297,Swetha,Apollo Pharmacy,2026-03-30,10:18,558.44,Health,UPI,Coimbatore,Success
TXN05298,Deva,Temple,2026-04-05,08:13,659.53,Others,UPI,Bengaluru,Pending
TXN05299,Nivetha,Electricity Board,2026-09-11,15:38,1660.95,Bills,UPI,Tenkasi,Failed
TXN05300,Abinaya,Uber,2026-03-17,11:37,207.31,Transport,GPay,Chennai,Pending
TXN05301,Priya,Zomato,2026-02-14,22:10,443.45,Food,GPay,Chennai,Success
TXN05302,Vishnu,Water Board,2026-07-27,16:29,2740.54,Bills,PhonePe,Madurai,Success
TXN05303,Arun,KFC,2026-07-27,14:03,373.51,Food,Card,Madurai,Pending
TXN05304,Priya,Coursera,2026-04-15,18:44,2635.19,Education,UPI,Coimbatore,Pending
TXN05305,Vishnu,Flipkart,2026-02-02,13:59,2316.95,Shopping,UPI,Coimbatore,Success
TXN05306,Harini,A2B,2026-01-01,00:28,508.79,Food,PhonePe,Trichy,Success
TXN05307,Sanjay,Zomato,2026-01-11,15:15,758.05,Food,Card,Bengaluru,Success
TXN05308,Swetha,Amazon,2026-09-20,14:13,1393.1,Shopping,GPay,Madurai,Failed
TXN05309,Nivetha,DMart,2026-01-19,17:01,1199.6,Shopping,PhonePe,Tirunelveli,Success
TXN05310,Abinaya,Cafe Coffee Day,2026-09-16,09:15,576.51,Food,PhonePe,Coimbatore,Success
TXN05311,Priya,KFC,2026-06-05,18:27,569.93,Food,Card,Tenkasi,Success
TXN05312,Vishnu,Dominos,2026-07-29,11:51,837.53,Food,PhonePe,Chennai,Failed
TXN05313,Vishnu,Swiggy,2026-05-18,11:36,576.76,Food,UPI,Chennai,Pending
TXN05314,Anu,BookMyShow,2026-07-22,12:18,1095.06,Entertainment,Card,Chennai,Success
TXN05315,Ishaan,Metro,2026-02-22,15:14,431.73,Transport,PhonePe,Madurai,Failed
TXN05316,Ishaan,Water Board,2026-01-21,06:36,3527.3,Bills,UPI,Coimbatore,Success
TXN05317,Anu,Amazon Kindle,2026-04-06,14:55,1827.0,Education,PhonePe,Tirunelveli,Success
TXN05318,Harini,Zomato,2026-04-21,04:16,182.11,Food,PhonePe,Tenkasi,Success
TXN05319,Harini,Cafe Coffee Day,2026-03-29,12:40,277.5,Food,UPI,Tenkasi,Success
TXN05320,Deva,Electricity Board,2026-05-13,01:20,3437.79,Bills,GPay,Madurai,Success
TXN05321,Harini,Miscellaneous,2026-09-21,11:42,986.64,Others,GPay,Madurai,Success
TXN05322,Sanjay,Udemy,2026-09-03,12:33,1650.14,Education,Card,Madurai,Success
TXN05323,Priya,Coursera,2026-01-13,02:06,1736.48,Education,PhonePe,Chennai,Success
TXN05324,Swetha,Metro,2026-07-28,20:29,1200.0,Transport,PhonePe,Chennai,Success
TXN05325,Deva,Flipkart,2026-04-22,08:48,2779.51,Shopping,Card,Madurai,Success
TXN05326,Priya,Stationery Shop,2026-07-24,05:26,1221.7,Others,UPI,Coimbatore,Pending
TXN05327,Deva,Hotstar,2026-04-01,06:21,1500.0,Entertainment,PhonePe,Chennai,Success
TXN05328,Swetha,A2B,2026-04-30,07:49,313.93,Food,GPay,Coimbatore,Success
TXN05329,Rahul,Cafe Coffee Day,2026-06-09,04:51,900.0,Food,GPay,Tirunelveli,Success
TXN05330,Deva,DMart,2026-08-17,00:22,2083.39,Shopping,GPay,Madurai,Success
TXN05331,Deva,A2B,2026-03-05,21:34,556.83,Food,PhonePe,Madurai,Pending
TXN05332,Meena,Miscellaneous,2026-05-24,12:31,1829.33,Others,PhonePe,Salem,Failed
TXN05333,Sanjay,BookMyShow,2026-07-04,22:02,754.52,Entertainment,GPay,Tirunelveli,Success
TXN05334,Keerthi,BookMyShow,2026-08-26,07:28,390.18,Entertainment,GPay,Coimbatore,Success
TXN05335,Kavi,Dominos,2026-02-28,16:17,368.2,Food,UPI,Coimbatore,Pending
TXN05336,Arun,Meesho,2026-07-17,10:05,1300.64,Shopping,GPay,Tenkasi,Pending
TXN05337,Vishnu,A2B,2026-03-15,03:16,785.05,Food,UPI,Trichy,Success
TXN05338,Rahul,A2B,2026-03-22,14:51,900.0,Food,PhonePe,Tenkasi,Success
TXN05339,Abinaya,A2B,2026-08-19,06:45,424.8,Food,PhonePe,Chennai,Pending
TXN05340,Arun,Cafe Coffee Day,2026-04-15,08:58,316.86,Food,UPI,Chennai,Failed
TXN05341,Priya,Metro,2026-01-20,07:32,948.5,Transport,PhonePe,Coimbatore,Pending
TXN05342,Rahul,KFC,2026-09-23,07:25,900.0,Food,Card,Tenkasi,Pending
TXN05343,Deva,Metro,2026-05-02,05:37,1069.76,Transport,UPI,Madurai,Success
TXN05344,Arun,Coursera,2026-07-05,02:45,3067.24,Education,Card,Coimbatore,Success
TXN05345,Sanjay,DMart,2026-01-06,13:31,1450.25,Shopping,PhonePe,Trichy,Success
TXN05346,Harini,Electricity Board,2026-01-19,13:45,963.71,Bills,Card,Salem,Pending
TXN05347,Rahul,Cafe Coffee Day,2026-08-02,16:04,430.0,Food,UPI,Madurai,Success
TXN05348,Vishnu,Amazon,2026-03-14,19:05,3184.12,Shopping,Card,Madurai,Success
TXN05349,Anu,Reliance Trends,2026-01-01,07:53,2592.63,Shopping,GPay,Trichy,Pending
TXN05350,Anu,HealthPlus,2026-07-15,05:45,1137.56,Health,PhonePe,Madurai,Success
TXN05351,Kavi,Flipkart,2026-08-15,10:04,2063.33,Shopping,Card,Chennai,Success
TXN05352,Arun,Spotify,2026-05-12,20:59,737.41,Entertainment,Card,Tenkasi,Success
TXN05353,Keerthi,YouTube Premium,2026-06-28,10:56,901.16,Entertainment,GPay,Coimbatore,Success
TXN05354,Ishaan,Metro,2026-07-08,06:46,1200.0,Transport,Card,Chennai,Pending
TXN05355,Rahul,Amazon,2026-01-17,01:49,1212.55,Shopping,Card,Madurai,Success
TXN05356,Nivetha,Ola,2026-03-16,15:57,952.67,Transport,GPay,Salem,Pending
TXN05357,Harini,Udemy,2026-03-27,11:58,1953.54,Education,PhonePe,Tenkasi,Pending
TXN05358,Harini,Steam,2026-04-06,05:48,509.19,Entertainment,Card,Tenkasi,Success
TXN05359,Deva,Metro,2026-04-20,20:25,498.65,Transport,Card,Madurai,Success
TXN05360,Harini,Coursera,2026-03-05,01:08,3039.95,Education,GPay,Tenkasi,Success
TXN05361,Abinaya,KFC,2026-01-12,15:05,172.18,Food,Card,Chennai,Success
TXN05362,Vishnu,Zomato,2026-06-05,15:16,815.65,Food,Card,Trichy,Success
TXN05363,Keerthi,Reliance Trends,2026-08-29,17:32,3545.82,Shopping,PhonePe,Coimbatore,Pending
TXN05364,Arun,Local Store,2026-09-05,14:42,1017.65,Others,UPI,Chennai,Success
TXN05365,Swetha,Netflix,2026-04-12,16:55,624.16,Entertainment,GPay,Tirunelveli,Failed
TXN05366,Keerthi,Netflix,2026-02-25,00:29,161.96,Entertainment,UPI,Chennai,Pending
TXN05367,Anu,A2B,2026-05-20,14:17,347.59,Food,PhonePe,Trichy,Pending
TXN05368,Arun,Dominos,2026-04-20,23:30,416.05,Food,UPI,Tirunelveli,Success
TXN05369,Meena,Zomato,2026-06-16,04:27,900.0,Food,GPay,Chennai,Pending
TXN05370,Arun,Reliance Trends,2026-08-12,11:46,2946.67,Shopping,UPI,Madurai,Success
TXN05371,Meena,Uber,2026-08-19,15:06,649.56,Transport,UPI,Madurai,Pending
TXN05372,Arun,Swiggy,2026-05-21,08:22,298.51,Food,PhonePe,Coimbatore,Success
TXN05373,Anu,Myntra,2026-06-13,21:07,2850.65,Shopping,Card,Madurai,Failed
TXN05374,Meena,Stationery Shop,2026-06-15,01:58,451.27,Others,PhonePe,Madurai,Pending
TXN05375,Deva,Udemy,2026-07-21,20:45,2188.51,Education,Card,Madurai,Success
TXN05376,Priya,Miscellaneous,2026-04-29,12:13,1498.34,Others,PhonePe,Madurai,Success
TXN05377,Meena,A2B,2026-02-27,06:22,430.01,Food,UPI,Chennai,Success
TXN05378,Sanjay,Gift,2026-09-16,15:25,899.3,Others,GPay,Chennai,Success
TXN05379,Abinaya,Netflix,2026-06-19,10:35,1170.93,Entertainment,GPay,Coimbatore,Success
TXN05380,Arun,Meesho,2026-06-03,20:03,4518.61,Shopping,Card,Madurai,Success
TXN05381,Deva,Coursera,2026-05-22,15:41,1032.98,Education,UPI,Chennai,Success
TXN05382,Nivetha,Meesho,2026-02-11,14:32,4929.2,Shopping,GPay,Salem,Pending
TXN05383,Priya,Amazon,2026-05-02,19:36,6000.0,Shopping,UPI,Madurai,Success
TXN05384,Harini,Cafe Coffee Day,2026-07-29,17:09,358.91,Food,UPI,Trichy,Failed
TXN05385,Sanjay,Coursera,2026-06-04,04:11,2059.08,Education,GPay,Coimbatore,Success
TXN05386,Meena,Rapido,2026-07-10,04:28,577.79,Transport,PhonePe,Tenkasi,Success
TXN05387,Harini,Reliance Trends,2026-02-21,07:37,1771.64,Shopping,Card,Trichy,Success
TXN05388,Anu,RedBus,2026-03-27,20:00,1200.0,Transport,GPay,Chennai,Success
TXN05389,Swetha,Amazon Kindle,2026-01-06,03:36,5000.0,Education,PhonePe,Salem,Failed
TXN05390,Kavi,Uber,2026-08-27,03:13,1051.9,Transport,UPI,Madurai,Success
TXN05391,Kavi,Reliance Trends,2026-02-16,20:24,1228.63,Shopping,GPay,Salem,Success
TXN05392,Arun,Amazon Kindle,2026-07-25,21:20,1792.93,Education,GPay,Coimbatore,Success
TXN05393,Abinaya,Amazon Kindle,2026-02-18,22:55,1992.33,Education,UPI,Salem,Success
TXN05394,Swetha,Cafe Coffee Day,2026-08-13,02:46,413.86,Food,Card,Coimbatore,Failed
TXN05395,Harini,RedBus,2026-09-05,00:15,672.92,Transport,Card,Tirunelveli,Success
TXN05396,Abinaya,RedBus,2026-04-15,05:33,604.92,Transport,PhonePe,Tenkasi,Failed
TXN05397,Keerthi,KFC,2026-09-09,23:57,464.19,Food,UPI,Trichy,Success
TXN05398,Arun,Amazon,2026-04-23,07:05,5299.93,Shopping,PhonePe,Chennai,Failed
TXN05399,Kavi,Zomato,2026-06-30,05:34,640.53,Food,UPI,Tirunelveli,Failed
TXN05400,Abinaya,Flipkart,2026-01-27,07:16,2834.07,Shopping,UPI,Coimbatore,Success
TXN05401,Vishnu,TNSTC,2026-07-05,17:49,927.55,Transport,Card,Tenkasi,Success
TXN05402,Anu,KFC,2026-01-04,13:15,533.02,Food,Card,Chennai,Success
TXN05403,Kavi,Meesho,2026-03-09,01:07,4708.48,Shopping,PhonePe,Madurai,Success
TXN05404,Deva,Steam,2026-07-09,02:30,1500.0,Entertainment,Card,Salem,Failed
TXN05405,Anu,TNSTC,2026-02-26,04:01,1145.88,Transport,GPay,Coimbatore,Success
TXN05406,Harini,KFC,2026-02-11,04:08,250.63,Food,GPay,Madurai,Failed
TXN05407,Nivetha,Metro,2026-04-24,06:40,593.36,Transport,PhonePe,Madurai,Pending
TXN05408,Priya,Gift,2026-03-11,02:01,1298.83,Others,Card,Chennai,Failed
TXN05409,Swetha,Dominos,2026-06-24,20:28,227.35,Food,GPay,Madurai,Success
TXN05410,Meena,College Fees,2026-07-18,21:36,3183.69,Education,GPay,Tenkasi,Success
TXN05411,Arun,Coursera,2026-07-03,01:03,3306.29,Education,GPay,Tirunelveli,Success
TXN05412,Priya,Local Store,2026-04-22,14:24,516.45,Others,PhonePe,Madurai,Success
TXN05413,Meena,Jio,2026-01-07,08:38,1940.9,Bills,UPI,Madurai,Success
TXN05414,Nivetha,A2B,2026-02-08,23:36,570.51,Food,Card,Tirunelveli,Success
TXN05415,Rahul,KFC,2026-05-01,09:19,900.0,Food,UPI,Salem,Success
TXN05416,Arun,Dominos,2026-06-30,01:01,470.64,Food,UPI,Chennai,Failed
TXN05417,Abinaya,BookMyShow,2026-01-18,14:07,423.6,Entertainment,UPI,Coimbatore,Failed
TXN05418,Nivetha,Spotify,2026-07-23,14:45,394.77,Entertainment,UPI,Bengaluru,Success
TXN05419,Meena,RedBus,2026-01-21,16:37,492.99,Transport,UPI,Madurai,Failed
TXN05420,Priya,Amazon Kindle,2026-06-06,04:53,3146.83,Education,UPI,Tenkasi,Success
TXN05421,Arun,Cafe Coffee Day,2026-07-03,15:30,638.51,Food,UPI,Tenkasi,Failed
TXN05422,Keerthi,Electricity Board,2026-05-28,15:30,1138.4,Bills,UPI,Chennai,Success
TXN05423,Swetha,Dominos,2026-06-26,06:39,594.85,Food,GPay,Chennai,Failed
TXN05424,Kavi,Swiggy,2026-03-13,17:54,156.97,Food,UPI,Chennai,Success
TXN05425,Kavi,Electricity Board,2026-07-12,17:42,1554.75,Bills,UPI,Chennai,Pending
TXN05426,Arun,Rapido,2026-07-18,04:25,768.39,Transport,PhonePe,Salem,Pending
TXN05427,Swetha,Google Workspace,2026-03-03,13:19,4925.01,Education,Card,Chennai,Success
TXN05428,Priya,Dominos,2026-01-05,06:28,212.77,Food,Card,Tirunelveli,Success
TXN05429,Arun,Myntra,2026-07-31,16:29,3590.92,Shopping,UPI,Coimbatore,Success
TXN05430,Abinaya,Metro,2026-03-22,16:59,522.51,Transport,UPI,Madurai,Success
TXN05431,Rahul,Cafe Coffee Day,2026-03-22,02:08,190.37,Food,UPI,Tirunelveli,Success
TXN05432,Vishnu,A2B,2026-02-14,05:02,229.05,Food,PhonePe,Bengaluru,Success
TXN05433,Priya,PharmEasy,2026-03-19,11:39,1748.5,Health,PhonePe,Madurai,Success
TXN05434,Vishnu,Local Pharmacy,2026-09-25,21:08,3000.0,Health,UPI,Madurai,Pending
TXN05435,Arun,Rapido,2026-04-03,03:41,624.59,Transport,GPay,Chennai,Success
TXN05436,Vishnu,Myntra,2026-07-04,07:46,6000.0,Shopping,PhonePe,Madurai,Success
TXN05437,Deva,Rapido,2026-03-02,17:34,881.24,Transport,PhonePe,Tirunelveli,Pending
TXN05438,Anu,Rapido,2026-04-28,09:50,406.48,Transport,GPay,Salem,Success
TXN05439,Priya,Miscellaneous,2026-03-05,00:13,1633.31,Others,PhonePe,Madurai,Pending
TXN05440,Kavi,Salon,2026-04-26,03:43,544.56,Others,UPI,Salem,Success
TXN05441,Keerthi,YouTube Premium,2026-01-16,18:22,859.6,Entertainment,GPay,Trichy,Success
TXN05442,Meena,TNSTC,2026-08-27,16:26,667.67,Transport,PhonePe,Madurai,Pending
TXN05443,Swetha,Reliance Trends,2026-03-18,03:17,3293.78,Shopping,UPI,Coimbatore,Success
TXN05444,Harini,Swiggy,2026-02-17,07:24,241.7,Food,PhonePe,Bengaluru,Success
TXN05445,Arun,College Fees,2026-02-25,22:17,661.0,Education,GPay,Bengaluru,Failed
TXN05446,Abinaya,Swiggy,2026-06-09,05:33,722.37,Food,Card,Tirunelveli,Success
TXN05447,Anu,Temple,2026-06-20,12:20,875.71,Others,Card,Bengaluru,Success
TXN05448,Rahul,Salon,2026-03-07,14:14,1234.96,Others,UPI,Chennai,Success
TXN05449,Swetha,Zomato,2026-09-10,21:23,900.0,Food,PhonePe,Trichy,Success
TXN05450,Anu,Ola,2026-06-14,06:54,754.38,Transport,PhonePe,Chennai,Success
TXN05451,Kavi,Local Store,2026-04-06,18:53,540.03,Others,Card,Madurai,Failed
TXN05452,Anu,Uber,2026-06-22,12:28,546.34,Transport,PhonePe,Madurai,Success
TXN05453,Meena,Spotify,2026-08-30,05:25,733.76,Entertainment,PhonePe,Trichy,Failed
TXN05454,Ishaan,Amazon,2026-07-14,12:55,6000.0,Shopping,Card,Chennai,Success
TXN05455,Abinaya,Cafe Coffee Day,2026-06-14,23:46,196.14,Food,Card,Coimbatore,Success
TXN05456,Rahul,Salon,2026-08-30,10:41,1264.2,Others,PhonePe,Madurai,Success
TXN05457,Kavi,Flipkart,2026-07-19,18:57,1761.99,Shopping,PhonePe,Trichy,Pending
TXN05458,Arun,A2B,2026-03-11,13:31,350.19,Food,UPI,Madurai,Pending
TXN05459,Kavi,Airtel,2026-06-01,02:48,3144.0,Bills,GPay,Tenkasi,Success
TXN05460,Swetha,A2B,2026-03-04,00:31,527.3,Food,PhonePe,Bengaluru,Success
TXN05461,Kavi,Dominos,2026-03-14,20:10,470.91,Food,UPI,Madurai,Success
TXN05462,Harini,Salon,2026-08-25,10:38,899.23,Others,UPI,Bengaluru,Pending
TXN05463,Keerthi,YouTube Premium,2026-09-03,03:18,1194.67,Entertainment,GPay,Madurai,Failed
TXN05464,Sanjay,Coursera,2026-05-05,09:26,2099.39,Education,PhonePe,Salem,Success
TXN05465,Keerthi,KFC,2026-08-28,00:58,342.94,Food,Card,Chennai,Failed
TXN05466,Abinaya,Swiggy,2026-06-04,07:43,775.39,Food,PhonePe,Trichy,Pending
TXN05467,Ishaan,A2B,2026-07-02,18:49,119.78,Food,Card,Coimbatore,Success
TXN05468,Harini,Cafe Coffee Day,2026-09-20,13:46,265.34,Food,GPay,Tenkasi,Success
TXN05469,Nivetha,Swiggy,2026-07-07,19:32,315.94,Food,PhonePe,Bengaluru,Success
TXN05470,Priya,KFC,2026-08-22,14:55,807.07,Food,UPI,Coimbatore,Success
TXN05471,Meena,Zomato,2026-01-24,07:11,512.01,Food,UPI,Madurai,Failed
TXN05472,Kavi,Flipkart,2026-06-14,09:00,1677.63,Shopping,PhonePe,Madurai,Success
TXN05473,Abinaya,Hotstar,2026-05-29,15:22,420.54,Entertainment,Card,Bengaluru,Success
TXN05474,Sanjay,Ola,2026-09-26,07:27,1073.99,Transport,UPI,Madurai,Pending
TXN05475,Meena,BookMyShow,2026-09-12,08:43,421.22,Entertainment,Card,Chennai,Success
TXN05476,Rahul,Uber,2026-07-30,12:03,439.61,Transport,Card,Madurai,Success
TXN05477,Abinaya,Dominos,2026-03-13,05:31,377.16,Food,Card,Madurai,Success
TXN05478,Vishnu,KFC,2026-03-07,04:07,620.18,Food,PhonePe,Madurai,Pending
TXN05479,Vishnu,Google Workspace,2026-03-26,16:24,1974.08,Education,Card,Bengaluru,Failed
TXN05480,Swetha,KFC,2026-08-07,08:55,228.92,Food,Card,Madurai,Success
TXN05481,Swetha,Cafe Coffee Day,2026-01-06,10:13,650.78,Food,PhonePe,Madurai,Success
TXN05482,Swetha,Cafe Coffee Day,2026-03-27,22:36,642.84,Food,Card,Chennai,Failed
TXN05483,Keerthi,Uber,2026-05-20,18:32,1200.0,Transport,Card,Chennai,Success
TXN05484,Deva,ACT Fibernet,2026-05-16,07:01,2376.58,Bills,PhonePe,Madurai,Success
TXN05485,Meena,Amazon Kindle,2026-02-16,03:50,1329.08,Education,UPI,Tirunelveli,Failed
TXN05486,Sanjay,Salon,2026-02-20,05:15,2000.0,Others,Card,Chennai,Success
TXN05487,Priya,YouTube Premium,2026-05-01,15:57,640.38,Entertainment,Card,Madurai,Pending
TXN05488,Sanjay,Salon,2026-04-26,12:50,1595.22,Others,GPay,Madurai,Success
TXN05489,Sanjay,A2B,2026-07-30,11:32,900.0,Food,GPay,Bengaluru,Success
TXN05490,Anu,RedBus,2026-05-13,05:41,643.15,Transport,UPI,Bengaluru,Failed
TXN05491,Arun,Uber,2026-04-17,13:59,602.14,Transport,PhonePe,Madurai,Success
TXN05492,Keerthi,Flipkart,2026-09-12,06:03,3528.54,Shopping,UPI,Trichy,Failed
TXN05493,Harini,Dominos,2026-09-07,12:29,595.51,Food,Card,Chennai,Success
TXN05494,Deva,RedBus,2026-04-17,10:32,1062.4,Transport,Card,Chennai,Success
TXN05495,Rahul,Swiggy,2026-06-27,07:30,426.03,Food,GPay,Madurai,Failed
TXN05496,Abinaya,KFC,2026-08-10,16:46,478.76,Food,UPI,Bengaluru,Success
TXN05497,Deva,Flipkart,2026-09-08,13:51,2318.81,Shopping,GPay,Madurai,Pending
TXN05498,Anu,Netflix,2026-02-08,02:47,601.31,Entertainment,GPay,Salem,Success
TXN05499,Arun,Zomato,2026-01-01,10:30,294.92,Food,UPI,Madurai,Failed
TXN05500,Priya,Myntra,2026-09-13,21:06,2399.49,Shopping,Card,Trichy,Success
TXN05501,Swetha,Spotify,2026-01-02,17:54,472.29,Entertainment,GPay,Madurai,Success
TXN05502,Kavi,Dominos,2026-08-24,20:40,756.2,Food,Card,Tirunelveli,Success
TXN05503,Ishaan,Swiggy,2026-09-04,07:39,663.68,Food,GPay,Tirunelveli,Success
TXN05504,Sanjay,KFC,2026-07-15,15:45,443.89,Food,Card,Bengaluru,Success
TXN05505,Deva,Cafe Coffee Day,2026-07-21,04:02,531.58,Food,PhonePe,Chennai,Success
TXN05506,Swetha,Netflix,2026-04-03,14:45,501.98,Entertainment,PhonePe,Madurai,Success
TXN05507,Deva,YouTube Premium,2026-09-18,13:12,780.9,Entertainment,GPay,Tenkasi,Success
TXN05508,Arun,KFC,2026-07-05,21:10,879.24,Food,PhonePe,Chennai,Success
TXN05509,Kavi,Dominos,2026-08-16,21:05,860.82,Food,UPI,Tenkasi,Success
TXN05510,Priya,Flipkart,2026-01-04,04:02,6000.0,Shopping,Card,Tirunelveli,Success
TXN05511,Sanjay,Netflix,2026-09-13,07:01,1284.53,Entertainment,GPay,Chennai,Success
TXN05512,Swetha,DMart,2026-08-06,17:20,3647.87,Shopping,Card,Madurai,Success
TXN05513,Harini,Amazon Kindle,2026-01-18,17:52,4009.42,Education,Card,Coimbatore,Success
TXN05514,Sanjay,PharmEasy,2026-09-14,12:55,824.73,Health,PhonePe,Tenkasi,Success
TXN05515,Vishnu,TNSTC,2026-04-10,14:01,915.81,Transport,UPI,Tirunelveli,Success
TXN05516,Ishaan,A2B,2026-07-15,06:51,770.57,Food,GPay,Salem,Success
TXN05517,Rahul,Flipkart,2026-08-06,11:58,2976.91,Shopping,Card,Chennai,Pending
TXN05518,Harini,KFC,2026-06-21,17:41,482.32,Food,UPI,Tirunelveli,Pending
TXN05519,Sanjay,Meesho,2026-05-13,19:54,2656.68,Shopping,Card,Trichy,Failed
TXN05520,Ishaan,DMart,2026-07-01,21:26,2928.64,Shopping,GPay,Bengaluru,Success
TXN05521,Deva,Metro,2026-06-13,22:06,673.06,Transport,Card,Madurai,Success
TXN05522,Nivetha,Jio,2026-07-06,08:14,2401.0,Bills,UPI,Tenkasi,Success
TXN05523,Rahul,Dominos,2026-05-20,23:11,297.43,Food,GPay,Madurai,Failed
TXN05524,Arun,Google Workspace,2026-05-13,11:21,1776.6,Education,PhonePe,Chennai,Pending
TXN05525,Deva,Gift,2026-01-17,16:27,1434.0,Others,UPI,Chennai,Success
TXN05526,Abinaya,Hotstar,2026-07-10,13:45,973.04,Entertainment,PhonePe,Chennai,Success
TXN05527,Deva,RedBus,2026-07-28,20:30,405.23,Transport,GPay,Madurai,Success
TXN05528,Ishaan,Dominos,2026-05-22,00:59,436.94,Food,GPay,Bengaluru,Pending
TXN05529,Deva,BookMyShow,2026-02-14,12:00,1500.0,Entertainment,GPay,Chennai,Success
TXN05530,Nivetha,Amazon,2026-05-12,01:00,990.47,Shopping,PhonePe,Salem,Success
TXN05531,Kavi,A2B,2026-07-04,17:37,120.25,Food,PhonePe,Madurai,Success
TXN05532,Vishnu,Ola,2026-04-14,09:56,199.88,Transport,Card,Coimbatore,Success
TXN05533,Rahul,Electricity Board,2026-07-21,14:44,4000.0,Bills,Card,Madurai,Success
TXN05534,Deva,Apollo Pharmacy,2026-04-11,19:28,871.67,Health,PhonePe,Madurai,Success
TXN05535,Rahul,Water Board,2026-03-17,01:49,1741.59,Bills,UPI,Madurai,Failed
TXN05536,Swetha,Cafe Coffee Day,2026-02-15,00:43,632.75,Food,GPay,Coimbatore,Success
TXN05537,Sanjay,Zomato,2026-02-26,23:16,609.16,Food,GPay,Coimbatore,Success
TXN05538,Anu,Hotstar,2026-05-15,20:12,694.92,Entertainment,UPI,Madurai,Failed
TXN05539,Rahul,Dominos,2026-09-23,06:42,900.0,Food,Card,Coimbatore,Success
TXN05540,Vishnu,Airtel,2026-05-15,08:35,3156.63,Bills,Card,Tirunelveli,Success
TXN05541,Keerthi,Stationery Shop,2026-08-31,18:01,716.79,Others,UPI,Chennai,Success
TXN05542,Deva,KFC,2026-04-04,13:59,272.4,Food,GPay,Salem,Success
TXN05543,Priya,Uber,2026-07-26,18:01,666.94,Transport,GPay,Tirunelveli,Pending
TXN05544,Anu,College Fees,2026-09-04,02:54,4028.65,Education,Card,Chennai,Success
TXN05545,Vishnu,DMart,2026-04-04,08:09,6000.0,Shopping,GPay,Salem,Success
TXN05546,Harini,Cafe Coffee Day,2026-02-26,04:20,556.68,Food,PhonePe,Bengaluru,Failed
TXN05547,Rahul,Spotify,2026-09-24,10:09,655.59,Entertainment,UPI,Chennai,Failed
TXN05548,Nivetha,Coursera,2026-09-13,14:02,5000.0,Education,PhonePe,Trichy,Success
TXN05549,Rahul,RedBus,2026-02-03,01:31,1134.03,Transport,GPay,Madurai,Success
TXN05550,Swetha,Miscellaneous,2026-01-16,14:35,1534.62,Others,UPI,Trichy,Success
TXN05551,Abinaya,Rapido,2026-04-15,18:21,322.67,Transport,Card,Coimbatore,Failed
TXN05552,Sanjay,Cafe Coffee Day,2026-04-11,00:21,395.89,Food,UPI,Chennai,Failed
TXN05553,Ishaan,Spotify,2026-04-20,14:46,720.14,Entertainment,UPI,Coimbatore,Success
TXN05554,Sanjay,A2B,2026-05-15,21:10,710.81,Food,GPay,Madurai,Success
TXN05555,Rahul,Zomato,2026-01-06,06:27,174.57,Food,GPay,Madurai,Failed
TXN05556,Vishnu,Swiggy,2026-07-19,08:44,379.97,Food,PhonePe,Chennai,Pending
TXN05557,Nivetha,Udemy,2026-09-23,11:06,2600.44,Education,Card,Bengaluru,Success
TXN05558,Meena,Google Workspace,2026-01-22,18:48,2276.26,Education,UPI,Tirunelveli,Success
TXN05559,Sanjay,KFC,2026-04-21,00:49,900.0,Food,UPI,Coimbatore,Pending
TXN05560,Priya,Spotify,2026-07-10,14:52,1389.05,Entertainment,GPay,Bengaluru,Success
TXN05561,Vishnu,Uber,2026-08-05,21:08,1066.77,Transport,UPI,Trichy,Success
TXN05562,Swetha,Google Workspace,2026-04-16,22:09,2002.31,Education,UPI,Madurai,Success
TXN05563,Keerthi,Uber,2026-04-11,07:28,676.68,Transport,Card,Madurai,Success
TXN05564,Arun,Swiggy,2026-07-03,13:38,294.36,Food,PhonePe,Tirunelveli,Success
TXN05565,Ishaan,Rapido,2026-08-14,20:23,390.88,Transport,PhonePe,Bengaluru,Success
TXN05566,Kavi,Google Workspace,2026-04-03,23:18,4499.08,Education,UPI,Tirunelveli,Success
TXN05567,Deva,College Fees,2026-03-16,21:26,4052.84,Education,GPay,Bengaluru,Success
TXN05568,Anu,Google Workspace,2026-01-12,09:58,1555.86,Education,UPI,Madurai,Success
TXN05569,Deva,Ola,2026-01-20,23:38,652.64,Transport,PhonePe,Madurai,Pending
TXN05570,Keerthi,Local Pharmacy,2026-09-28,04:14,685.93,Health,GPay,Coimbatore,Success
TXN05571,Abinaya,Steam,2026-06-02,18:06,1066.58,Entertainment,GPay,Coimbatore,Success
TXN05572,Nivetha,Rapido,2026-09-06,20:28,367.16,Transport,UPI,Chennai,Success
TXN05573,Keerthi,Meesho,2026-06-18,21:46,3268.39,Shopping,PhonePe,Madurai,Success
TXN05574,Deva,ACT Fibernet,2026-02-13,18:17,4000.0,Bills,GPay,Coimbatore,Success
TXN05575,Rahul,Spotify,2026-03-12,14:54,447.98,Entertainment,PhonePe,Madurai,Failed
TXN05576,Vishnu,ACT Fibernet,2026-09-16,11:43,2511.39,Bills,UPI,Madurai,Success
TXN05577,Vishnu,1mg,2026-08-03,18:01,1509.31,Health,Card,Chennai,Pending
TXN05578,Sanjay,KFC,2026-01-22,08:19,252.45,Food,UPI,Trichy,Success
TXN05579,Keerthi,Coursera,2026-06-18,10:21,1751.27,Education,Card,Coimbatore,Pending
TXN05580,Nivetha,ACT Fibernet,2026-06-23,00:30,2632.36,Bills,Card,Coimbatore,Success
TXN05581,Swetha,Cafe Coffee Day,2026-02-28,11:06,420.0,Food,UPI,Madurai,Failed
TXN05582,Abinaya,Metro,2026-05-11,09:50,1200.0,Transport,PhonePe,Coimbatore,Pending
TXN05583,Nivetha,Dominos,2026-01-14,15:08,612.39,Food,PhonePe,Madurai,Success
TXN05584,Arun,Meesho,2026-04-18,12:34,1785.95,Shopping,UPI,Bengaluru,Success
TXN05585,Meena,A2B,2026-03-10,22:39,757.31,Food,GPay,Coimbatore,Failed
TXN05586,Rahul,Zomato,2026-08-17,15:25,813.68,Food,UPI,Chennai,Success
TXN05587,Rahul,DMart,2026-04-03,12:37,3578.41,Shopping,UPI,Bengaluru,Success
TXN05588,Keerthi,PharmEasy,2026-09-21,15:16,2102.57,Health,PhonePe,Trichy,Success
TXN05589,Vishnu,Airtel,2026-08-29,21:00,2396.44,Bills,PhonePe,Madurai,Success
TXN05590,Abinaya,Uber,2026-07-06,20:28,1200.0,Transport,UPI,Coimbatore,Success
TXN05591,Meena,A2B,2026-05-16,03:36,858.49,Food,Card,Tirunelveli,Success
TXN05592,Harini,Dominos,2026-09-08,04:00,209.05,Food,UPI,Madurai,Success
TXN05593,Anu,Zomato,2026-01-16,05:45,198.82,Food,PhonePe,Chennai,Success
TXN05594,Harini,Meesho,2026-06-04,04:13,2774.23,Shopping,GPay,Chennai,Success
TXN05595,Keerthi,1mg,2026-03-17,23:11,2390.65,Health,PhonePe,Tirunelveli,Success
TXN05596,Harini,Meesho,2026-07-08,03:51,5923.22,Shopping,GPay,Chennai,Success
TXN05597,Sanjay,DMart,2026-01-26,01:54,2542.95,Shopping,GPay,Madurai,Success
TXN05598,Ishaan,Amazon Kindle,2026-05-04,09:53,2290.93,Education,UPI,Bengaluru,Failed
TXN05599,Anu,A2B,2026-08-11,06:23,400.6,Food,UPI,Tenkasi,Success
TXN05600,Harini,Swiggy,2026-07-10,22:27,450.04,Food,PhonePe,Bengaluru,Success
TXN05601,Nivetha,Dominos,2026-09-18,01:50,512.75,Food,Card,Bengaluru,Success
TXN05602,Vishnu,Water Board,2026-06-04,19:48,1619.86,Bills,UPI,Tirunelveli,Success
TXN05603,Abinaya,Uber,2026-04-13,02:42,523.32,Transport,GPay,Coimbatore,Success
TXN05604,Kavi,TNSTC,2026-08-30,19:05,759.44,Transport,UPI,Chennai,Pending
TXN05605,Swetha,A2B,2026-04-29,07:36,238.61,Food,Card,Madurai,Failed
TXN05606,Meena,Meesho,2026-05-05,02:20,6000.0,Shopping,GPay,Chennai,Failed
TXN05607,Abinaya,College Fees,2026-01-13,03:00,5000.0,Education,UPI,Coimbatore,Pending
TXN05608,Anu,Apollo Pharmacy,2026-02-10,03:10,2352.41,Health,PhonePe,Chennai,Failed
TXN05609,Anu,Swiggy,2026-03-24,13:51,900.0,Food,PhonePe,Salem,Success
TXN05610,Abinaya,Myntra,2026-05-02,07:24,1894.83,Shopping,PhonePe,Madurai,Pending
TXN05611,Harini,KFC,2026-01-02,22:43,340.35,Food,GPay,Madurai,Success
TXN05612,Keerthi,Metro,2026-03-28,22:21,177.45,Transport,Card,Madurai,Failed
TXN05613,Meena,Swiggy,2026-06-02,09:40,482.62,Food,PhonePe,Coimbatore,Failed
TXN05614,Meena,Meesho,2026-08-10,13:47,3209.73,Shopping,Card,Madurai,Success
TXN05615,Nivetha,Spotify,2026-01-05,18:33,931.65,Entertainment,PhonePe,Salem,Pending
TXN05616,Ishaan,Udemy,2026-05-31,06:21,1052.96,Education,GPay,Coimbatore,Success
TXN05617,Swetha,Cafe Coffee Day,2026-05-23,05:04,462.02,Food,UPI,Chennai,Success
TXN05618,Vishnu,Metro,2026-05-12,15:48,739.1,Transport,UPI,Chennai,Success
TXN05619,Meena,Cafe Coffee Day,2026-08-11,13:52,615.09,Food,PhonePe,Madurai,Success
TXN05620,Rahul,Stationery Shop,2026-02-17,23:18,751.57,Others,UPI,Coimbatore,Failed
TXN05621,Meena,Metro,2026-03-28,10:37,1200.0,Transport,UPI,Chennai,Success
TXN05622,Meena,TNSTC,2026-05-12,13:06,544.38,Transport,GPay,Chennai,Success
TXN05623,Deva,Reliance Trends,2026-02-17,11:09,3336.44,Shopping,UPI,Bengaluru,Success
TXN05624,Swetha,A2B,2026-03-15,06:41,391.11,Food,UPI,Chennai,Pending
TXN05625,Ishaan,Water Board,2026-07-13,19:54,1548.22,Bills,PhonePe,Madurai,Pending
TXN05626,Vishnu,Uber,2026-07-18,13:19,883.21,Transport,Card,Coimbatore,Success
TXN05627,Sanjay,Meesho,2026-04-04,04:44,1283.64,Shopping,GPay,Bengaluru,Success
TXN05628,Swetha,Reliance Trends,2026-03-11,09:05,4574.14,Shopping,PhonePe,Tirunelveli,Pending
TXN05629,Meena,Dominos,2026-04-26,15:57,503.39,Food,PhonePe,Coimbatore,Success
TXN05630,Deva,Stationery Shop,2026-07-18,23:03,924.25,Others,UPI,Coimbatore,Success
TXN05631,Kavi,Metro,2026-06-04,17:46,321.82,Transport,Card,Madurai,Success
TXN05632,Rahul,Myntra,2026-06-18,11:11,3147.36,Shopping,GPay,Coimbatore,Success
TXN05633,Harini,KFC,2026-08-19,22:36,670.68,Food,UPI,Trichy,Pending
TXN05634,Sanjay,Dominos,2026-09-15,13:09,514.92,Food,UPI,Tirunelveli,Success
TXN05635,Sanjay,Google Workspace,2026-02-04,04:29,2488.43,Education,UPI,Madurai,Success
TXN05636,Sanjay,Dominos,2026-05-11,20:32,412.34,Food,Card,Trichy,Success
TXN05637,Deva,Rapido,2026-08-28,01:14,484.99,Transport,PhonePe,Bengaluru,Success
TXN05638,Harini,Rapido,2026-04-09,08:34,333.5,Transport,Card,Madurai,Success
TXN05639,Priya,Rapido,2026-02-14,23:22,867.75,Transport,UPI,Madurai,Success
TXN05640,Harini,RedBus,2026-02-21,12:35,699.49,Transport,Card,Chennai,Pending
TXN05641,Abinaya,Zomato,2026-02-17,19:30,687.86,Food,GPay,Madurai,Pending
TXN05642,Anu,Reliance Trends,2026-07-29,12:46,2402.8,Shopping,GPay,Tenkasi,Success
TXN05643,Kavi,Metro,2026-06-13,01:41,561.04,Transport,UPI,Madurai,Failed
TXN05644,Kavi,KFC,2026-04-06,19:12,247.84,Food,PhonePe,Tenkasi,Success
TXN05645,Vishnu,Salon,2026-04-15,06:21,434.78,Others,Card,Bengaluru,Success
TXN05646,Sanjay,TNSTC,2026-03-07,07:04,647.41,Transport,GPay,Coimbatore,Success
TXN05647,Meena,Airtel,2026-09-16,21:00,668.21,Bills,Card,Madurai,Success
TXN05648,Nivetha,Swiggy,2026-07-06,05:09,567.24,Food,GPay,Tirunelveli,Success
TXN05649,Arun,Udemy,2026-08-24,22:20,1872.67,Education,UPI,Madurai,Success
TXN05650,Arun,A2B,2026-01-11,11:23,900.0,Food,Card,Tirunelveli,Success
TXN05651,Rahul,Ola,2026-08-08,03:15,623.55,Transport,PhonePe,Madurai,Success
TXN05652,Swetha,Uber,2026-04-10,01:31,843.69,Transport,UPI,Madurai,Failed
TXN05653,Vishnu,Myntra,2026-07-07,04:12,2138.07,Shopping,Card,Madurai,Success
TXN05654,Abinaya,Zomato,2026-03-20,04:46,886.09,Food,GPay,Chennai,Failed
TXN05655,Harini,Amazon,2026-06-23,06:51,6000.0,Shopping,Card,Coimbatore,Success
TXN05656,Kavi,Electricity Board,2026-03-21,01:29,3527.73,Bills,Card,Madurai,Success
TXN05657,Deva,Rapido,2026-05-25,08:29,1200.0,Transport,PhonePe,Madurai,Success
TXN05658,Priya,Netflix,2026-07-23,01:28,447.68,Entertainment,Card,Chennai,Success
TXN05659,Deva,Flipkart,2026-07-02,11:35,4403.81,Shopping,GPay,Madurai,Success
TXN05660,Abinaya,Google Workspace,2026-08-21,11:07,1700.53,Education,PhonePe,Chennai,Success
TXN05661,Anu,Myntra,2026-01-28,23:01,1758.8,Shopping,Card,Madurai,Success
TXN05662,Harini,Zomato,2026-01-30,04:54,462.28,Food,Card,Tenkasi,Pending
TXN05663,Nivetha,TNSTC,2026-07-02,23:23,702.38,Transport,GPay,Chennai,Success
TXN05664,Meena,College Fees,2026-01-02,10:53,2436.24,Education,Card,Coimbatore,Failed
TXN05665,Kavi,BookMyShow,2026-09-25,03:07,397.0,Entertainment,PhonePe,Tirunelveli,Success
TXN05666,Rahul,Temple,2026-05-04,12:27,1053.41,Others,PhonePe,Salem,Success
TXN05667,Arun,Ola,2026-07-09,09:18,609.79,Transport,PhonePe,Tirunelveli,Success
TXN05668,Ishaan,Water Board,2026-08-03,11:17,1209.97,Bills,UPI,Trichy,Success
TXN05669,Vishnu,Electricity Board,2026-06-01,06:25,4000.0,Bills,Card,Madurai,Failed
TXN05670,Vishnu,Airtel,2026-03-17,09:15,4000.0,Bills,PhonePe,Madurai,Success
TXN05671,Harini,Udemy,2026-09-28,11:24,2767.45,Education,Card,Trichy,Pending
TXN05672,Keerthi,Miscellaneous,2026-01-13,04:52,1729.7,Others,GPay,Trichy,Failed
TXN05673,Abinaya,Miscellaneous,2026-06-06,18:34,264.78,Others,GPay,Chennai,Success
TXN05674,Abinaya,Reliance Trends,2026-04-24,06:29,3068.47,Shopping,GPay,Tirunelveli,Success
TXN05675,Harini,A2B,2026-08-02,06:55,857.21,Food,PhonePe,Tirunelveli,Success
TXN05676,Abinaya,Zomato,2026-06-04,06:36,474.95,Food,UPI,Chennai,Pending
TXN05677,Nivetha,TNSTC,2026-05-25,04:04,579.13,Transport,GPay,Salem,Failed
TXN05678,Swetha,TNSTC,2026-08-18,01:07,890.14,Transport,PhonePe,Bengaluru,Success
TXN05679,Sanjay,Metro,2026-05-19,15:02,1200.0,Transport,Card,Madurai,Success
TXN05680,Kavi,Coursera,2026-03-28,18:50,3096.26,Education,UPI,Tirunelveli,Pending
TXN05681,Vishnu,Metro,2026-08-29,03:09,664.77,Transport,PhonePe,Tirunelveli,Pending
TXN05682,Sanjay,TNSTC,2026-09-28,03:42,1200.0,Transport,UPI,Salem,Success
TXN05683,Harini,BookMyShow,2026-07-01,20:37,1029.66,Entertainment,UPI,Tenkasi,Success
TXN05684,Rahul,Swiggy,2026-05-03,01:02,900.0,Food,PhonePe,Bengaluru,Pending
TXN05685,Kavi,Cafe Coffee Day,2026-07-05,20:07,271.37,Food,UPI,Bengaluru,Pending
TXN05686,Swetha,Netflix,2026-02-07,16:39,464.74,Entertainment,PhonePe,Chennai,Success
TXN05687,Deva,KFC,2026-09-13,00:57,299.85,Food,Card,Bengaluru,Success
TXN05688,Arun,RedBus,2026-06-03,01:28,1003.6,Transport,UPI,Trichy,Pending
TXN05689,Anu,Meesho,2026-03-18,11:24,3709.23,Shopping,UPI,Trichy,Success
TXN05690,Deva,KFC,2026-01-11,22:39,409.19,Food,UPI,Bengaluru,Success
TXN05691,Vishnu,TNSTC,2026-01-04,19:40,744.84,Transport,Card,Bengaluru,Success
TXN05692,Harini,A2B,2026-06-14,14:31,837.55,Food,GPay,Madurai,Success
TXN05693,Sanjay,Ola,2026-02-26,19:49,520.56,Transport,PhonePe,Bengaluru,Success
TXN05694,Vishnu,Miscellaneous,2026-07-16,02:12,1538.56,Others,GPay,Madurai,Success
TXN05695,Meena,Swiggy,2026-03-02,00:54,372.85,Food,GPay,Chennai,Pending
TXN05696,Keerthi,Google Workspace,2026-01-02,20:03,1129.98,Education,PhonePe,Bengaluru,Success
TXN05697,Kavi,DMart,2026-02-04,22:18,3109.04,Shopping,GPay,Coimbatore,Failed
TXN05698,Abinaya,Local Pharmacy,2026-09-13,23:33,636.73,Health,PhonePe,Madurai,Success
TXN05699,Sanjay,Electricity Board,2026-09-26,15:45,1742.21,Bills,GPay,Madurai,Success
TXN05700,Vishnu,Dominos,2026-02-13,09:28,510.85,Food,Card,Coimbatore,Success
TXN05701,Arun,Cafe Coffee Day,2026-03-08,03:25,301.08,Food,Card,Chennai,Failed
TXN05702,Arun,Amazon,2026-08-11,00:57,4238.29,Shopping,Card,Chennai,Success
TXN05703,Rahul,Dominos,2026-07-05,13:19,414.53,Food,UPI,Madurai,Failed
TXN05704,Sanjay,HealthPlus,2026-01-19,12:05,2160.85,Health,PhonePe,Madurai,Success
TXN05705,Deva,Gift,2026-08-24,09:38,1007.07,Others,PhonePe,Chennai,Pending
TXN05706,Meena,Cafe Coffee Day,2026-01-23,01:39,421.86,Food,PhonePe,Tirunelveli,Success
TXN05707,Anu,Local Pharmacy,2026-05-17,17:55,990.25,Health,Card,Madurai,Pending
TXN05708,Sanjay,Dominos,2026-03-03,18:48,479.07,Food,UPI,Chennai,Failed
TXN05709,Nivetha,Ola,2026-09-18,15:20,671.38,Transport,Card,Madurai,Success
TXN05710,Rahul,ACT Fibernet,2026-06-20,22:20,2534.88,Bills,PhonePe,Chennai,Success
TXN05711,Ishaan,RedBus,2026-07-17,20:37,711.1,Transport,PhonePe,Madurai,Success
TXN05712,Arun,Hotstar,2026-06-29,04:56,394.6,Entertainment,GPay,Chennai,Success
TXN05713,Vishnu,Coursera,2026-07-14,08:40,4467.62,Education,PhonePe,Madurai,Success
TXN05714,Sanjay,Meesho,2026-09-09,03:49,3832.75,Shopping,PhonePe,Coimbatore,Success
TXN05715,Kavi,RedBus,2026-07-09,08:09,635.91,Transport,PhonePe,Coimbatore,Success
TXN05716,Deva,Jio,2026-09-02,19:00,2519.93,Bills,PhonePe,Tenkasi,Failed
TXN05717,Abinaya,Stationery Shop,2026-03-09,17:35,1366.29,Others,Card,Chennai,Failed
TXN05718,Nivetha,Cafe Coffee Day,2026-05-01,11:14,900.0,Food,UPI,Tirunelveli,Success
TXN05719,Priya,A2B,2026-03-11,20:25,348.04,Food,PhonePe,Chennai,Success
TXN05720,Ishaan,Cafe Coffee Day,2026-09-03,17:12,353.02,Food,Card,Tirunelveli,Success
TXN05721,Kavi,Uber,2026-04-11,09:54,344.91,Transport,PhonePe,Madurai,Success
TXN05722,Anu,Cafe Coffee Day,2026-03-26,04:21,169.74,Food,PhonePe,Madurai,Failed
TXN05723,Arun,Zomato,2026-08-24,17:25,594.31,Food,Card,Madurai,Pending
TXN05724,Anu,TNSTC,2026-05-22,23:24,1200.0,Transport,GPay,Salem,Success
TXN05725,Swetha,Steam,2026-01-29,10:47,688.35,Entertainment,UPI,Salem,Pending
TXN05726,Rahul,YouTube Premium,2026-09-05,19:12,1500.0,Entertainment,Card,Trichy,Pending
TXN05727,Rahul,Gift,2026-06-04,07:13,881.34,Others,GPay,Chennai,Success
TXN05728,Sanjay,YouTube Premium,2026-09-15,23:44,1500.0,Entertainment,UPI,Chennai,Success
TXN05729,Kavi,Swiggy,2026-01-17,20:03,568.18,Food,Card,Trichy,Success
TXN05730,Keerthi,Flipkart,2026-05-20,17:35,3149.23,Shopping,PhonePe,Bengaluru,Success
TXN05731,Nivetha,Apollo Pharmacy,2026-07-11,15:23,1147.74,Health,Card,Tirunelveli,Failed
TXN05732,Anu,DMart,2026-05-12,06:43,3235.51,Shopping,PhonePe,Bengaluru,Failed
TXN05733,Arun,Zomato,2026-01-03,17:46,757.68,Food,Card,Madurai,Success
TXN05734,Anu,KFC,2026-05-20,07:46,327.53,Food,Card,Chennai,Failed
TXN05735,Sanjay,KFC,2026-01-31,02:18,453.99,Food,UPI,Salem,Success
TXN05736,Ishaan,Amazon,2026-08-31,08:53,3462.68,Shopping,Card,Madurai,Pending
TXN05737,Deva,Reliance Trends,2026-01-01,03:38,4858.13,Shopping,PhonePe,Chennai,Success
TXN05738,Swetha,Hotstar,2026-02-28,07:18,854.64,Entertainment,Card,Madurai,Failed
TXN05739,Swetha,Ola,2026-08-18,10:57,536.69,Transport,PhonePe,Salem,Success
TXN05740,Meena,Flipkart,2026-02-15,11:05,3589.67,Shopping,GPay,Chennai,Success
TXN05741,Rahul,Miscellaneous,2026-08-23,12:36,1911.7,Others,PhonePe,Madurai,Success
TXN05742,Abinaya,BookMyShow,2026-03-24,13:07,1027.06,Entertainment,Card,Tenkasi,Success
TXN05743,Ishaan,Airtel,2026-05-26,14:12,2032.19,Bills,UPI,Tirunelveli,Success
TXN05744,Abinaya,Zomato,2026-06-24,08:33,489.57,Food,GPay,Salem,Success
TXN05745,Arun,Meesho,2026-05-08,19:26,1773.32,Shopping,PhonePe,Trichy,Success
TXN05746,Abinaya,A2B,2026-05-07,22:44,706.3,Food,GPay,Coimbatore,Success
TXN05747,Deva,Rapido,2026-06-24,08:50,307.65,Transport,Card,Madurai,Success
TXN05748,Sanjay,TNSTC,2026-01-26,08:31,492.4,Transport,GPay,Madurai,Success
TXN05749,Meena,KFC,2026-08-15,19:43,431.53,Food,GPay,Salem,Success
TXN05750,Kavi,Rapido,2026-02-08,08:51,491.86,Transport,UPI,Chennai,Success
TXN05751,Swetha,Cafe Coffee Day,2026-03-29,05:38,277.37,Food,PhonePe,Trichy,Success
TXN05752,Sanjay,Amazon Kindle,2026-02-04,13:04,1814.38,Education,UPI,Madurai,Success
TXN05753,Abinaya,Hotstar,2026-05-10,22:40,388.76,Entertainment,UPI,Salem,Success
TXN05754,Meena,Apollo Pharmacy,2026-03-04,06:32,3000.0,Health,UPI,Trichy,Success
TXN05755,Sanjay,Stationery Shop,2026-01-07,04:47,766.7,Others,Card,Madurai,Success
TXN05756,Anu,Reliance Trends,2026-08-09,23:46,2209.46,Shopping,GPay,Bengaluru,Success
TXN05757,Meena,A2B,2026-07-11,16:09,900.0,Food,GPay,Madurai,Pending
TXN05758,Priya,Reliance Trends,2026-06-05,20:13,1318.5,Shopping,UPI,Coimbatore,Success
TXN05759,Priya,Ola,2026-02-22,22:12,841.14,Transport,GPay,Madurai,Pending
TXN05760,Priya,A2B,2026-02-27,09:54,483.81,Food,UPI,Coimbatore,Failed
TXN05761,Ishaan,Netflix,2026-09-20,12:21,475.47,Entertainment,GPay,Madurai,Success
TXN05762,Nivetha,Cafe Coffee Day,2026-03-03,09:42,503.16,Food,PhonePe,Chennai,Failed
TXN05763,Harini,Zomato,2026-03-25,01:02,900.0,Food,GPay,Chennai,Success
TXN05764,Rahul,Swiggy,2026-01-27,21:08,639.77,Food,GPay,Chennai,Success
TXN05765,Sanjay,Hotstar,2026-09-15,17:31,1008.59,Entertainment,UPI,Chennai,Success
TXN05766,Harini,RedBus,2026-02-07,23:35,321.0,Transport,UPI,Chennai,Failed
TXN05767,Priya,Hotstar,2026-07-17,15:36,515.9,Entertainment,GPay,Chennai,Success
TXN05768,Anu,Cafe Coffee Day,2026-06-09,09:19,209.04,Food,GPay,Bengaluru,Success
TXN05769,Sanjay,Cafe Coffee Day,2026-03-18,03:52,492.72,Food,UPI,Coimbatore,Success
TXN05770,Sanjay,Reliance Trends,2026-04-08,02:06,3149.96,Shopping,GPay,Madurai,Success
TXN05771,Anu,Hotstar,2026-07-03,13:44,517.53,Entertainment,PhonePe,Salem,Success
TXN05772,Swetha,KFC,2026-04-04,18:32,759.83,Food,PhonePe,Madurai,Success
TXN05773,Keerthi,A2B,2026-03-06,05:02,237.18,Food,GPay,Trichy,Pending
TXN05774,Keerthi,Cafe Coffee Day,2026-03-31,13:24,316.6,Food,UPI,Trichy,Success
TXN05775,Vishnu,Dominos,2026-01-06,04:45,501.64,Food,PhonePe,Madurai,Success
TXN05776,Deva,Myntra,2026-05-04,18:19,1649.99,Shopping,UPI,Bengaluru,Success
TXN05777,Rahul,Meesho,2026-07-17,01:00,2615.14,Shopping,Card,Tirunelveli,Success
TXN05778,Swetha,A2B,2026-09-10,21:50,328.42,Food,PhonePe,Madurai,Pending
TXN05779,Keerthi,Metro,2026-06-04,01:46,710.22,Transport,Card,Salem,Success
TXN05780,Nivetha,Hotstar,2026-03-10,02:33,386.32,Entertainment,Card,Salem,Success
TXN05781,Rahul,Amazon,2026-01-27,00:41,1022.37,Shopping,PhonePe,Tenkasi,Success
TXN05782,Vishnu,Airtel,2026-02-07,00:38,1091.12,Bills,GPay,Madurai,Success
TXN05783,Sanjay,Cafe Coffee Day,2026-05-26,15:46,766.97,Food,Card,Tirunelveli,Success
TXN05784,Anu,Ola,2026-05-29,02:12,960.15,Transport,Card,Madurai,Success
TXN05785,Nivetha,Dominos,2026-04-02,16:34,286.45,Food,PhonePe,Tirunelveli,Failed
TXN05786,Swetha,Dominos,2026-06-13,23:52,453.44,Food,PhonePe,Trichy,Failed
TXN05787,Deva,Zomato,2026-03-28,17:27,474.75,Food,GPay,Coimbatore,Failed
TXN05788,Deva,Water Board,2026-03-27,15:40,977.15,Bills,PhonePe,Salem,Pending
TXN05789,Sanjay,KFC,2026-01-21,09:21,332.67,Food,GPay,Chennai,Success
TXN05790,Sanjay,Flipkart,2026-04-29,02:41,2754.34,Shopping,UPI,Salem,Success
TXN05791,Arun,Reliance Trends,2026-02-11,14:33,936.65,Shopping,PhonePe,Tenkasi,Success
TXN05792,Arun,Cafe Coffee Day,2026-04-08,10:52,500.38,Food,GPay,Coimbatore,Pending
TXN05793,Ishaan,Zomato,2026-01-04,16:01,900.0,Food,GPay,Trichy,Success
TXN05794,Rahul,Jio,2026-06-02,19:19,2700.2,Bills,GPay,Chennai,Pending
TXN05795,Sanjay,Myntra,2026-06-27,15:34,3466.88,Shopping,Card,Coimbatore,Success
TXN05796,Meena,Electricity Board,2026-02-06,08:06,3064.81,Bills,Card,Chennai,Success
TXN05797,Keerthi,KFC,2026-07-03,02:29,594.3,Food,UPI,Madurai,Failed
TXN05798,Swetha,KFC,2026-07-03,09:29,756.57,Food,UPI,Tirunelveli,Pending
TXN05799,Priya,Cafe Coffee Day,2026-06-20,11:29,162.82,Food,UPI,Madurai,Failed
TXN05800,Deva,Netflix,2026-01-18,11:10,646.16,Entertainment,PhonePe,Tirunelveli,Pending
TXN05801,Kavi,Water Board,2026-07-31,07:06,1199.31,Bills,GPay,Chennai,Failed
TXN05802,Nivetha,Miscellaneous,2026-07-30,16:59,356.21,Others,GPay,Chennai,Success
TXN05803,Anu,Amazon Kindle,2026-04-28,13:43,2380.99,Education,PhonePe,Madurai,Success
TXN05804,Nivetha,A2B,2026-01-16,08:35,781.18,Food,UPI,Tenkasi,Pending
TXN05805,Rahul,Uber,2026-05-02,08:54,444.7,Transport,PhonePe,Madurai,Success
TXN05806,Harini,Zomato,2026-08-27,01:20,562.35,Food,Card,Salem,Failed
TXN05807,Deva,Cafe Coffee Day,2026-02-27,04:46,900.0,Food,PhonePe,Salem,Success
TXN05808,Kavi,KFC,2026-06-07,23:01,408.12,Food,PhonePe,Chennai,Success
TXN05809,Nivetha,BookMyShow,2026-03-03,02:24,1428.21,Entertainment,UPI,Trichy,Success
TXN05810,Rahul,Spotify,2026-09-12,07:25,1343.74,Entertainment,Card,Trichy,Success
TXN05811,Kavi,Uber,2026-02-23,00:33,723.38,Transport,PhonePe,Chennai,Success
TXN05812,Meena,Reliance Trends,2026-08-10,11:24,1583.49,Shopping,PhonePe,Chennai,Success
TXN05813,Keerthi,Hotstar,2026-05-01,18:10,274.54,Entertainment,GPay,Madurai,Success
TXN05814,Meena,Swiggy,2026-08-02,10:09,318.71,Food,PhonePe,Tirunelveli,Pending
TXN05815,Anu,KFC,2026-03-08,02:18,367.93,Food,GPay,Trichy,Success
TXN05816,Priya,RedBus,2026-02-14,15:16,533.82,Transport,UPI,Chennai,Success
TXN05817,Priya,Swiggy,2026-08-06,21:39,649.24,Food,Card,Coimbatore,Success
TXN05818,Rahul,RedBus,2026-02-02,09:36,407.92,Transport,PhonePe,Coimbatore,Success
TXN05819,Arun,Hotstar,2026-03-07,00:42,1121.36,Entertainment,GPay,Coimbatore,Success
TXN05820,Deva,Local Store,2026-04-20,06:59,2000.0,Others,Card,Tenkasi,Success
TXN05821,Ishaan,A2B,2026-07-04,02:15,426.32,Food,GPay,Madurai,Success
TXN05822,Swetha,Uber,2026-02-03,00:24,684.05,Transport,Card,Madurai,Success
TXN05823,Ishaan,Cafe Coffee Day,2026-06-22,12:30,900.0,Food,GPay,Madurai,Success
TXN05824,Nivetha,Rapido,2026-01-25,16:07,928.24,Transport,UPI,Chennai,Success
TXN05825,Sanjay,Flipkart,2026-07-02,14:26,2073.51,Shopping,PhonePe,Trichy,Failed
TXN05826,Priya,Electricity Board,2026-02-09,17:50,4000.0,Bills,Card,Tenkasi,Success
TXN05827,Keerthi,Google Workspace,2026-08-21,16:45,2828.24,Education,Card,Trichy,Pending
TXN05828,Rahul,Dominos,2026-04-22,17:04,335.49,Food,UPI,Trichy,Success
TXN05829,Rahul,Meesho,2026-02-13,18:11,1271.64,Shopping,PhonePe,Tenkasi,Success
TXN05830,Deva,KFC,2026-05-23,17:17,313.67,Food,PhonePe,Tenkasi,Success
TXN05831,Deva,Meesho,2026-05-10,10:53,3297.55,Shopping,UPI,Madurai,Success
TXN05832,Nivetha,A2B,2026-08-22,07:37,271.98,Food,GPay,Coimbatore,Pending
TXN05833,Kavi,Rapido,2026-07-26,10:38,383.26,Transport,GPay,Coimbatore,Success
TXN05834,Sanjay,Cafe Coffee Day,2026-09-06,10:53,900.0,Food,GPay,Madurai,Success
TXN05835,Anu,Reliance Trends,2026-06-16,08:08,3407.79,Shopping,GPay,Tenkasi,Failed
TXN05836,Nivetha,Electricity Board,2026-06-06,20:30,924.66,Bills,UPI,Madurai,Success
TXN05837,Swetha,Flipkart,2026-02-11,23:00,4424.94,Shopping,PhonePe,Madurai,Success
TXN05838,Anu,HealthPlus,2026-09-22,10:43,3000.0,Health,Card,Madurai,Success
TXN05839,Keerthi,Local Pharmacy,2026-08-28,21:40,530.29,Health,PhonePe,Chennai,Success
TXN05840,Swetha,Uber,2026-05-23,06:20,659.48,Transport,Card,Chennai,Failed
TXN05841,Sanjay,Swiggy,2026-06-28,11:29,470.4,Food,UPI,Salem,Pending
TXN05842,Sanjay,Zomato,2026-08-19,17:37,900.0,Food,UPI,Chennai,Success
TXN05843,Arun,Cafe Coffee Day,2026-09-15,17:56,816.94,Food,Card,Madurai,Success
TXN05844,Swetha,Reliance Trends,2026-03-11,03:36,2986.95,Shopping,PhonePe,Coimbatore,Pending
TXN05845,Nivetha,Netflix,2026-01-05,09:27,1261.0,Entertainment,PhonePe,Madurai,Pending
TXN05846,Swetha,Uber,2026-02-04,04:15,220.18,Transport,UPI,Trichy,Success
TXN05847,Ishaan,Spotify,2026-09-09,18:20,795.23,Entertainment,Card,Chennai,Success
TXN05848,Abinaya,Cafe Coffee Day,2026-01-12,23:41,328.24,Food,UPI,Salem,Success
TXN05849,Meena,Rapido,2026-09-25,14:16,650.93,Transport,Card,Chennai,Success
TXN05850,Ishaan,ACT Fibernet,2026-05-30,10:15,702.24,Bills,Card,Madurai,Success
TXN05851,Abinaya,TNSTC,2026-02-12,03:55,870.61,Transport,Card,Trichy,Success
TXN05852,Kavi,Uber,2026-04-29,08:16,780.13,Transport,Card,Coimbatore,Success
TXN05853,Anu,Ola,2026-05-27,22:30,1090.74,Transport,GPay,Chennai,Pending
TXN05854,Deva,A2B,2026-05-06,04:35,367.16,Food,GPay,Tirunelveli,Success
TXN05855,Vishnu,Rapido,2026-09-05,22:26,890.19,Transport,Card,Chennai,Failed
TXN05856,Arun,Rapido,2026-01-30,08:54,1200.0,Transport,GPay,Tirunelveli,Success
TXN05857,Meena,Flipkart,2026-09-14,20:08,2595.06,Shopping,Card,Bengaluru,Success
TXN05858,Priya,Reliance Trends,2026-08-28,00:45,1466.09,Shopping,PhonePe,Madurai,Success
TXN05859,Vishnu,PharmEasy,2026-04-09,02:01,2149.35,Health,GPay,Coimbatore,Pending
TXN05860,Meena,Netflix,2026-03-11,08:26,643.69,Entertainment,UPI,Chennai,Success
TXN05861,Vishnu,Swiggy,2026-07-14,12:41,265.36,Food,UPI,Madurai,Pending
TXN05862,Meena,Uber,2026-07-08,20:17,381.48,Transport,PhonePe,Tirunelveli,Success
TXN05863,Keerthi,Uber,2026-05-06,09:15,273.35,Transport,GPay,Tirunelveli,Success
TXN05864,Keerthi,Flipkart,2026-03-21,12:05,1739.62,Shopping,UPI,Trichy,Success
TXN05865,Swetha,Dominos,2026-06-19,07:10,571.3,Food,UPI,Trichy,Success
TXN05866,Priya,TNSTC,2026-03-05,02:29,763.39,Transport,PhonePe,Chennai,Success
TXN05867,Ishaan,ACT Fibernet,2026-01-14,21:50,1350.55,Bills,GPay,Madurai,Success
TXN05868,Abinaya,Flipkart,2026-05-07,13:43,6000.0,Shopping,Card,Chennai,Success
TXN05869,Deva,HealthPlus,2026-03-07,06:01,1611.82,Health,GPay,Madurai,Success
TXN05870,Sanjay,Coursera,2026-08-06,14:56,3019.7,Education,PhonePe,Chennai,Pending
TXN05871,Deva,Cafe Coffee Day,2026-05-16,22:51,618.56,Food,UPI,Trichy,Success
TXN05872,Anu,Ola,2026-07-29,03:42,412.41,Transport,GPay,Tirunelveli,Success
TXN05873,Anu,Metro,2026-03-14,14:06,1002.21,Transport,UPI,Tenkasi,Success
TXN05874,Kavi,Cafe Coffee Day,2026-04-18,14:58,196.79,Food,UPI,Coimbatore,Success
TXN05875,Meena,Myntra,2026-03-07,21:53,1644.23,Shopping,Card,Bengaluru,Failed
TXN05876,Anu,Water Board,2026-06-09,01:04,1397.87,Bills,GPay,Madurai,Success
TXN05877,Swetha,Zomato,2026-07-09,20:14,522.96,Food,PhonePe,Madurai,Success
TXN05878,Vishnu,Flipkart,2026-04-16,22:51,1513.73,Shopping,GPay,Chennai,Pending
TXN05879,Keerthi,Cafe Coffee Day,2026-09-23,01:01,241.55,Food,PhonePe,Tenkasi,Failed
TXN05880,Abinaya,Rapido,2026-01-24,16:58,1200.0,Transport,Card,Bengaluru,Success
TXN05881,Sanjay,Cafe Coffee Day,2026-07-04,08:50,900.0,Food,Card,Coimbatore,Success
TXN05882,Keerthi,ACT Fibernet,2026-08-31,16:48,1001.51,Bills,PhonePe,Madurai,Success
TXN05883,Rahul,Dominos,2026-07-19,09:01,301.57,Food,UPI,Madurai,Failed
TXN05884,Deva,Salon,2026-01-28,01:39,972.65,Others,Card,Madurai,Success
TXN05885,Abinaya,Electricity Board,2026-06-02,18:38,2825.7,Bills,PhonePe,Chennai,Success
TXN05886,Priya,BookMyShow,2026-07-06,07:05,618.35,Entertainment,Card,Bengaluru,Success
TXN05887,Rahul,Electricity Board,2026-05-29,22:17,1505.86,Bills,UPI,Coimbatore,Pending
TXN05888,Abinaya,College Fees,2026-01-12,08:40,4787.22,Education,PhonePe,Coimbatore,Success
TXN05889,Rahul,Swiggy,2026-07-01,06:45,315.79,Food,UPI,Madurai,Success
TXN05890,Harini,HealthPlus,2026-04-24,04:49,1294.26,Health,Card,Madurai,Success
TXN05891,Nivetha,Cafe Coffee Day,2026-03-15,13:33,124.63,Food,GPay,Madurai,Success
TXN05892,Anu,Stationery Shop,2026-09-02,10:07,1305.78,Others,GPay,Tenkasi,Pending
TXN05893,Kavi,Ola,2026-03-09,12:41,810.78,Transport,GPay,Trichy,Success
TXN05894,Sanjay,Uber,2026-09-18,18:07,763.73,Transport,UPI,Tirunelveli,Success
TXN05895,Ishaan,Rapido,2026-07-03,05:18,738.54,Transport,Card,Bengaluru,Failed
TXN05896,Harini,Udemy,2026-05-16,19:27,2873.94,Education,Card,Madurai,Failed
TXN05897,Nivetha,Dominos,2026-07-01,21:16,408.18,Food,UPI,Madurai,Failed
TXN05898,Vishnu,Myntra,2026-08-18,06:35,5005.09,Shopping,GPay,Chennai,Success
TXN05899,Rahul,Jio,2026-03-15,14:59,2816.56,Bills,UPI,Trichy,Pending
TXN05900,Kavi,DMart,2026-05-24,00:48,2200.43,Shopping,PhonePe,Coimbatore,Success
TXN05901,Deva,1mg,2026-03-08,16:14,1309.56,Health,PhonePe,Coimbatore,Success
TXN05902,Kavi,Electricity Board,2026-01-16,22:44,1061.42,Bills,UPI,Chennai,Pending
TXN05903,Abinaya,A2B,2026-07-07,03:23,359.87,Food,Card,Madurai,Success
TXN05904,Priya,Coursera,2026-02-10,04:11,1398.83,Education,PhonePe,Coimbatore,Failed
TXN05905,Anu,Netflix,2026-03-09,18:09,1323.37,Entertainment,PhonePe,Madurai,Pending
TXN05906,Priya,Water Board,2026-06-23,20:03,4000.0,Bills,UPI,Madurai,Pending
TXN05907,Priya,A2B,2026-08-04,16:44,245.42,Food,PhonePe,Tirunelveli,Success
TXN05908,Swetha,Meesho,2026-04-18,10:51,2758.86,Shopping,PhonePe,Madurai,Failed
TXN05909,Ishaan,Cafe Coffee Day,2026-08-22,06:36,386.53,Food,PhonePe,Madurai,Pending
TXN05910,Swetha,Cafe Coffee Day,2026-04-21,20:45,151.82,Food,Card,Madurai,Failed
TXN05911,Swetha,Dominos,2026-06-26,04:05,322.46,Food,PhonePe,Trichy,Success
TXN05912,Abinaya,Jio,2026-08-14,05:38,4000.0,Bills,GPay,Madurai,Success
TXN05913,Ishaan,Netflix,2026-09-25,13:09,856.66,Entertainment,UPI,Madurai,Pending
TXN05914,Sanjay,Salon,2026-09-12,02:19,918.54,Others,UPI,Tirunelveli,Success
TXN05915,Keerthi,Myntra,2026-01-14,12:09,1682.27,Shopping,PhonePe,Chennai,Success
TXN05916,Abinaya,Ola,2026-08-21,07:34,935.71,Transport,PhonePe,Coimbatore,Success
TXN05917,Sanjay,Jio,2026-09-01,21:15,1556.27,Bills,UPI,Tirunelveli,Success
TXN05918,Vishnu,Ola,2026-02-23,04:26,408.94,Transport,Card,Madurai,Success
TXN05919,Rahul,Hotstar,2026-06-09,17:39,1145.17,Entertainment,UPI,Bengaluru,Success
TXN05920,Abinaya,A2B,2026-08-21,22:51,423.46,Food,PhonePe,Salem,Pending
TXN05921,Arun,Rapido,2026-03-18,14:03,360.67,Transport,GPay,Tenkasi,Failed
TXN05922,Nivetha,Hotstar,2026-03-19,05:53,1201.04,Entertainment,GPay,Madurai,Success
TXN05923,Meena,Swiggy,2026-03-22,04:08,494.01,Food,Card,Tenkasi,Success
TXN05924,Arun,Google Workspace,2026-04-03,08:22,3895.42,Education,UPI,Salem,Success
TXN05925,Sanjay,RedBus,2026-03-09,08:00,569.05,Transport,Card,Trichy,Success
TXN05926,Kavi,Stationery Shop,2026-02-28,15:42,2000.0,Others,Card,Tirunelveli,Success
TXN05927,Rahul,Amazon Kindle,2026-03-27,06:42,1059.77,Education,GPay,Tirunelveli,Success
TXN05928,Vishnu,Apollo Pharmacy,2026-01-02,20:39,3000.0,Health,GPay,Bengaluru,Success
TXN05929,Kavi,A2B,2026-05-24,04:09,337.1,Food,GPay,Chennai,Success
TXN05930,Keerthi,Zomato,2026-08-05,16:50,198.31,Food,Card,Madurai,Failed
TXN05931,Anu,Cafe Coffee Day,2026-06-24,23:18,519.71,Food,Card,Coimbatore,Success
TXN05932,Anu,Water Board,2026-06-23,19:37,3844.28,Bills,GPay,Bengaluru,Failed
TXN05933,Ishaan,Jio,2026-08-13,06:00,2563.47,Bills,UPI,Chennai,Failed
TXN05934,Harini,Zomato,2026-07-21,04:22,179.02,Food,UPI,Chennai,Pending
TXN05935,Priya,Local Pharmacy,2026-03-05,09:49,617.17,Health,UPI,Coimbatore,Success
TXN05936,Priya,Metro,2026-05-19,22:36,269.96,Transport,PhonePe,Madurai,Pending
TXN05937,Keerthi,Rapido,2026-03-16,03:37,420.83,Transport,UPI,Madurai,Success
TXN05938,Keerthi,College Fees,2026-04-14,19:35,1213.26,Education,PhonePe,Chennai,Success
TXN05939,Kavi,ACT Fibernet,2026-05-12,01:08,1758.76,Bills,Card,Chennai,Success
TXN05940,Meena,Electricity Board,2026-09-19,23:46,729.78,Bills,Card,Salem,Failed
TXN05941,Meena,A2B,2026-02-08,02:56,412.53,Food,UPI,Chennai,Failed
TXN05942,Harini,Netflix,2026-03-19,14:38,957.89,Entertainment,Card,Tenkasi,Success
TXN05943,Kavi,Myntra,2026-08-19,18:21,5688.68,Shopping,PhonePe,Coimbatore,Pending
TXN05944,Keerthi,KFC,2026-01-27,02:28,514.58,Food,Card,Chennai,Success
TXN05945,Ishaan,Ola,2026-05-17,12:09,1200.0,Transport,GPay,Coimbatore,Success
TXN05946,Sanjay,Cafe Coffee Day,2026-05-07,14:58,515.1,Food,PhonePe,Coimbatore,Success
TXN05947,Abinaya,Google Workspace,2026-01-21,16:28,1301.28,Education,GPay,Madurai,Success
TXN05948,Deva,Google Workspace,2026-08-17,12:44,2066.1,Education,GPay,Chennai,Failed
TXN05949,Swetha,Dominos,2026-03-13,01:42,313.29,Food,Card,Coimbatore,Pending
TXN05950,Sanjay,Ola,2026-04-17,11:41,623.5,Transport,PhonePe,Bengaluru,Success
TXN05951,Kavi,Meesho,2026-04-05,02:28,959.84,Shopping,Card,Madurai,Success
TXN05952,Vishnu,Ola,2026-06-24,15:37,1200.0,Transport,GPay,Madurai,Failed
TXN05953,Meena,Cafe Coffee Day,2026-02-28,12:32,656.81,Food,UPI,Salem,Failed
TXN05954,Priya,Airtel,2026-07-18,12:59,2008.5,Bills,PhonePe,Trichy,Success
TXN05955,Abinaya,Swiggy,2026-09-09,18:21,900.0,Food,GPay,Coimbatore,Success
TXN05956,Harini,Udemy,2026-04-16,01:03,5000.0,Education,GPay,Tenkasi,Pending
TXN05957,Keerthi,Ola,2026-07-27,11:32,812.12,Transport,GPay,Salem,Success
TXN05958,Deva,Steam,2026-05-17,21:02,790.96,Entertainment,UPI,Madurai,Success
TXN05959,Arun,Cafe Coffee Day,2026-08-14,00:56,397.19,Food,Card,Bengaluru,Pending
TXN05960,Swetha,College Fees,2026-09-13,09:17,2089.85,Education,GPay,Madurai,Success
TXN05961,Kavi,Dominos,2026-08-16,01:04,308.12,Food,PhonePe,Tirunelveli,Success
TXN05962,Swetha,Uber,2026-09-07,10:32,404.53,Transport,GPay,Madurai,Pending
TXN05963,Deva,PharmEasy,2026-07-15,08:08,1443.69,Health,Card,Chennai,Success
TXN05964,Keerthi,RedBus,2026-02-10,12:12,1085.41,Transport,Card,Trichy,Success
TXN05965,Nivetha,Meesho,2026-06-16,08:42,2864.74,Shopping,UPI,Coimbatore,Success
TXN05966,Vishnu,Myntra,2026-09-26,05:05,1415.75,Shopping,Card,Coimbatore,Success
TXN05967,Swetha,A2B,2026-02-04,09:21,386.67,Food,Card,Coimbatore,Success
TXN05968,Rahul,Spotify,2026-02-02,08:33,454.9,Entertainment,PhonePe,Coimbatore,Pending
TXN05969,Nivetha,Swiggy,2026-08-03,07:04,900.0,Food,Card,Trichy,Success
TXN05970,Sanjay,ACT Fibernet,2026-03-24,04:39,668.11,Bills,GPay,Coimbatore,Pending
TXN05971,Nivetha,Ola,2026-06-10,19:13,604.07,Transport,PhonePe,Madurai,Success
TXN05972,Abinaya,Coursera,2026-03-12,22:35,1395.6,Education,GPay,Chennai,Success
TXN05973,Abinaya,Cafe Coffee Day,2026-05-13,11:59,396.94,Food,UPI,Madurai,Failed
TXN05974,Rahul,Dominos,2026-07-06,22:45,457.76,Food,Card,Bengaluru,Success
TXN05975,Kavi,Myntra,2026-07-14,13:19,4818.28,Shopping,Card,Trichy,Pending
TXN05976,Ishaan,Amazon,2026-02-13,03:22,2364.78,Shopping,PhonePe,Chennai,Failed
TXN05977,Sanjay,TNSTC,2026-08-14,22:17,589.24,Transport,UPI,Tirunelveli,Success
TXN05978,Rahul,Dominos,2026-07-10,16:10,112.47,Food,Card,Bengaluru,Success
TXN05979,Harini,Local Pharmacy,2026-07-21,01:35,3000.0,Health,UPI,Chennai,Success
TXN05980,Anu,Water Board,2026-03-13,20:00,4000.0,Bills,UPI,Madurai,Pending
TXN05981,Ishaan,College Fees,2026-02-06,16:45,5000.0,Education,UPI,Chennai,Success
TXN05982,Abinaya,YouTube Premium,2026-03-10,20:15,470.81,Entertainment,Card,Madurai,Failed
TXN05983,Meena,Reliance Trends,2026-07-04,10:12,6000.0,Shopping,PhonePe,Coimbatore,Success
TXN05984,Ishaan,DMart,2026-02-09,23:26,2514.2,Shopping,GPay,Madurai,Success
TXN05985,Meena,Steam,2026-03-29,20:18,1500.0,Entertainment,GPay,Chennai,Success
TXN05986,Rahul,Hotstar,2026-09-27,14:44,1220.95,Entertainment,PhonePe,Tirunelveli,Pending
TXN05987,Ishaan,DMart,2026-03-13,10:25,2299.22,Shopping,Card,Madurai,Success
TXN05988,Vishnu,Dominos,2026-01-20,08:23,900.0,Food,PhonePe,Bengaluru,Failed
TXN05989,Swetha,Zomato,2026-01-29,06:37,900.0,Food,UPI,Salem,Success
TXN05990,Meena,Gift,2026-01-11,02:41,2000.0,Others,PhonePe,Trichy,Success
TXN05991,Keerthi,Uber,2026-01-11,13:40,305.05,Transport,UPI,Madurai,Pending
TXN05992,Ishaan,A2B,2026-09-25,17:00,366.43,Food,UPI,Coimbatore,Success
TXN05993,Anu,Amazon Kindle,2026-03-20,19:26,3622.78,Education,UPI,Madurai,Success
TXN05994,Kavi,BookMyShow,2026-07-30,20:46,364.78,Entertainment,UPI,Chennai,Success
TXN05995,Keerthi,TNSTC,2026-09-25,07:12,564.94,Transport,Card,Madurai,Pending
TXN05996,Kavi,A2B,2026-09-14,15:34,829.84,Food,PhonePe,Bengaluru,Pending
TXN05997,Sanjay,Apollo Pharmacy,2026-08-06,21:04,1414.12,Health,UPI,Madurai,Success
TXN05998,Keerthi,Dominos,2026-07-01,18:20,515.18,Food,PhonePe,Madurai,Failed
TXN05999,Sanjay,Dominos,2026-03-14,11:09,152.12,Food,Card,Madurai,Pending
TXN06000,Keerthi,Electricity Board,2026-02-26,14:45,3493.13,Bills,GPay,Madurai,Failed
TXN06001,Ishaan,Ola,2026-08-29,14:22,761.38,Transport,UPI,Salem,Pending
TXN06002,Arun,Airtel,2026-08-09,17:55,1897.53,Bills,UPI,Madurai,Success
TXN06003,Vishnu,ACT Fibernet,2026-08-11,16:25,4000.0,Bills,Card,Madurai,Success
TXN06004,Nivetha,KFC,2026-01-03,04:28,486.48,Food,GPay,Tirunelveli,Success
TXN06005,Keerthi,DMart,2026-01-30,23:11,2996.46,Shopping,Card,Tirunelveli,Success
TXN06006,Anu,KFC,2026-04-07,18:25,900.0,Food,PhonePe,Salem,Success
TXN06007,Priya,College Fees,2026-07-07,21:44,3259.91,Education,PhonePe,Madurai,Success
TXN06008,Arun,Swiggy,2026-07-15,05:51,259.35,Food,UPI,Madurai,Success
TXN06009,Vishnu,Local Store,2026-04-04,05:08,594.09,Others,UPI,Bengaluru,Success
TXN06010,Kavi,Swiggy,2026-04-22,21:34,312.6,Food,Card,Chennai,Success
TXN06011,Arun,Stationery Shop,2026-09-25,05:18,1758.89,Others,UPI,Madurai,Success
TXN06012,Deva,Myntra,2026-06-15,08:12,4979.86,Shopping,Card,Trichy,Success
TXN06013,Meena,Metro,2026-05-01,01:49,667.02,Transport,UPI,Madurai,Success
TXN06014,Rahul,Cafe Coffee Day,2026-05-21,05:26,276.87,Food,UPI,Chennai,Success
TXN06015,Priya,Gift,2026-06-27,01:40,818.84,Others,UPI,Salem,Success
TXN06016,Ishaan,Dominos,2026-05-07,06:17,900.0,Food,PhonePe,Chennai,Pending
TXN06017,Abinaya,Google Workspace,2026-03-13,09:02,2322.93,Education,Card,Salem,Success
TXN06018,Abinaya,A2B,2026-01-13,21:09,414.64,Food,PhonePe,Chennai,Success
TXN06019,Rahul,Amazon,2026-06-18,23:58,2127.48,Shopping,PhonePe,Coimbatore,Success
TXN06020,Deva,Cafe Coffee Day,2026-09-01,21:29,830.64,Food,PhonePe,Bengaluru,Success
TXN06021,Deva,Metro,2026-05-12,15:02,394.2,Transport,UPI,Coimbatore,Success
TXN06022,Kavi,Dominos,2026-09-01,07:41,698.68,Food,Card,Chennai,Success
TXN06023,Anu,Local Store,2026-08-28,03:19,763.45,Others,GPay,Chennai,Success
TXN06024,Keerthi,Zomato,2026-06-23,23:19,622.49,Food,Card,Chennai,Success
TXN06025,Arun,Ola,2026-05-17,06:07,703.5,Transport,PhonePe,Madurai,Failed
TXN06026,Nivetha,College Fees,2026-06-27,02:00,2440.71,Education,PhonePe,Madurai,Success
TXN06027,Kavi,Steam,2026-05-08,19:26,656.62,Entertainment,UPI,Madurai,Success
TXN06028,Harini,Jio,2026-04-03,09:49,2514.0,Bills,UPI,Madurai,Failed
TXN06029,Rahul,Dominos,2026-01-23,07:32,534.38,Food,GPay,Madurai,Success
TXN06030,Keerthi,BookMyShow,2026-08-15,11:49,567.29,Entertainment,GPay,Madurai,Success
TXN06031,Deva,KFC,2026-08-25,22:47,890.64,Food,UPI,Coimbatore,Success
TXN06032,Ishaan,Swiggy,2026-02-15,14:23,771.58,Food,GPay,Tirunelveli,Pending
TXN06033,Priya,Cafe Coffee Day,2026-07-20,22:18,279.8,Food,GPay,Bengaluru,Pending
TXN06034,Sanjay,Cafe Coffee Day,2026-01-02,09:25,296.46,Food,GPay,Chennai,Success
TXN06035,Deva,A2B,2026-05-17,09:54,173.05,Food,PhonePe,Chennai,Success
TXN06036,Deva,ACT Fibernet,2026-02-17,08:37,3204.27,Bills,Card,Tirunelveli,Failed
TXN06037,Priya,Zomato,2026-01-29,15:49,395.07,Food,GPay,Trichy,Pending
TXN06038,Priya,DMart,2026-09-14,08:09,3036.4,Shopping,Card,Madurai,Success
TXN06039,Priya,A2B,2026-09-17,15:13,291.07,Food,GPay,Chennai,Pending
TXN06040,Anu,Reliance Trends,2026-04-22,06:25,3039.96,Shopping,GPay,Tenkasi,Success
TXN06041,Swetha,Google Workspace,2026-01-23,20:04,3022.03,Education,GPay,Chennai,Success
TXN06042,Keerthi,Jio,2026-03-13,11:40,1004.11,Bills,Card,Madurai,Success
TXN06043,Nivetha,Google Workspace,2026-06-19,09:40,2984.39,Education,Card,Salem,Success
TXN06044,Anu,Local Pharmacy,2026-03-26,18:52,1732.63,Health,GPay,Coimbatore,Success
TXN06045,Ishaan,Metro,2026-05-29,09:21,1200.0,Transport,GPay,Bengaluru,Success
TXN06046,Sanjay,BookMyShow,2026-05-27,12:55,958.89,Entertainment,PhonePe,Madurai,Pending
TXN06047,Sanjay,Local Store,2026-05-26,02:13,594.78,Others,Card,Tirunelveli,Failed
TXN06048,Ishaan,A2B,2026-03-03,15:53,287.25,Food,PhonePe,Trichy,Success
TXN06049,Rahul,YouTube Premium,2026-07-07,03:41,892.98,Entertainment,GPay,Madurai,Failed
TXN06050,Vishnu,Steam,2026-07-17,12:15,661.12,Entertainment,Card,Bengaluru,Failed
TXN06051,Vishnu,Cafe Coffee Day,2026-07-30,00:25,693.3,Food,Card,Coimbatore,Success
TXN06052,Swetha,Coursera,2026-04-23,15:16,1221.7,Education,PhonePe,Bengaluru,Pending
TXN06053,Priya,ACT Fibernet,2026-05-20,17:36,3288.93,Bills,Card,Madurai,Pending
TXN06054,Sanjay,Amazon Kindle,2026-03-23,06:16,2822.38,Education,GPay,Madurai,Failed
TXN06055,Anu,1mg,2026-06-30,16:22,3000.0,Health,UPI,Madurai,Success
TXN06056,Sanjay,KFC,2026-03-08,07:50,438.37,Food,PhonePe,Chennai,Success
TXN06057,Harini,TNSTC,2026-05-26,04:54,367.95,Transport,UPI,Chennai,Success
TXN06058,Ishaan,Dominos,2026-08-30,01:34,267.54,Food,PhonePe,Madurai,Failed
TXN06059,Kavi,Google Workspace,2026-04-02,20:09,3088.64,Education,Card,Madurai,Success
TXN06060,Priya,KFC,2026-03-18,10:37,241.69,Food,PhonePe,Madurai,Success
TXN06061,Deva,Cafe Coffee Day,2026-07-09,01:07,900.0,Food,PhonePe,Tenkasi,Failed
TXN06062,Nivetha,Swiggy,2026-07-21,04:32,429.06,Food,UPI,Bengaluru,Failed
TXN06063,Ishaan,KFC,2026-06-18,06:45,900.0,Food,Card,Madurai,Pending
TXN06064,Abinaya,KFC,2026-04-19,22:30,193.52,Food,Card,Bengaluru,Failed
TXN06065,Ishaan,DMart,2026-01-13,01:43,830.61,Shopping,Card,Trichy,Success
TXN06066,Meena,Dominos,2026-08-09,13:23,313.85,Food,UPI,Madurai,Success
TXN06067,Arun,BookMyShow,2026-01-03,23:12,993.92,Entertainment,PhonePe,Chennai,Success
TXN06068,Sanjay,Water Board,2026-03-23,23:17,2200.14,Bills,Card,Chennai,Failed
TXN06069,Anu,Metro,2026-06-17,11:26,443.1,Transport,GPay,Salem,Failed
TXN06070,Priya,Reliance Trends,2026-09-02,06:17,3791.13,Shopping,Card,Chennai,Success
TXN06071,Harini,Dominos,2026-03-15,11:10,408.0,Food,PhonePe,Coimbatore,Success
TXN06072,Nivetha,Dominos,2026-06-05,14:05,245.3,Food,Card,Tirunelveli,Success
TXN06073,Vishnu,Hotstar,2026-01-29,23:16,1500.0,Entertainment,PhonePe,Trichy,Success
TXN06074,Rahul,A2B,2026-05-09,14:41,123.24,Food,PhonePe,Madurai,Success
TXN06075,Harini,Dominos,2026-06-02,20:27,538.76,Food,UPI,Madurai,Success
TXN06076,Nivetha,Cafe Coffee Day,2026-09-20,13:30,481.17,Food,GPay,Chennai,Success
TXN06077,Meena,Zomato,2026-09-24,23:44,488.08,Food,Card,Tirunelveli,Pending
TXN06078,Rahul,RedBus,2026-05-09,20:37,1103.04,Transport,PhonePe,Bengaluru,Success
TXN06079,Keerthi,Rapido,2026-07-04,02:50,345.14,Transport,PhonePe,Madurai,Pending
TXN06080,Harini,Water Board,2026-02-14,07:50,1134.79,Bills,UPI,Tenkasi,Success
TXN06081,Ishaan,Steam,2026-05-01,03:27,1436.25,Entertainment,PhonePe,Madurai,Pending
TXN06082,Deva,KFC,2026-04-08,09:08,655.59,Food,GPay,Coimbatore,Success
TXN06083,Harini,Meesho,2026-04-15,16:51,6000.0,Shopping,PhonePe,Coimbatore,Pending
TXN06084,Arun,TNSTC,2026-01-02,03:06,547.99,Transport,PhonePe,Bengaluru,Pending
TXN06085,Keerthi,Steam,2026-07-17,07:20,700.09,Entertainment,GPay,Madurai,Success
TXN06086,Meena,Swiggy,2026-01-04,21:24,789.49,Food,PhonePe,Tirunelveli,Success
TXN06087,Deva,Flipkart,2026-04-21,02:29,6000.0,Shopping,UPI,Coimbatore,Success
TXN06088,Deva,Stationery Shop,2026-04-22,23:10,532.92,Others,Card,Tirunelveli,Pending
TXN06089,Ishaan,Amazon,2026-03-27,16:33,6000.0,Shopping,PhonePe,Tirunelveli,Success
TXN06090,Priya,Swiggy,2026-04-06,01:11,365.27,Food,Card,Madurai,Success
TXN06091,Priya,Swiggy,2026-02-20,22:38,535.87,Food,GPay,Tenkasi,Success
TXN06092,Rahul,Dominos,2026-01-08,00:15,649.43,Food,Card,Tenkasi,Failed
TXN06093,Abinaya,Cafe Coffee Day,2026-07-12,11:41,857.53,Food,GPay,Trichy,Success
TXN06094,Vishnu,Airtel,2026-09-29,08:08,3144.92,Bills,UPI,Trichy,Success
TXN06095,Deva,A2B,2026-07-10,02:28,494.27,Food,Card,Tirunelveli,Success
TXN06096,Ishaan,YouTube Premium,2026-03-01,03:52,1204.57,Entertainment,UPI,Trichy,Success
TXN06097,Sanjay,Meesho,2026-03-10,16:28,2530.15,Shopping,Card,Madurai,Success
TXN06098,Meena,Airtel,2026-01-28,01:35,1537.11,Bills,GPay,Bengaluru,Success
TXN06099,Deva,Reliance Trends,2026-04-14,09:39,3174.79,Shopping,GPay,Tenkasi,Failed
TXN06100,Nivetha,Metro,2026-04-15,05:43,1200.0,Transport,GPay,Coimbatore,Success
TXN06101,Harini,Apollo Pharmacy,2026-07-11,20:29,2099.33,Health,GPay,Tenkasi,Success
TXN06102,Deva,Cafe Coffee Day,2026-04-30,04:44,370.03,Food,GPay,Madurai,Failed
TXN06103,Nivetha,DMart,2026-08-19,13:07,2961.86,Shopping,PhonePe,Trichy,Pending
TXN06104,Anu,Udemy,2026-02-15,07:31,4462.36,Education,GPay,Madurai,Success
TXN06105,Kavi,Coursera,2026-05-29,05:39,3016.1,Education,UPI,Chennai,Pending
TXN06106,Keerthi,RedBus,2026-09-10,23:11,671.52,Transport,PhonePe,Trichy,Success
TXN06107,Kavi,Swiggy,2026-08-17,17:15,519.66,Food,GPay,Trichy,Success
TXN06108,Kavi,Swiggy,2026-07-30,04:37,253.23,Food,Card,Tirunelveli,Pending
TXN06109,Abinaya,KFC,2026-04-07,17:18,179.34,Food,GPay,Madurai,Success
TXN06110,Vishnu,Local Pharmacy,2026-08-15,07:58,2865.21,Health,PhonePe,Madurai,Success
TXN06111,Priya,Swiggy,2026-09-05,23:24,483.33,Food,UPI,Madurai,Success
TXN06112,Deva,A2B,2026-01-07,12:19,527.54,Food,GPay,Tenkasi,Success
TXN06113,Kavi,Spotify,2026-02-01,22:41,640.38,Entertainment,UPI,Tenkasi,Success
TXN06114,Abinaya,ACT Fibernet,2026-09-28,08:51,4000.0,Bills,UPI,Chennai,Success
TXN06115,Anu,KFC,2026-09-08,15:14,359.23,Food,UPI,Madurai,Success
TXN06116,Deva,Swiggy,2026-08-20,20:49,406.06,Food,UPI,Tirunelveli,Success
TXN06117,Abinaya,Dominos,2026-08-19,13:24,863.29,Food,PhonePe,Trichy,Success
TXN06118,Sanjay,PharmEasy,2026-09-19,07:55,394.4,Health,GPay,Madurai,Success
TXN06119,Anu,Local Store,2026-09-12,05:34,789.41,Others,GPay,Trichy,Success
TXN06120,Priya,TNSTC,2026-03-12,18:43,696.17,Transport,Card,Chennai,Success
TXN06121,Arun,Spotify,2026-01-06,12:19,389.89,Entertainment,PhonePe,Madurai,Success
TXN06122,Kavi,Amazon,2026-05-11,00:56,1916.02,Shopping,GPay,Trichy,Success
TXN06123,Keerthi,Local Pharmacy,2026-01-16,02:29,696.51,Health,Card,Madurai,Failed
TXN06124,Arun,Reliance Trends,2026-06-05,01:24,3248.07,Shopping,GPay,Madurai,Success
TXN06125,Anu,College Fees,2026-05-20,16:12,2818.93,Education,Card,Madurai,Pending
TXN06126,Nivetha,Swiggy,2026-07-21,09:16,531.84,Food,GPay,Madurai,Pending
TXN06127,Anu,Reliance Trends,2026-08-12,17:24,2706.74,Shopping,Card,Bengaluru,Failed
TXN06128,Harini,Water Board,2026-05-11,01:54,1879.67,Bills,GPay,Bengaluru,Success
TXN06129,Nivetha,Dominos,2026-06-02,18:32,331.64,Food,GPay,Tenkasi,Success
TXN06130,Kavi,Cafe Coffee Day,2026-02-01,04:14,385.58,Food,GPay,Bengaluru,Failed
TXN06131,Swetha,Swiggy,2026-07-28,17:03,235.01,Food,UPI,Bengaluru,Success
TXN06132,Harini,Metro,2026-06-23,04:24,757.25,Transport,Card,Chennai,Success
TXN06133,Arun,ACT Fibernet,2026-09-05,01:19,3234.99,Bills,GPay,Chennai,Success
TXN06134,Priya,Reliance Trends,2026-06-06,11:18,2836.24,Shopping,Card,Tirunelveli,Success
TXN06135,Keerthi,Uber,2026-03-08,05:12,558.39,Transport,Card,Salem,Success
TXN06136,Deva,Cafe Coffee Day,2026-06-29,07:51,497.39,Food,UPI,Coimbatore,Pending
TXN06137,Rahul,YouTube Premium,2026-08-24,22:25,1500.0,Entertainment,PhonePe,Coimbatore,Success
TXN06138,Anu,1mg,2026-06-30,21:42,1484.97,Health,PhonePe,Salem,Success
TXN06139,Sanjay,RedBus,2026-08-31,08:02,621.3,Transport,UPI,Trichy,Failed
TXN06140,Nivetha,Local Store,2026-03-29,21:08,2000.0,Others,PhonePe,Coimbatore,Success
TXN06141,Keerthi,Water Board,2026-06-23,23:54,1848.75,Bills,PhonePe,Bengaluru,Pending
TXN06142,Keerthi,College Fees,2026-05-11,01:01,3124.73,Education,GPay,Trichy,Success
TXN06143,Deva,KFC,2026-08-05,06:40,556.98,Food,Card,Coimbatore,Pending
TXN06144,Arun,Cafe Coffee Day,2026-05-27,18:13,390.06,Food,UPI,Tirunelveli,Success
TXN06145,Ishaan,Rapido,2026-04-30,10:53,774.27,Transport,Card,Madurai,Success
TXN06146,Swetha,Metro,2026-05-03,20:34,286.82,Transport,UPI,Chennai,Success
TXN06147,Meena,Netflix,2026-08-21,13:49,724.79,Entertainment,Card,Trichy,Pending
TXN06148,Swetha,Airtel,2026-06-20,07:42,1277.77,Bills,Card,Bengaluru,Success
TXN06149,Vishnu,Airtel,2026-03-22,01:55,2650.11,Bills,GPay,Chennai,Success
TXN06150,Harini,Coursera,2026-01-31,03:58,1112.26,Education,PhonePe,Chennai,Success
TXN06151,Nivetha,A2B,2026-07-23,23:32,675.15,Food,GPay,Salem,Success
TXN06152,Ishaan,Zomato,2026-08-01,07:13,118.87,Food,UPI,Salem,Success
TXN06153,Priya,Dominos,2026-04-22,06:39,578.37,Food,Card,Tirunelveli,Success
TXN06154,Rahul,A2B,2026-07-06,12:23,266.37,Food,UPI,Madurai,Success
TXN06155,Kavi,Cafe Coffee Day,2026-05-19,09:54,339.42,Food,UPI,Trichy,Success
TXN06156,Kavi,Zomato,2026-05-16,19:39,414.76,Food,Card,Madurai,Success
TXN06157,Ishaan,PharmEasy,2026-05-28,05:41,3000.0,Health,UPI,Bengaluru,Success
TXN06158,Sanjay,Amazon,2026-06-03,12:55,1732.94,Shopping,UPI,Coimbatore,Success
TXN06159,Meena,Zomato,2026-03-24,21:18,462.81,Food,UPI,Madurai,Success
TXN06160,Kavi,Jio,2026-09-09,21:54,4000.0,Bills,Card,Bengaluru,Success
TXN06161,Priya,RedBus,2026-04-02,20:01,620.53,Transport,Card,Salem,Success
TXN06162,Keerthi,RedBus,2026-05-10,15:03,822.74,Transport,Card,Coimbatore,Success
TXN06163,Anu,Udemy,2026-03-02,12:17,4574.13,Education,Card,Madurai,Success
TXN06164,Vishnu,Zomato,2026-03-03,08:54,335.38,Food,Card,Madurai,Success
TXN06165,Sanjay,Myntra,2026-09-03,19:24,2330.14,Shopping,PhonePe,Madurai,Success
TXN06166,Keerthi,1mg,2026-06-23,15:53,860.59,Health,PhonePe,Trichy,Success
TXN06167,Priya,KFC,2026-01-14,17:10,900.0,Food,PhonePe,Madurai,Success
TXN06168,Priya,Swiggy,2026-09-02,18:15,900.0,Food,UPI,Madurai,Success
TXN06169,Sanjay,Metro,2026-06-07,07:01,298.55,Transport,Card,Tirunelveli,Success
TXN06170,Vishnu,Coursera,2026-08-01,00:27,2978.28,Education,UPI,Tenkasi,Pending
TXN06171,Harini,Temple,2026-01-14,12:53,728.79,Others,Card,Trichy,Success
TXN06172,Sanjay,RedBus,2026-02-22,05:01,454.79,Transport,Card,Chennai,Success
TXN06173,Meena,Coursera,2026-06-23,00:18,3555.54,Education,GPay,Salem,Success
TXN06174,Kavi,TNSTC,2026-02-12,11:56,633.18,Transport,UPI,Salem,Success
TXN06175,Abinaya,RedBus,2026-01-02,04:44,804.13,Transport,PhonePe,Madurai,Success
TXN06176,Deva,Miscellaneous,2026-05-11,01:47,2000.0,Others,GPay,Madurai,Success
TXN06177,Keerthi,Spotify,2026-08-01,17:27,950.73,Entertainment,PhonePe,Bengaluru,Failed
TXN06178,Sanjay,Udemy,2026-07-20,02:43,3629.52,Education,PhonePe,Madurai,Success
TXN06179,Nivetha,A2B,2026-07-10,01:15,815.75,Food,UPI,Trichy,Success
TXN06180,Arun,Dominos,2026-08-20,17:14,320.48,Food,Card,Chennai,Failed
TXN06181,Priya,Myntra,2026-02-04,09:45,4578.89,Shopping,GPay,Madurai,Pending
TXN06182,Ishaan,Swiggy,2026-07-20,00:28,343.06,Food,PhonePe,Tirunelveli,Success
TXN06183,Deva,Electricity Board,2026-08-05,02:18,1056.58,Bills,PhonePe,Salem,Success
TXN06184,Anu,DMart,2026-06-14,20:26,3837.25,Shopping,PhonePe,Coimbatore,Failed
TXN06185,Vishnu,Cafe Coffee Day,2026-08-29,23:48,252.14,Food,Card,Coimbatore,Success
TXN06186,Deva,Dominos,2026-09-15,05:49,224.14,Food,Card,Salem,Pending
TXN06187,Deva,Salon,2026-09-02,19:37,1048.97,Others,UPI,Madurai,Success
TXN06188,Sanjay,TNSTC,2026-08-16,14:49,559.32,Transport,PhonePe,Tirunelveli,Success
TXN06189,Rahul,Netflix,2026-07-08,20:01,1500.0,Entertainment,GPay,Chennai,Success
TXN06190,Arun,Spotify,2026-01-03,09:34,427.64,Entertainment,GPay,Madurai,Success
TXN06191,Arun,Spotify,2026-08-11,00:52,954.12,Entertainment,PhonePe,Madurai,Success
TXN06192,Meena,Zomato,2026-07-16,14:31,304.21,Food,Card,Chennai,Failed
TXN06193,Abinaya,Cafe Coffee Day,2026-07-02,10:29,203.39,Food,Card,Salem,Success
TXN06194,Rahul,Metro,2026-09-06,11:08,210.22,Transport,Card,Salem,Success
TXN06195,Swetha,Netflix,2026-09-14,09:55,435.47,Entertainment,GPay,Madurai,Success
TXN06196,Harini,Zomato,2026-06-09,22:22,250.63,Food,PhonePe,Madurai,Success
TXN06197,Keerthi,YouTube Premium,2026-05-23,11:47,278.21,Entertainment,GPay,Madurai,Success
TXN06198,Ishaan,Hotstar,2026-04-30,10:58,1286.25,Entertainment,UPI,Madurai,Failed
TXN06199,Anu,Meesho,2026-05-06,16:03,5758.86,Shopping,PhonePe,Madurai,Success
TXN06200,Swetha,BookMyShow,2026-08-17,14:14,145.48,Entertainment,UPI,Trichy,Success
TXN06201,Keerthi,Steam,2026-04-25,16:35,533.25,Entertainment,UPI,Chennai,Success
TXN06202,Meena,A2B,2026-03-21,11:16,370.49,Food,UPI,Tirunelveli,Pending
TXN06203,Priya,Netflix,2026-05-29,14:18,699.58,Entertainment,UPI,Madurai,Pending
TXN06204,Swetha,Dominos,2026-09-09,11:04,814.65,Food,GPay,Coimbatore,Success
TXN06205,Vishnu,Udemy,2026-03-31,21:12,4519.35,Education,Card,Madurai,Failed
TXN06206,Arun,A2B,2026-03-24,07:08,555.2,Food,Card,Trichy,Success
TXN06207,Harini,KFC,2026-01-31,07:38,544.86,Food,GPay,Coimbatore,Success
TXN06208,Meena,Cafe Coffee Day,2026-01-01,02:00,354.08,Food,GPay,Chennai,Success
TXN06209,Ishaan,Reliance Trends,2026-02-12,04:23,1057.6,Shopping,UPI,Trichy,Failed
TXN06210,Priya,ACT Fibernet,2026-06-13,07:33,1779.04,Bills,UPI,Chennai,Success
TXN06211,Meena,Cafe Coffee Day,2026-09-04,12:48,900.0,Food,PhonePe,Chennai,Pending
TXN06212,Deva,Cafe Coffee Day,2026-02-06,10:39,328.32,Food,UPI,Chennai,Success
TXN06213,Nivetha,Spotify,2026-05-19,02:01,653.1,Entertainment,PhonePe,Chennai,Success
TXN06214,Anu,Reliance Trends,2026-04-15,08:59,4686.58,Shopping,Card,Madurai,Success
TXN06215,Kavi,Dominos,2026-09-11,06:26,375.47,Food,Card,Madurai,Failed
TXN06216,Priya,TNSTC,2026-04-07,22:29,537.88,Transport,Card,Coimbatore,Success
TXN06217,Nivetha,Airtel,2026-02-03,16:25,3205.51,Bills,UPI,Coimbatore,Success
TXN06218,Swetha,Uber,2026-05-06,06:54,210.14,Transport,Card,Salem,Success
TXN06219,Swetha,Metro,2026-07-11,09:57,323.9,Transport,GPay,Tenkasi,Failed
TXN06220,Kavi,A2B,2026-08-03,22:16,900.0,Food,UPI,Coimbatore,Success
TXN06221,Abinaya,Meesho,2026-04-12,02:58,4729.64,Shopping,GPay,Tenkasi,Pending
TXN06222,Rahul,Flipkart,2026-03-23,23:21,5111.59,Shopping,GPay,Salem,Pending
TXN06223,Abinaya,Uber,2026-07-31,17:01,715.95,Transport,Card,Coimbatore,Success
TXN06224,Swetha,Electricity Board,2026-06-25,15:34,2588.96,Bills,PhonePe,Chennai,Success
TXN06225,Ishaan,Electricity Board,2026-01-30,07:06,1474.25,Bills,UPI,Chennai,Success
TXN06226,Keerthi,ACT Fibernet,2026-06-19,23:45,4000.0,Bills,GPay,Bengaluru,Failed
TXN06227,Deva,PharmEasy,2026-01-26,04:46,1316.44,Health,GPay,Chennai,Success
TXN06228,Arun,Dominos,2026-04-16,08:01,795.82,Food,UPI,Madurai,Success
TXN06229,Meena,Swiggy,2026-05-08,06:26,361.95,Food,PhonePe,Tenkasi,Success
TXN06230,Keerthi,DMart,2026-02-05,10:37,2148.05,Shopping,UPI,Madurai,Pending
TXN06231,Meena,Steam,2026-01-12,04:53,784.64,Entertainment,GPay,Chennai,Success
TXN06232,Ishaan,Meesho,2026-01-08,13:09,3594.1,Shopping,PhonePe,Madurai,Success
TXN06233,Ishaan,Meesho,2026-03-05,10:08,6000.0,Shopping,UPI,Trichy,Pending
TXN06234,Vishnu,A2B,2026-02-24,14:20,900.0,Food,Card,Coimbatore,Success
TXN06235,Meena,A2B,2026-03-11,15:28,279.56,Food,UPI,Bengaluru,Pending
TXN06236,Rahul,HealthPlus,2026-05-25,01:49,2208.95,Health,PhonePe,Madurai,Failed
TXN06237,Arun,Local Pharmacy,2026-06-26,05:43,1605.58,Health,Card,Chennai,Success
TXN06238,Abinaya,Cafe Coffee Day,2026-04-16,15:29,177.64,Food,UPI,Madurai,Failed
TXN06239,Swetha,College Fees,2026-04-03,18:19,5000.0,Education,UPI,Madurai,Failed
TXN06240,Meena,A2B,2026-06-03,20:35,378.22,Food,GPay,Bengaluru,Failed
TXN06241,Kavi,A2B,2026-02-04,23:54,366.57,Food,UPI,Chennai,Failed
TXN06242,Ishaan,Salon,2026-05-31,10:11,2000.0,Others,Card,Chennai,Pending
TXN06243,Ishaan,Dominos,2026-01-04,01:01,453.38,Food,PhonePe,Tirunelveli,Success
TXN06244,Kavi,ACT Fibernet,2026-03-21,17:57,3933.56,Bills,PhonePe,Bengaluru,Success
TXN06245,Rahul,Electricity Board,2026-09-10,00:19,1814.36,Bills,UPI,Coimbatore,Success
TXN06246,Meena,Gift,2026-06-27,01:32,1337.9,Others,Card,Coimbatore,Failed
TXN06247,Keerthi,Swiggy,2026-01-23,21:01,437.21,Food,Card,Trichy,Success
TXN06248,Harini,Airtel,2026-03-07,17:11,1333.58,Bills,UPI,Coimbatore,Success
TXN06249,Abinaya,Metro,2026-02-09,15:45,825.86,Transport,UPI,Madurai,Pending
TXN06250,Keerthi,Dominos,2026-05-19,23:55,717.21,Food,Card,Trichy,Success
TXN06251,Abinaya,Temple,2026-02-20,07:33,1015.82,Others,GPay,Tenkasi,Success
TXN06252,Ishaan,Metro,2026-03-07,23:23,211.84,Transport,Card,Madurai,Failed
TXN06253,Kavi,Cafe Coffee Day,2026-09-04,11:02,251.75,Food,UPI,Chennai,Success
TXN06254,Rahul,Zomato,2026-09-15,22:45,352.25,Food,PhonePe,Chennai,Pending
TXN06255,Vishnu,Zomato,2026-09-15,11:33,900.0,Food,Card,Madurai,Success
TXN06256,Anu,Amazon,2026-09-24,17:20,2986.69,Shopping,Card,Trichy,Success
TXN06257,Anu,Apollo Pharmacy,2026-06-16,12:27,3000.0,Health,Card,Chennai,Success
TXN06258,Sanjay,BookMyShow,2026-06-04,01:28,1401.82,Entertainment,Card,Chennai,Success
TXN06259,Deva,RedBus,2026-05-09,13:54,478.97,Transport,PhonePe,Chennai,Success
TXN06260,Anu,Jio,2026-03-03,23:44,2316.28,Bills,UPI,Coimbatore,Success
TXN06261,Kavi,College Fees,2026-04-17,20:02,3989.83,Education,GPay,Salem,Success
TXN06262,Harini,A2B,2026-05-14,12:40,309.98,Food,PhonePe,Bengaluru,Success
TXN06263,Meena,Swiggy,2026-07-26,02:17,695.42,Food,Card,Madurai,Failed
TXN06264,Priya,KFC,2026-08-08,19:22,647.01,Food,PhonePe,Madurai,Pending
TXN06265,Vishnu,Meesho,2026-07-18,19:47,1971.61,Shopping,UPI,Trichy,Failed
TXN06266,Meena,BookMyShow,2026-09-17,21:25,1041.25,Entertainment,Card,Chennai,Failed
TXN06267,Harini,KFC,2026-08-06,07:39,444.52,Food,GPay,Trichy,Failed
TXN06268,Anu,Netflix,2026-04-15,13:16,383.83,Entertainment,GPay,Madurai,Success
TXN06269,Keerthi,KFC,2026-06-27,19:13,352.26,Food,PhonePe,Tirunelveli,Success
TXN06270,Kavi,Cafe Coffee Day,2026-01-03,04:06,345.71,Food,PhonePe,Chennai,Success
TXN06271,Rahul,Zomato,2026-09-07,13:19,900.0,Food,GPay,Madurai,Success
TXN06272,Kavi,Ola,2026-09-15,14:30,332.17,Transport,GPay,Trichy,Failed
TXN06273,Rahul,Udemy,2026-07-05,22:46,1797.3,Education,GPay,Bengaluru,Failed
TXN06274,Deva,A2B,2026-03-18,05:55,580.47,Food,GPay,Tirunelveli,Success
TXN06275,Abinaya,Airtel,2026-08-29,07:02,2136.42,Bills,UPI,Chennai,Success
TXN06276,Nivetha,DMart,2026-07-20,21:10,2758.48,Shopping,Card,Chennai,Success
TXN06277,Ishaan,Miscellaneous,2026-01-01,10:10,901.5,Others,UPI,Madurai,Success
TXN06278,Vishnu,Uber,2026-03-23,16:00,1028.9,Transport,GPay,Bengaluru,Success
TXN06279,Abinaya,Zomato,2026-09-26,05:56,304.67,Food,PhonePe,Madurai,Success
TXN06280,Rahul,Miscellaneous,2026-06-16,04:20,567.24,Others,Card,Chennai,Success
TXN06281,Nivetha,DMart,2026-02-11,03:57,1044.89,Shopping,UPI,Madurai,Success
TXN06282,Meena,KFC,2026-05-05,18:26,362.13,Food,PhonePe,Trichy,Success
TXN06283,Sanjay,Swiggy,2026-07-31,04:44,231.81,Food,UPI,Salem,Failed
TXN06284,Kavi,Metro,2026-02-02,03:30,517.65,Transport,PhonePe,Coimbatore,Pending
TXN06285,Sanjay,Swiggy,2026-09-06,20:34,182.53,Food,GPay,Bengaluru,Success
TXN06286,Swetha,Uber,2026-07-17,13:25,513.61,Transport,Card,Bengaluru,Success
TXN06287,Harini,Zomato,2026-03-31,17:18,554.56,Food,UPI,Tenkasi,Success
TXN06288,Sanjay,Uber,2026-09-21,09:33,600.05,Transport,Card,Madurai,Success
TXN06289,Abinaya,ACT Fibernet,2026-01-26,05:54,2916.39,Bills,Card,Madurai,Failed
TXN06290,Ishaan,Water Board,2026-09-09,12:19,3852.43,Bills,GPay,Bengaluru,Success
TXN06291,Anu,Zomato,2026-02-25,22:31,546.37,Food,PhonePe,Tenkasi,Pending
TXN06292,Priya,Udemy,2026-08-18,23:30,2545.71,Education,UPI,Trichy,Success
TXN06293,Harini,Local Store,2026-06-25,01:37,1274.8,Others,GPay,Chennai,Failed
TXN06294,Deva,Steam,2026-08-21,18:57,947.65,Entertainment,Card,Madurai,Failed
TXN06295,Rahul,Coursera,2026-07-23,11:15,4011.06,Education,PhonePe,Tirunelveli,Pending
TXN06296,Ishaan,Airtel,2026-02-06,17:05,2125.86,Bills,UPI,Salem,Failed
TXN06297,Priya,ACT Fibernet,2026-09-15,05:46,1068.12,Bills,PhonePe,Tirunelveli,Failed
TXN06298,Keerthi,Swiggy,2026-05-22,20:02,846.1,Food,UPI,Trichy,Success
TXN06299,Rahul,Local Pharmacy,2026-02-15,08:23,614.88,Health,UPI,Coimbatore,Failed
TXN06300,Nivetha,Dominos,2026-07-31,11:49,695.36,Food,UPI,Madurai,Success
TXN06301,Meena,Airtel,2026-07-18,03:42,2573.11,Bills,PhonePe,Salem,Success
TXN06302,Sanjay,Hotstar,2026-01-13,04:28,1006.47,Entertainment,UPI,Chennai,Pending
TXN06303,Ishaan,RedBus,2026-06-01,06:28,639.89,Transport,UPI,Coimbatore,Failed
TXN06304,Vishnu,DMart,2026-06-13,15:38,6000.0,Shopping,UPI,Trichy,Pending
TXN06305,Vishnu,Local Pharmacy,2026-02-09,08:06,1053.65,Health,Card,Tirunelveli,Success
TXN06306,Meena,Google Workspace,2026-06-24,00:33,2422.71,Education,UPI,Salem,Pending
TXN06307,Keerthi,DMart,2026-07-08,20:17,6000.0,Shopping,GPay,Salem,Pending
TXN06308,Nivetha,Rapido,2026-04-07,04:50,788.35,Transport,Card,Chennai,Failed
TXN06309,Arun,Flipkart,2026-04-07,13:05,3966.32,Shopping,UPI,Trichy,Failed
TXN06310,Keerthi,Swiggy,2026-03-20,21:44,900.0,Food,UPI,Madurai,Success
TXN06311,Abinaya,Meesho,2026-06-17,22:54,6000.0,Shopping,GPay,Chennai,Failed
TXN06312,Harini,Flipkart,2026-01-22,14:57,4674.15,Shopping,Card,Madurai,Failed
TXN06313,Abinaya,Stationery Shop,2026-04-20,18:47,2000.0,Others,GPay,Tenkasi,Success
TXN06314,Kavi,KFC,2026-08-07,13:31,600.17,Food,PhonePe,Bengaluru,Success
TXN06315,Harini,TNSTC,2026-01-09,06:48,932.87,Transport,Card,Bengaluru,Success
TXN06316,Rahul,Cafe Coffee Day,2026-04-25,12:48,808.48,Food,UPI,Madurai,Failed
TXN06317,Harini,Myntra,2026-02-21,19:46,6000.0,Shopping,Card,Coimbatore,Pending
TXN06318,Nivetha,Metro,2026-06-16,16:44,377.49,Transport,Card,Madurai,Pending
TXN06319,Vishnu,YouTube Premium,2026-07-28,16:41,395.81,Entertainment,PhonePe,Salem,Failed
TXN06320,Abinaya,TNSTC,2026-04-14,20:30,326.66,Transport,Card,Chennai,Success
TXN06321,Kavi,Zomato,2026-06-24,09:14,363.3,Food,GPay,Chennai,Failed
TXN06322,Keerthi,TNSTC,2026-05-04,22:33,1080.49,Transport,Card,Coimbatore,Pending
TXN06323,Swetha,Apollo Pharmacy,2026-03-05,01:59,3000.0,Health,Card,Chennai,Failed
TXN06324,Anu,Stationery Shop,2026-04-01,14:25,891.07,Others,GPay,Madurai,Success
TXN06325,Priya,Electricity Board,2026-01-25,23:25,1960.16,Bills,Card,Chennai,Failed
TXN06326,Arun,Gift,2026-01-08,03:05,502.74,Others,GPay,Chennai,Success
TXN06327,Harini,Rapido,2026-08-28,00:26,320.63,Transport,UPI,Madurai,Failed
TXN06328,Abinaya,Swiggy,2026-08-19,07:09,357.26,Food,GPay,Madurai,Success
TXN06329,Meena,Google Workspace,2026-08-14,07:54,1719.55,Education,UPI,Bengaluru,Success
TXN06330,Ishaan,Cafe Coffee Day,2026-07-25,19:32,722.64,Food,UPI,Trichy,Success
TXN06331,Vishnu,Stationery Shop,2026-05-22,03:34,501.44,Others,GPay,Coimbatore,Failed
TXN06332,Kavi,1mg,2026-07-13,16:59,846.56,Health,UPI,Coimbatore,Failed
TXN06333,Meena,Amazon,2026-01-07,11:57,3637.67,Shopping,GPay,Madurai,Success
TXN06334,Priya,Local Store,2026-03-31,12:14,897.4,Others,UPI,Bengaluru,Pending
TXN06335,Kavi,Cafe Coffee Day,2026-06-30,20:31,397.33,Food,GPay,Madurai,Success
TXN06336,Vishnu,Myntra,2026-05-25,02:09,5360.45,Shopping,UPI,Trichy,Success
TXN06337,Anu,1mg,2026-04-27,04:45,1321.93,Health,GPay,Coimbatore,Pending
TXN06338,Meena,Ola,2026-08-03,15:58,627.05,Transport,Card,Coimbatore,Pending
TXN06339,Vishnu,Dominos,2026-09-26,19:42,359.06,Food,Card,Chennai,Success
TXN06340,Keerthi,ACT Fibernet,2026-06-08,00:34,1963.04,Bills,GPay,Bengaluru,Success
TXN06341,Deva,Cafe Coffee Day,2026-04-22,18:13,737.2,Food,Card,Coimbatore,Failed
TXN06342,Ishaan,College Fees,2026-09-28,03:24,2089.67,Education,PhonePe,Madurai,Success
TXN06343,Deva,KFC,2026-04-15,21:37,520.27,Food,PhonePe,Chennai,Pending
TXN06344,Vishnu,RedBus,2026-01-05,06:09,502.66,Transport,Card,Trichy,Pending
TXN06345,Swetha,College Fees,2026-08-30,04:10,860.48,Education,PhonePe,Chennai,Success
TXN06346,Keerthi,Rapido,2026-06-16,04:00,416.65,Transport,GPay,Chennai,Failed
TXN06347,Deva,Udemy,2026-08-29,17:23,1939.36,Education,GPay,Tirunelveli,Success
TXN06348,Abinaya,TNSTC,2026-08-20,16:50,624.06,Transport,Card,Chennai,Success
TXN06349,Arun,Jio,2026-04-27,02:00,2872.56,Bills,PhonePe,Madurai,Success
TXN06350,Meena,Spotify,2026-08-13,09:12,720.46,Entertainment,Card,Bengaluru,Success
TXN06351,Anu,Apollo Pharmacy,2026-01-07,07:08,1237.24,Health,PhonePe,Coimbatore,Success
TXN06352,Abinaya,Dominos,2026-09-04,03:46,541.68,Food,Card,Chennai,Failed
TXN06353,Vishnu,RedBus,2026-08-30,22:36,608.31,Transport,UPI,Tenkasi,Failed
TXN06354,Harini,Ola,2026-04-07,13:49,302.62,Transport,Card,Chennai,Success
TXN06355,Arun,Local Store,2026-07-06,03:14,2000.0,Others,Card,Salem,Success
TXN06356,Nivetha,Miscellaneous,2026-07-02,06:03,846.42,Others,PhonePe,Chennai,Success
TXN06357,Rahul,ACT Fibernet,2026-09-23,18:09,2052.27,Bills,UPI,Trichy,Pending
TXN06358,Vishnu,Ola,2026-01-25,03:50,274.05,Transport,Card,Chennai,Pending
TXN06359,Anu,RedBus,2026-06-11,14:46,1112.37,Transport,GPay,Bengaluru,Success
TXN06360,Keerthi,TNSTC,2026-06-26,02:32,477.64,Transport,PhonePe,Madurai,Failed
TXN06361,Rahul,Myntra,2026-01-19,22:09,6000.0,Shopping,Card,Chennai,Success
TXN06362,Abinaya,A2B,2026-04-14,17:12,452.74,Food,GPay,Tenkasi,Failed
TXN06363,Deva,DMart,2026-08-11,11:02,4109.55,Shopping,PhonePe,Bengaluru,Success
TXN06364,Abinaya,Metro,2026-09-18,14:37,500.68,Transport,Card,Madurai,Success
TXN06365,Deva,Uber,2026-06-26,12:51,313.46,Transport,UPI,Bengaluru,Pending
TXN06366,Nivetha,Zomato,2026-03-19,08:20,579.33,Food,PhonePe,Madurai,Failed
TXN06367,Arun,Rapido,2026-05-23,10:57,753.51,Transport,UPI,Bengaluru,Success
TXN06368,Abinaya,Meesho,2026-08-29,18:06,930.81,Shopping,UPI,Chennai,Success
TXN06369,Priya,DMart,2026-04-14,05:40,1494.02,Shopping,GPay,Chennai,Pending
TXN06370,Sanjay,A2B,2026-02-15,12:53,838.47,Food,PhonePe,Trichy,Success
TXN06371,Sanjay,Coursera,2026-09-19,21:34,2006.71,Education,Card,Coimbatore,Success
TXN06372,Arun,TNSTC,2026-08-02,06:08,881.47,Transport,UPI,Bengaluru,Success
TXN06373,Sanjay,Flipkart,2026-06-26,22:14,6000.0,Shopping,PhonePe,Chennai,Pending
TXN06374,Rahul,A2B,2026-04-05,14:06,596.44,Food,Card,Coimbatore,Pending
TXN06375,Kavi,Hotstar,2026-03-21,06:06,776.95,Entertainment,PhonePe,Coimbatore,Success
TXN06376,Ishaan,Water Board,2026-04-25,04:45,1397.7,Bills,PhonePe,Madurai,Pending
TXN06377,Swetha,RedBus,2026-06-28,08:12,710.18,Transport,Card,Trichy,Success
TXN06378,Arun,Metro,2026-07-04,09:22,756.03,Transport,GPay,Madurai,Failed
TXN06379,Anu,A2B,2026-09-29,08:09,483.38,Food,PhonePe,Madurai,Success
TXN06380,Ishaan,Jio,2026-06-27,13:43,3043.7,Bills,GPay,Tirunelveli,Success
TXN06381,Abinaya,Ola,2026-03-19,14:42,327.74,Transport,PhonePe,Madurai,Failed
TXN06382,Deva,Dominos,2026-01-05,10:31,488.32,Food,UPI,Chennai,Failed
TXN06383,Arun,Meesho,2026-08-15,03:25,2995.36,Shopping,Card,Tirunelveli,Success
TXN06384,Vishnu,TNSTC,2026-03-13,03:09,446.39,Transport,Card,Tirunelveli,Pending
TXN06385,Priya,Udemy,2026-09-26,14:15,3123.11,Education,UPI,Tirunelveli,Success
TXN06386,Vishnu,Zomato,2026-05-30,21:20,238.81,Food,UPI,Coimbatore,Success
TXN06387,Ishaan,Udemy,2026-09-26,18:22,1680.17,Education,GPay,Chennai,Pending
TXN06388,Deva,Airtel,2026-08-13,06:02,4000.0,Bills,PhonePe,Madurai,Success
TXN06389,Arun,HealthPlus,2026-08-28,22:40,1267.93,Health,UPI,Tirunelveli,Success
TXN06390,Harini,Zomato,2026-05-05,00:33,418.28,Food,Card,Madurai,Success
TXN06391,Ishaan,Google Workspace,2026-03-22,13:27,3214.43,Education,GPay,Chennai,Success
TXN06392,Meena,Spotify,2026-07-27,10:38,1058.56,Entertainment,PhonePe,Tirunelveli,Success
TXN06393,Abinaya,Reliance Trends,2026-09-13,09:36,1975.77,Shopping,UPI,Coimbatore,Pending
TXN06394,Kavi,Water Board,2026-05-11,22:15,4000.0,Bills,Card,Tenkasi,Success
TXN06395,Deva,Steam,2026-02-18,02:05,964.55,Entertainment,GPay,Salem,Success
TXN06396,Harini,Jio,2026-04-02,04:54,4000.0,Bills,Card,Chennai,Success
TXN06397,Ishaan,KFC,2026-02-07,09:54,900.0,Food,UPI,Chennai,Success
TXN06398,Meena,Amazon,2026-07-13,05:11,2261.3,Shopping,Card,Tenkasi,Failed
TXN06399,Keerthi,Airtel,2026-01-01,17:27,1052.09,Bills,GPay,Coimbatore,Success
TXN06400,Meena,ACT Fibernet,2026-08-01,01:29,933.87,Bills,GPay,Chennai,Success
TXN06401,Sanjay,Metro,2026-01-04,10:06,196.01,Transport,PhonePe,Tirunelveli,Success
TXN06402,Arun,Dominos,2026-05-15,20:54,524.78,Food,GPay,Madurai,Success
TXN06403,Anu,Steam,2026-07-14,04:34,564.14,Entertainment,GPay,Madurai,Pending
TXN06404,Ishaan,YouTube Premium,2026-07-19,21:23,1095.31,Entertainment,GPay,Madurai,Success
TXN06405,Meena,Meesho,2026-04-24,05:02,2227.36,Shopping,UPI,Coimbatore,Success
TXN06406,Harini,Uber,2026-05-21,05:13,392.7,Transport,PhonePe,Chennai,Pending
TXN06407,Swetha,Spotify,2026-05-17,08:40,1056.79,Entertainment,PhonePe,Coimbatore,Success
TXN06408,Rahul,Coursera,2026-01-08,23:27,5000.0,Education,GPay,Madurai,Pending
TXN06409,Swetha,College Fees,2026-03-28,08:19,5000.0,Education,UPI,Madurai,Success
TXN06410,Sanjay,Metro,2026-01-16,14:31,820.82,Transport,UPI,Madurai,Pending
TXN06411,Rahul,Electricity Board,2026-04-24,22:25,3927.25,Bills,UPI,Madurai,Success
TXN06412,Swetha,Flipkart,2026-08-22,19:37,3860.2,Shopping,GPay,Madurai,Success
TXN06413,Anu,A2B,2026-03-26,09:59,142.51,Food,GPay,Madurai,Success
TXN06414,Priya,Hotstar,2026-02-06,12:10,1183.98,Entertainment,PhonePe,Madurai,Failed
TXN06415,Priya,Metro,2026-02-26,15:02,805.06,Transport,UPI,Madurai,Success
TXN06416,Meena,BookMyShow,2026-08-09,05:40,1329.14,Entertainment,PhonePe,Madurai,Success
TXN06417,Abinaya,A2B,2026-04-27,04:38,330.42,Food,GPay,Salem,Success
TXN06418,Nivetha,Myntra,2026-06-01,08:08,5601.81,Shopping,GPay,Salem,Success
TXN06419,Deva,Swiggy,2026-01-24,05:44,248.61,Food,PhonePe,Tirunelveli,Success
TXN06420,Ishaan,Meesho,2026-04-28,17:15,3295.31,Shopping,PhonePe,Tenkasi,Success
TXN06421,Ishaan,YouTube Premium,2026-07-21,12:06,785.28,Entertainment,PhonePe,Madurai,Success
TXN06422,Deva,ACT Fibernet,2026-07-02,17:54,535.68,Bills,UPI,Coimbatore,Success
TXN06423,Deva,Swiggy,2026-07-30,21:51,350.06,Food,GPay,Madurai,Failed
TXN06424,Vishnu,A2B,2026-05-06,04:22,610.2,Food,Card,Madurai,Pending
TXN06425,Sanjay,KFC,2026-06-20,01:57,354.87,Food,UPI,Madurai,Success
TXN06426,Keerthi,ACT Fibernet,2026-02-24,11:25,4000.0,Bills,Card,Tenkasi,Pending
TXN06427,Abinaya,Reliance Trends,2026-03-06,07:12,3441.82,Shopping,GPay,Tirunelveli,Failed
TXN06428,Rahul,Dominos,2026-01-27,16:29,403.81,Food,GPay,Madurai,Failed
TXN06429,Ishaan,Rapido,2026-02-24,23:36,1124.12,Transport,PhonePe,Madurai,Failed
TXN06430,Rahul,Swiggy,2026-01-06,01:00,371.42,Food,UPI,Madurai,Pending
TXN06431,Nivetha,Udemy,2026-09-16,23:28,1419.33,Education,Card,Madurai,Failed
TXN06432,Keerthi,Rapido,2026-09-07,07:06,834.6,Transport,Card,Bengaluru,Success
TXN06433,Ishaan,Dominos,2026-07-13,00:10,236.5,Food,Card,Tirunelveli,Success
TXN06434,Priya,BookMyShow,2026-01-30,09:58,609.58,Entertainment,Card,Madurai,Pending
TXN06435,Ishaan,Temple,2026-02-24,18:32,1028.55,Others,GPay,Madurai,Failed
TXN06436,Deva,Amazon,2026-03-20,12:08,2625.27,Shopping,PhonePe,Chennai,Failed
TXN06437,Swetha,1mg,2026-06-06,07:22,3000.0,Health,UPI,Coimbatore,Success
TXN06438,Deva,RedBus,2026-01-10,04:40,776.63,Transport,GPay,Tirunelveli,Success
TXN06439,Arun,Dominos,2026-08-14,12:44,438.47,Food,UPI,Tirunelveli,Success
TXN06440,Nivetha,Zomato,2026-05-29,19:04,335.37,Food,Card,Salem,Failed
TXN06441,Deva,Amazon,2026-04-11,13:39,3692.69,Shopping,GPay,Tenkasi,Success
TXN06442,Meena,Dominos,2026-05-14,22:06,164.51,Food,UPI,Madurai,Success
TXN06443,Kavi,HealthPlus,2026-07-17,09:08,2889.46,Health,PhonePe,Madurai,Success
TXN06444,Arun,Zomato,2026-04-23,00:23,197.29,Food,PhonePe,Tirunelveli,Failed
TXN06445,Arun,Ola,2026-07-07,04:37,727.69,Transport,UPI,Tirunelveli,Success
TXN06446,Abinaya,Electricity Board,2026-04-03,20:28,1876.07,Bills,UPI,Coimbatore,Success
TXN06447,Vishnu,Reliance Trends,2026-01-16,03:10,4692.87,Shopping,PhonePe,Chennai,Success
TXN06448,Ishaan,Apollo Pharmacy,2026-06-05,15:32,1571.06,Health,Card,Tenkasi,Pending
TXN06449,Ishaan,Local Store,2026-08-19,15:48,1306.85,Others,PhonePe,Trichy,Pending
TXN06450,Ishaan,Swiggy,2026-08-02,15:39,900.0,Food,GPay,Tirunelveli,Failed
TXN06451,Kavi,KFC,2026-06-22,19:37,731.48,Food,UPI,Tenkasi,Success
TXN06452,Rahul,Meesho,2026-01-17,22:38,2616.56,Shopping,Card,Madurai,Success
TXN06453,Swetha,Udemy,2026-08-29,07:01,1516.38,Education,GPay,Trichy,Success
TXN06454,Meena,TNSTC,2026-09-23,00:41,556.81,Transport,GPay,Salem,Success
TXN06455,Swetha,Rapido,2026-08-08,21:19,364.91,Transport,Card,Madurai,Success
TXN06456,Ishaan,Miscellaneous,2026-03-24,03:33,1085.79,Others,GPay,Salem,Success
TXN06457,Meena,Cafe Coffee Day,2026-08-21,02:19,503.59,Food,Card,Tenkasi,Pending
TXN06458,Nivetha,DMart,2026-06-13,17:16,1414.73,Shopping,GPay,Chennai,Success
TXN06459,Priya,TNSTC,2026-02-05,04:03,648.09,Transport,PhonePe,Madurai,Success
TXN06460,Ishaan,Amazon,2026-08-03,15:20,6000.0,Shopping,UPI,Coimbatore,Success
TXN06461,Priya,Netflix,2026-03-23,18:44,825.93,Entertainment,Card,Chennai,Pending
TXN06462,Meena,Jio,2026-09-09,19:11,1667.38,Bills,GPay,Bengaluru,Success
TXN06463,Sanjay,KFC,2026-03-26,08:48,697.82,Food,UPI,Salem,Pending
TXN06464,Sanjay,RedBus,2026-09-29,09:58,563.24,Transport,Card,Coimbatore,Success
TXN06465,Nivetha,Uber,2026-04-09,15:52,587.52,Transport,UPI,Trichy,Success
TXN06466,Deva,DMart,2026-08-22,14:12,5620.8,Shopping,UPI,Madurai,Success
TXN06467,Kavi,Airtel,2026-07-26,16:51,1272.74,Bills,UPI,Coimbatore,Failed
TXN06468,Rahul,Swiggy,2026-05-11,08:42,772.2,Food,Card,Tirunelveli,Failed
TXN06469,Nivetha,RedBus,2026-06-06,00:04,276.13,Transport,GPay,Bengaluru,Success
TXN06470,Abinaya,Coursera,2026-08-16,12:36,5000.0,Education,UPI,Trichy,Success
TXN06471,Abinaya,College Fees,2026-08-05,10:39,1602.08,Education,GPay,Madurai,Success
TXN06472,Rahul,Apollo Pharmacy,2026-07-30,17:53,1609.05,Health,Card,Tirunelveli,Success
TXN06473,Priya,Metro,2026-06-06,05:15,1200.0,Transport,UPI,Madurai,Pending
TXN06474,Keerthi,BookMyShow,2026-09-06,19:39,363.28,Entertainment,UPI,Madurai,Success
TXN06475,Arun,Cafe Coffee Day,2026-09-03,23:32,355.43,Food,UPI,Madurai,Success
TXN06476,Swetha,Zomato,2026-08-17,12:30,735.77,Food,UPI,Chennai,Success
TXN06477,Keerthi,RedBus,2026-09-05,02:17,233.69,Transport,PhonePe,Tirunelveli,Pending
TXN06478,Vishnu,Jio,2026-03-15,12:06,2708.06,Bills,PhonePe,Trichy,Failed
TXN06479,Nivetha,Steam,2026-09-11,15:41,957.49,Entertainment,Card,Coimbatore,Pending
TXN06480,Meena,Swiggy,2026-02-24,16:13,59.51,Food,Card,Chennai,Success
TXN06481,Keerthi,Myntra,2026-02-01,05:23,1100.83,Shopping,GPay,Madurai,Success
TXN06482,Harini,Rapido,2026-05-31,04:07,206.05,Transport,GPay,Bengaluru,Success
TXN06483,Keerthi,Zomato,2026-08-27,12:01,149.7,Food,Card,Madurai,Success
TXN06484,Rahul,Zomato,2026-02-26,05:18,547.94,Food,GPay,Madurai,Success
TXN06485,Arun,TNSTC,2026-08-13,14:40,411.36,Transport,Card,Bengaluru,Success
TXN06486,Nivetha,Zomato,2026-06-01,06:05,203.82,Food,GPay,Bengaluru,Success
TXN06487,Rahul,DMart,2026-05-31,07:11,5274.55,Shopping,GPay,Madurai,Pending
TXN06488,Meena,Google Workspace,2026-07-28,15:45,5000.0,Education,Card,Tenkasi,Pending
TXN06489,Priya,TNSTC,2026-01-18,04:54,1200.0,Transport,PhonePe,Bengaluru,Success
TXN06490,Anu,Metro,2026-04-29,19:36,644.29,Transport,GPay,Chennai,Success
TXN06491,Anu,Netflix,2026-09-05,04:18,272.76,Entertainment,Card,Coimbatore,Success
TXN06492,Harini,Amazon Kindle,2026-08-28,17:29,1095.21,Education,UPI,Madurai,Success
TXN06493,Sanjay,Zomato,2026-01-11,13:20,249.03,Food,PhonePe,Madurai,Success
TXN06494,Keerthi,Metro,2026-04-05,13:24,424.08,Transport,UPI,Madurai,Success
TXN06495,Deva,Swiggy,2026-02-17,04:36,900.0,Food,Card,Madurai,Success
TXN06496,Swetha,Udemy,2026-08-10,13:06,3134.65,Education,GPay,Tirunelveli,Pending
TXN06497,Harini,TNSTC,2026-01-03,11:04,623.74,Transport,UPI,Chennai,Success
TXN06498,Nivetha,Ola,2026-02-28,23:36,661.91,Transport,UPI,Tenkasi,Success
TXN06499,Arun,Electricity Board,2026-03-27,17:05,3434.58,Bills,UPI,Madurai,Success
TXN06500,Harini,Cafe Coffee Day,2026-01-07,12:28,748.03,Food,Card,Salem,Failed
TXN06501,Keerthi,RedBus,2026-08-20,07:39,619.31,Transport,GPay,Madurai,Success
TXN06502,Kavi,Spotify,2026-07-17,10:07,1494.39,Entertainment,Card,Madurai,Failed
TXN06503,Anu,Myntra,2026-02-26,10:45,2348.05,Shopping,PhonePe,Tirunelveli,Success
TXN06504,Abinaya,Amazon,2026-07-07,16:59,4720.53,Shopping,UPI,Chennai,Pending
TXN06505,Anu,Swiggy,2026-07-11,01:13,863.25,Food,PhonePe,Bengaluru,Failed
TXN06506,Harini,KFC,2026-02-17,04:19,773.76,Food,UPI,Coimbatore,Success
TXN06507,Anu,Spotify,2026-03-30,10:51,462.58,Entertainment,Card,Bengaluru,Pending
TXN06508,Harini,RedBus,2026-06-10,14:42,543.18,Transport,Card,Coimbatore,Success
TXN06509,Abinaya,Swiggy,2026-06-27,02:08,174.04,Food,PhonePe,Chennai,Success
TXN06510,Kavi,Amazon Kindle,2026-07-05,02:34,1246.8,Education,Card,Coimbatore,Pending
TXN06511,Deva,Google Workspace,2026-06-21,07:26,2196.76,Education,UPI,Chennai,Failed
TXN06512,Vishnu,Apollo Pharmacy,2026-05-17,08:34,1595.85,Health,Card,Bengaluru,Success
TXN06513,Meena,YouTube Premium,2026-09-10,14:26,970.98,Entertainment,GPay,Tenkasi,Failed
TXN06514,Priya,Metro,2026-02-15,13:32,294.83,Transport,UPI,Madurai,Success
TXN06515,Sanjay,Rapido,2026-08-09,11:26,564.95,Transport,UPI,Chennai,Success
TXN06516,Priya,Zomato,2026-05-14,15:20,796.98,Food,PhonePe,Tirunelveli,Pending
TXN06517,Nivetha,Gift,2026-02-24,09:12,1154.64,Others,GPay,Tenkasi,Success
TXN06518,Nivetha,RedBus,2026-05-20,01:29,825.12,Transport,Card,Madurai,Success
TXN06519,Arun,KFC,2026-08-18,10:18,487.24,Food,UPI,Salem,Success
TXN06520,Sanjay,KFC,2026-07-25,17:35,310.17,Food,GPay,Tirunelveli,Success
TXN06521,Rahul,Swiggy,2026-01-08,17:47,260.99,Food,PhonePe,Trichy,Success
TXN06522,Anu,Swiggy,2026-09-18,01:25,414.91,Food,GPay,Coimbatore,Success
TXN06523,Kavi,KFC,2026-05-25,00:51,676.15,Food,PhonePe,Madurai,Success
TXN06524,Abinaya,Amazon Kindle,2026-01-25,11:34,1565.38,Education,GPay,Coimbatore,Pending
TXN06525,Nivetha,TNSTC,2026-01-20,21:39,462.19,Transport,Card,Madurai,Failed
TXN06526,Kavi,Zomato,2026-07-30,23:56,471.89,Food,GPay,Tirunelveli,Success
TXN06527,Arun,Dominos,2026-02-08,05:29,900.0,Food,GPay,Chennai,Success
TXN06528,Keerthi,Myntra,2026-05-13,04:55,3638.13,Shopping,Card,Chennai,Success
TXN06529,Kavi,RedBus,2026-09-26,06:29,715.35,Transport,UPI,Madurai,Failed
TXN06530,Swetha,TNSTC,2026-09-18,19:06,500.77,Transport,Card,Madurai,Success
TXN06531,Arun,Amazon Kindle,2026-02-08,05:52,5000.0,Education,UPI,Salem,Failed
TXN06532,Abinaya,Local Pharmacy,2026-05-06,07:38,1621.09,Health,PhonePe,Salem,Success
TXN06533,Nivetha,Apollo Pharmacy,2026-08-02,23:26,2677.38,Health,Card,Salem,Success
TXN06534,Rahul,A2B,2026-07-20,12:05,900.0,Food,GPay,Trichy,Success
TXN06535,Vishnu,Local Pharmacy,2026-01-12,09:44,856.34,Health,GPay,Salem,Success
TXN06536,Arun,RedBus,2026-05-01,17:06,575.54,Transport,GPay,Chennai,Success
TXN06537,Sanjay,KFC,2026-02-21,13:34,900.0,Food,UPI,Trichy,Pending
TXN06538,Anu,Rapido,2026-06-15,06:29,656.81,Transport,Card,Madurai,Success
TXN06539,Swetha,Zomato,2026-08-30,05:02,374.73,Food,PhonePe,Madurai,Success
TXN06540,Keerthi,Amazon Kindle,2026-05-11,03:12,4583.54,Education,Card,Trichy,Success
TXN06541,Harini,Flipkart,2026-07-06,12:23,2584.29,Shopping,PhonePe,Madurai,Pending
TXN06542,Ishaan,TNSTC,2026-09-16,00:27,535.53,Transport,Card,Chennai,Success
TXN06543,Anu,Cafe Coffee Day,2026-05-06,10:39,181.14,Food,PhonePe,Salem,Failed
TXN06544,Meena,Uber,2026-05-23,04:48,190.61,Transport,UPI,Madurai,Pending
TXN06545,Sanjay,DMart,2026-09-19,04:15,3844.28,Shopping,UPI,Chennai,Failed
TXN06546,Priya,RedBus,2026-07-15,20:55,467.01,Transport,Card,Madurai,Success
TXN06547,Priya,Flipkart,2026-08-23,14:52,4273.11,Shopping,Card,Chennai,Success
TXN06548,Priya,Airtel,2026-03-31,16:02,2490.15,Bills,PhonePe,Madurai,Success
TXN06549,Deva,Myntra,2026-04-16,20:55,3196.2,Shopping,GPay,Salem,Failed
TXN06550,Nivetha,Google Workspace,2026-08-29,19:08,670.01,Education,UPI,Trichy,Success
TXN06551,Priya,Jio,2026-01-10,03:00,1813.79,Bills,PhonePe,Salem,Failed
TXN06552,Rahul,College Fees,2026-03-08,19:15,1620.73,Education,GPay,Madurai,Success
TXN06553,Anu,Rapido,2026-07-17,22:32,370.8,Transport,GPay,Salem,Success
TXN06554,Ishaan,Reliance Trends,2026-04-20,09:28,1180.67,Shopping,PhonePe,Madurai,Success
TXN06555,Keerthi,Gift,2026-05-07,21:12,452.64,Others,UPI,Tirunelveli,Pending
TXN06556,Abinaya,Swiggy,2026-03-05,18:02,460.96,Food,PhonePe,Trichy,Success
TXN06557,Vishnu,Dominos,2026-01-26,14:29,900.0,Food,Card,Tenkasi,Success
TXN06558,Sanjay,Dominos,2026-09-04,22:02,900.0,Food,UPI,Coimbatore,Success
TXN06559,Priya,Steam,2026-02-01,10:04,494.07,Entertainment,GPay,Trichy,Success
TXN06560,Meena,Uber,2026-08-28,19:02,995.59,Transport,UPI,Madurai,Success
TXN06561,Harini,Stationery Shop,2026-08-17,16:00,2000.0,Others,GPay,Madurai,Pending
TXN06562,Rahul,Metro,2026-04-24,06:25,432.04,Transport,UPI,Tirunelveli,Pending
TXN06563,Priya,Amazon Kindle,2026-04-26,21:01,3814.1,Education,PhonePe,Madurai,Failed
TXN06564,Priya,Airtel,2026-09-02,15:23,3896.07,Bills,UPI,Madurai,Success
TXN06565,Rahul,1mg,2026-06-23,01:38,681.68,Health,UPI,Chennai,Success
TXN06566,Kavi,Ola,2026-02-17,03:24,788.33,Transport,UPI,Tenkasi,Success
TXN06567,Meena,Amazon Kindle,2026-07-13,06:28,1440.12,Education,GPay,Chennai,Success
TXN06568,Deva,KFC,2026-09-08,18:30,617.0,Food,Card,Coimbatore,Pending
TXN06569,Vishnu,Hotstar,2026-05-27,15:46,798.53,Entertainment,GPay,Madurai,Pending
TXN06570,Keerthi,Amazon Kindle,2026-09-15,20:16,1027.56,Education,PhonePe,Trichy,Success
TXN06571,Rahul,Myntra,2026-05-06,23:17,2075.56,Shopping,GPay,Trichy,Success
TXN06572,Priya,Reliance Trends,2026-01-28,05:07,1949.7,Shopping,PhonePe,Coimbatore,Success
TXN06573,Ishaan,Myntra,2026-08-31,20:12,5630.74,Shopping,Card,Chennai,Pending
TXN06574,Harini,ACT Fibernet,2026-08-20,17:55,1970.26,Bills,Card,Trichy,Pending
TXN06575,Swetha,DMart,2026-08-01,02:40,1864.79,Shopping,Card,Madurai,Success
TXN06576,Vishnu,Spotify,2026-06-17,19:59,1119.28,Entertainment,UPI,Coimbatore,Pending
TXN06577,Nivetha,Zomato,2026-06-21,14:57,399.84,Food,GPay,Bengaluru,Pending
TXN06578,Deva,Airtel,2026-01-27,02:58,2317.16,Bills,UPI,Bengaluru,Pending
TXN06579,Ishaan,RedBus,2026-08-05,04:41,558.66,Transport,Card,Chennai,Success
TXN06580,Sanjay,TNSTC,2026-05-30,19:12,1200.0,Transport,Card,Madurai,Success
TXN06581,Keerthi,Hotstar,2026-02-13,16:20,888.28,Entertainment,Card,Coimbatore,Failed
TXN06582,Sanjay,Google Workspace,2026-01-23,18:46,3858.14,Education,PhonePe,Tenkasi,Success
TXN06583,Sanjay,Metro,2026-05-11,06:04,1122.91,Transport,GPay,Madurai,Success
TXN06584,Vishnu,RedBus,2026-01-30,13:29,587.37,Transport,Card,Chennai,Failed
TXN06585,Anu,Flipkart,2026-06-24,03:40,6000.0,Shopping,Card,Madurai,Success
TXN06586,Vishnu,Myntra,2026-07-23,15:11,5007.24,Shopping,GPay,Coimbatore,Failed
TXN06587,Sanjay,Swiggy,2026-09-19,00:16,154.2,Food,GPay,Trichy,Pending
TXN06588,Nivetha,Amazon,2026-09-05,06:15,2020.66,Shopping,UPI,Madurai,Failed
TXN06589,Priya,ACT Fibernet,2026-05-31,23:37,1998.61,Bills,Card,Tenkasi,Pending
TXN06590,Harini,HealthPlus,2026-06-02,17:37,1578.79,Health,PhonePe,Chennai,Failed
TXN06591,Vishnu,Ola,2026-08-22,04:14,437.54,Transport,UPI,Madurai,Success
TXN06592,Rahul,Hotstar,2026-04-03,22:16,1006.9,Entertainment,UPI,Madurai,Success
TXN06593,Vishnu,Zomato,2026-06-17,07:55,393.85,Food,PhonePe,Salem,Success
TXN06594,Rahul,Dominos,2026-09-05,16:59,459.52,Food,Card,Chennai,Pending
TXN06595,Deva,Dominos,2026-06-21,18:09,385.11,Food,PhonePe,Madurai,Success
TXN06596,Anu,BookMyShow,2026-06-03,22:05,702.31,Entertainment,GPay,Madurai,Success
TXN06597,Rahul,KFC,2026-08-29,16:17,270.46,Food,UPI,Coimbatore,Success
TXN06598,Sanjay,Gift,2026-01-16,14:05,1216.5,Others,PhonePe,Salem,Failed
TXN06599,Sanjay,Apollo Pharmacy,2026-05-16,13:27,2089.34,Health,GPay,Bengaluru,Success
TXN06600,Keerthi,Dominos,2026-09-12,22:49,226.08,Food,Card,Trichy,Failed
TXN06601,Rahul,PharmEasy,2026-03-03,05:48,1109.34,Health,GPay,Madurai,Success
TXN06602,Swetha,Rapido,2026-09-14,22:24,625.24,Transport,Card,Madurai,Success
TXN06603,Swetha,Zomato,2026-03-20,11:53,900.0,Food,GPay,Bengaluru,Success
TXN06604,Harini,Ola,2026-03-15,12:22,351.3,Transport,UPI,Bengaluru,Pending
TXN06605,Meena,Rapido,2026-04-16,10:55,513.44,Transport,Card,Chennai,Success
TXN06606,Abinaya,Cafe Coffee Day,2026-01-29,22:34,358.97,Food,GPay,Chennai,Pending
TXN06607,Priya,College Fees,2026-06-02,15:44,2985.29,Education,PhonePe,Coimbatore,Pending
TXN06608,Ishaan,TNSTC,2026-02-06,06:15,349.39,Transport,Card,Bengaluru,Pending
TXN06609,Harini,Cafe Coffee Day,2026-07-27,22:52,328.03,Food,PhonePe,Madurai,Pending
TXN06610,Kavi,Ola,2026-08-14,11:23,1200.0,Transport,Card,Tirunelveli,Success
TXN06611,Nivetha,Meesho,2026-01-20,19:54,1063.87,Shopping,PhonePe,Madurai,Failed
TXN06612,Kavi,Myntra,2026-07-25,07:25,2933.34,Shopping,UPI,Tenkasi,Success
TXN06613,Abinaya,Netflix,2026-03-16,04:01,785.17,Entertainment,PhonePe,Tenkasi,Success
TXN06614,Anu,Swiggy,2026-01-29,15:12,365.73,Food,Card,Tenkasi,Success
TXN06615,Rahul,KFC,2026-09-14,03:41,849.95,Food,GPay,Salem,Success
TXN06616,Deva,Jio,2026-09-01,21:33,2288.41,Bills,UPI,Trichy,Success
TXN06617,Sanjay,Cafe Coffee Day,2026-03-23,16:28,900.0,Food,Card,Madurai,Success
TXN06618,Keerthi,Cafe Coffee Day,2026-07-20,15:02,185.77,Food,UPI,Madurai,Failed
TXN06619,Rahul,College Fees,2026-06-02,17:38,3233.94,Education,UPI,Trichy,Success
TXN06620,Arun,KFC,2026-02-15,06:13,539.53,Food,GPay,Trichy,Success
TXN06621,Arun,Cafe Coffee Day,2026-02-19,11:06,622.07,Food,Card,Salem,Failed
TXN06622,Nivetha,PharmEasy,2026-01-26,22:25,2636.5,Health,Card,Coimbatore,Success
TXN06623,Arun,Zomato,2026-03-07,13:20,900.0,Food,GPay,Madurai,Success
TXN06624,Arun,KFC,2026-01-11,05:20,900.0,Food,UPI,Madurai,Success
TXN06625,Deva,Amazon,2026-07-04,17:03,1566.91,Shopping,UPI,Chennai,Success
TXN06626,Kavi,Dominos,2026-05-17,05:53,597.0,Food,GPay,Trichy,Failed
TXN06627,Sanjay,Steam,2026-06-30,14:07,1500.0,Entertainment,GPay,Tenkasi,Pending
TXN06628,Rahul,Uber,2026-03-22,05:17,581.66,Transport,UPI,Chennai,Success
TXN06629,Nivetha,Zomato,2026-06-15,18:59,279.76,Food,PhonePe,Chennai,Pending
TXN06630,Sanjay,Electricity Board,2026-01-03,22:45,1247.27,Bills,Card,Madurai,Success
TXN06631,Swetha,Spotify,2026-04-25,08:02,1500.0,Entertainment,PhonePe,Madurai,Failed
TXN06632,Priya,Local Store,2026-09-12,03:32,691.33,Others,Card,Coimbatore,Failed
TXN06633,Nivetha,YouTube Premium,2026-07-29,10:15,965.47,Entertainment,UPI,Salem,Failed
TXN06634,Priya,Electricity Board,2026-09-13,09:04,1453.68,Bills,UPI,Chennai,Pending
TXN06635,Ishaan,Temple,2026-08-21,23:21,1026.3,Others,UPI,Tenkasi,Success
TXN06636,Keerthi,Spotify,2026-03-04,18:47,354.17,Entertainment,GPay,Coimbatore,Success
TXN06637,Nivetha,A2B,2026-09-03,10:47,207.85,Food,GPay,Trichy,Failed
TXN06638,Nivetha,TNSTC,2026-06-23,18:31,862.45,Transport,UPI,Chennai,Success
TXN06639,Sanjay,Uber,2026-01-01,19:11,152.23,Transport,GPay,Madurai,Success
TXN06640,Meena,DMart,2026-09-09,08:52,6000.0,Shopping,Card,Salem,Success
TXN06641,Rahul,A2B,2026-09-30,18:42,571.01,Food,PhonePe,Chennai,Success
TXN06642,Harini,College Fees,2026-06-01,13:15,1250.56,Education,Card,Madurai,Pending
TXN06643,Deva,A2B,2026-08-16,15:06,552.28,Food,PhonePe,Bengaluru,Success
TXN06644,Nivetha,Rapido,2026-09-03,19:42,477.38,Transport,PhonePe,Coimbatore,Success
TXN06645,Priya,Stationery Shop,2026-09-15,03:54,595.21,Others,Card,Tirunelveli,Success
TXN06646,Keerthi,KFC,2026-04-22,16:33,900.0,Food,GPay,Madurai,Success
TXN06647,Deva,Myntra,2026-05-28,10:41,4096.88,Shopping,Card,Coimbatore,Success
TXN06648,Anu,Amazon,2026-05-29,00:17,2191.91,Shopping,GPay,Bengaluru,Failed
TXN06649,Keerthi,A2B,2026-03-08,14:13,303.87,Food,UPI,Tenkasi,Success
TXN06650,Arun,Amazon,2026-02-08,09:12,6000.0,Shopping,Card,Chennai,Success
TXN06651,Arun,A2B,2026-07-13,00:32,579.68,Food,PhonePe,Coimbatore,Success
TXN06652,Meena,KFC,2026-02-28,20:42,480.78,Food,UPI,Trichy,Failed
TXN06653,Kavi,KFC,2026-04-29,13:16,302.17,Food,UPI,Chennai,Success
TXN06654,Anu,TNSTC,2026-09-28,17:59,391.55,Transport,Card,Madurai,Pending
TXN06655,Meena,ACT Fibernet,2026-06-27,22:20,4000.0,Bills,UPI,Chennai,Failed
TXN06656,Rahul,Myntra,2026-05-10,08:57,4442.52,Shopping,GPay,Madurai,Pending
TXN06657,Swetha,Rapido,2026-08-11,08:17,597.28,Transport,Card,Trichy,Success
TXN06658,Anu,RedBus,2026-09-02,16:16,286.33,Transport,Card,Madurai,Success
TXN06659,Ishaan,College Fees,2026-03-14,07:35,1933.51,Education,PhonePe,Madurai,Success
TXN06660,Ishaan,KFC,2026-07-16,02:28,577.72,Food,Card,Coimbatore,Success
TXN06661,Kavi,HealthPlus,2026-07-11,16:49,2887.35,Health,Card,Bengaluru,Success
TXN06662,Vishnu,KFC,2026-04-06,20:17,500.25,Food,PhonePe,Tenkasi,Success
TXN06663,Sanjay,Amazon,2026-01-07,10:54,5711.44,Shopping,GPay,Tirunelveli,Success
TXN06664,Anu,A2B,2026-07-14,10:59,502.91,Food,Card,Trichy,Success
TXN06665,Anu,KFC,2026-02-04,19:30,826.74,Food,UPI,Madurai,Pending
TXN06666,Ishaan,1mg,2026-07-29,04:17,1333.1,Health,PhonePe,Chennai,Success
TXN06667,Nivetha,Miscellaneous,2026-04-07,20:49,1787.93,Others,GPay,Salem,Success
TXN06668,Deva,1mg,2026-06-22,08:04,1188.17,Health,GPay,Bengaluru,Success
TXN06669,Anu,Zomato,2026-07-08,20:54,699.24,Food,PhonePe,Salem,Pending
TXN06670,Anu,TNSTC,2026-07-22,05:20,689.2,Transport,GPay,Bengaluru,Failed
TXN06671,Priya,KFC,2026-07-26,00:00,140.88,Food,GPay,Trichy,Failed
TXN06672,Rahul,Reliance Trends,2026-08-29,17:12,2042.31,Shopping,UPI,Coimbatore,Pending
TXN06673,Vishnu,Metro,2026-08-27,14:30,259.9,Transport,Card,Coimbatore,Success
TXN06674,Abinaya,Stationery Shop,2026-04-23,19:49,2000.0,Others,Card,Coimbatore,Success
TXN06675,Vishnu,Cafe Coffee Day,2026-07-17,14:03,623.65,Food,PhonePe,Coimbatore,Success
TXN06676,Arun,Swiggy,2026-06-16,11:26,353.31,Food,Card,Coimbatore,Failed
TXN06677,Swetha,Coursera,2026-05-30,09:28,1186.01,Education,GPay,Salem,Pending
TXN06678,Sanjay,Amazon Kindle,2026-07-24,05:21,2689.45,Education,PhonePe,Madurai,Failed
TXN06679,Keerthi,Hotstar,2026-02-11,00:35,1051.25,Entertainment,GPay,Bengaluru,Pending
TXN06680,Arun,BookMyShow,2026-03-17,13:48,597.56,Entertainment,PhonePe,Madurai,Pending
TXN06681,Priya,YouTube Premium,2026-05-29,13:10,926.99,Entertainment,PhonePe,Chennai,Success
TXN06682,Abinaya,Ola,2026-02-10,11:59,1196.97,Transport,UPI,Chennai,Pending
TXN06683,Rahul,BookMyShow,2026-06-13,06:56,487.44,Entertainment,Card,Madurai,Success
TXN06684,Meena,Reliance Trends,2026-05-23,21:45,2244.15,Shopping,Card,Salem,Success
TXN06685,Meena,A2B,2026-01-18,17:16,193.89,Food,Card,Madurai,Pending
TXN06686,Ishaan,Google Workspace,2026-06-11,06:50,5000.0,Education,UPI,Madurai,Pending
TXN06687,Meena,Metro,2026-07-20,11:33,150.69,Transport,UPI,Tirunelveli,Success
TXN06688,Sanjay,Hotstar,2026-04-22,21:08,646.86,Entertainment,Card,Chennai,Failed
TXN06689,Abinaya,Rapido,2026-02-12,06:28,1200.0,Transport,GPay,Tirunelveli,Success
TXN06690,Harini,Coursera,2026-02-03,04:23,709.36,Education,Card,Tenkasi,Success
TXN06691,Kavi,Hotstar,2026-08-19,00:57,956.34,Entertainment,PhonePe,Chennai,Failed
TXN06692,Rahul,Stationery Shop,2026-08-19,19:25,1402.67,Others,UPI,Salem,Success
TXN06693,Swetha,RedBus,2026-03-29,10:35,816.85,Transport,UPI,Madurai,Pending
TXN06694,Deva,Netflix,2026-01-02,14:32,1289.77,Entertainment,Card,Chennai,Success
TXN06695,Deva,Metro,2026-04-21,01:08,690.05,Transport,UPI,Coimbatore,Failed
TXN06696,Meena,Dominos,2026-09-22,04:13,510.23,Food,PhonePe,Madurai,Success
TXN06697,Rahul,Meesho,2026-06-22,22:45,1308.54,Shopping,Card,Madurai,Success
TXN06698,Abinaya,TNSTC,2026-07-10,11:56,575.39,Transport,Card,Bengaluru,Success
TXN06699,Anu,Hotstar,2026-06-17,09:55,880.35,Entertainment,PhonePe,Chennai,Pending
TXN06700,Swetha,Apollo Pharmacy,2026-03-08,12:04,1038.32,Health,Card,Madurai,Success
TXN06701,Ishaan,Jio,2026-09-30,22:13,1299.43,Bills,UPI,Madurai,Pending
TXN06702,Nivetha,KFC,2026-06-13,11:06,619.02,Food,GPay,Coimbatore,Success
TXN06703,Rahul,KFC,2026-09-15,09:57,713.65,Food,UPI,Madurai,Success
TXN06704,Swetha,Myntra,2026-09-27,00:43,1994.02,Shopping,PhonePe,Chennai,Success
TXN06705,Ishaan,Udemy,2026-02-13,12:37,2254.5,Education,GPay,Bengaluru,Success
TXN06706,Swetha,Amazon,2026-05-06,03:59,3722.67,Shopping,UPI,Chennai,Failed
TXN06707,Harini,BookMyShow,2026-02-28,02:56,544.41,Entertainment,GPay,Madurai,Success
TXN06708,Sanjay,PharmEasy,2026-02-15,07:53,1524.24,Health,Card,Chennai,Success
TXN06709,Ishaan,DMart,2026-07-02,01:32,3508.04,Shopping,UPI,Madurai,Success
TXN06710,Abinaya,Jio,2026-06-04,01:09,4000.0,Bills,UPI,Salem,Success
TXN06711,Meena,Cafe Coffee Day,2026-09-02,00:47,414.91,Food,PhonePe,Coimbatore,Pending
TXN06712,Vishnu,Dominos,2026-07-16,10:35,181.51,Food,GPay,Salem,Pending
TXN06713,Swetha,Hotstar,2026-08-12,22:09,349.59,Entertainment,PhonePe,Chennai,Success
TXN06714,Nivetha,A2B,2026-04-26,22:22,319.19,Food,GPay,Trichy,Pending
TXN06715,Deva,BookMyShow,2026-09-07,04:46,656.47,Entertainment,Card,Coimbatore,Success
TXN06716,Ishaan,Flipkart,2026-01-20,17:53,5755.74,Shopping,GPay,Chennai,Success
TXN06717,Deva,Cafe Coffee Day,2026-04-05,08:53,900.0,Food,GPay,Madurai,Success
TXN06718,Sanjay,PharmEasy,2026-05-07,22:54,1398.79,Health,Card,Tenkasi,Success
TXN06719,Abinaya,RedBus,2026-07-02,07:13,819.6,Transport,GPay,Tirunelveli,Success
TXN06720,Keerthi,HealthPlus,2026-08-02,16:55,3000.0,Health,GPay,Bengaluru,Success
TXN06721,Priya,Metro,2026-01-06,23:27,912.86,Transport,GPay,Salem,Success
TXN06722,Harini,KFC,2026-09-15,15:17,390.79,Food,Card,Madurai,Success
TXN06723,Kavi,Zomato,2026-09-14,03:56,441.44,Food,GPay,Coimbatore,Failed
TXN06724,Harini,TNSTC,2026-01-10,07:50,611.22,Transport,GPay,Bengaluru,Success
TXN06725,Meena,Cafe Coffee Day,2026-04-03,18:45,900.0,Food,GPay,Madurai,Pending
TXN06726,Anu,Amazon,2026-06-16,08:54,5441.47,Shopping,Card,Madurai,Success
TXN06727,Harini,Dominos,2026-04-29,03:48,801.91,Food,UPI,Bengaluru,Success
TXN06728,Vishnu,Spotify,2026-03-07,15:03,1020.31,Entertainment,Card,Chennai,Success
TXN06729,Arun,Electricity Board,2026-03-24,19:56,2335.99,Bills,Card,Coimbatore,Success
TXN06730,Keerthi,Rapido,2026-05-24,12:25,561.37,Transport,UPI,Coimbatore,Success
TXN06731,Meena,Swiggy,2026-08-27,07:54,243.57,Food,Card,Madurai,Success
TXN06732,Deva,Cafe Coffee Day,2026-02-18,14:28,687.78,Food,UPI,Madurai,Success
TXN06733,Keerthi,Uber,2026-05-16,08:37,455.55,Transport,Card,Madurai,Success
TXN06734,Kavi,College Fees,2026-05-16,08:57,4114.88,Education,UPI,Salem,Success
TXN06735,Anu,Apollo Pharmacy,2026-06-26,23:17,536.81,Health,UPI,Madurai,Success
TXN06736,Nivetha,Google Workspace,2026-05-27,12:35,1461.72,Education,Card,Tenkasi,Pending
TXN06737,Kavi,Myntra,2026-08-26,19:02,5329.68,Shopping,GPay,Tenkasi,Success
TXN06738,Ishaan,Swiggy,2026-03-11,00:42,900.0,Food,Card,Coimbatore,Success
TXN06739,Deva,Water Board,2026-05-07,20:16,3299.53,Bills,PhonePe,Tirunelveli,Success
TXN06740,Keerthi,Dominos,2026-03-30,16:13,286.6,Food,PhonePe,Chennai,Success
TXN06741,Harini,Metro,2026-03-03,10:36,1119.36,Transport,Card,Madurai,Success
TXN06742,Ishaan,Meesho,2026-03-29,14:51,1943.1,Shopping,UPI,Salem,Success
TXN06743,Deva,Jio,2026-06-16,12:03,3803.49,Bills,UPI,Chennai,Success
TXN06744,Harini,Amazon Kindle,2026-08-09,05:12,1401.99,Education,PhonePe,Madurai,Success
TXN06745,Deva,Swiggy,2026-07-04,11:45,370.82,Food,GPay,Coimbatore,Pending
TXN06746,Vishnu,Uber,2026-03-09,21:27,156.07,Transport,UPI,Madurai,Success
TXN06747,Swetha,Rapido,2026-01-04,12:33,347.27,Transport,Card,Madurai,Success
TXN06748,Keerthi,BookMyShow,2026-05-21,22:05,1163.24,Entertainment,GPay,Coimbatore,Failed
TXN06749,Keerthi,HealthPlus,2026-03-22,16:04,3000.0,Health,GPay,Madurai,Success
TXN06750,Priya,Swiggy,2026-01-17,23:37,897.05,Food,PhonePe,Chennai,Success
TXN06751,Sanjay,Airtel,2026-02-23,08:28,3225.09,Bills,Card,Tenkasi,Failed
TXN06752,Harini,Stationery Shop,2026-05-05,05:16,445.97,Others,Card,Chennai,Success
TXN06753,Priya,Meesho,2026-05-30,14:49,2447.16,Shopping,Card,Chennai,Success
TXN06754,Anu,KFC,2026-05-30,13:08,900.0,Food,GPay,Salem,Failed
TXN06755,Rahul,Google Workspace,2026-03-19,19:37,2648.55,Education,Card,Tenkasi,Success
TXN06756,Ishaan,Myntra,2026-04-14,14:14,1564.73,Shopping,PhonePe,Tenkasi,Success
TXN06757,Anu,TNSTC,2026-07-26,13:57,488.12,Transport,Card,Tenkasi,Success
TXN06758,Ishaan,RedBus,2026-06-19,07:50,196.06,Transport,GPay,Trichy,Pending
TXN06759,Sanjay,TNSTC,2026-09-14,07:08,1018.56,Transport,Card,Chennai,Pending
TXN06760,Abinaya,Zomato,2026-04-16,03:39,160.38,Food,Card,Madurai,Success
TXN06761,Rahul,Temple,2026-06-04,01:24,469.39,Others,UPI,Coimbatore,Success
TXN06762,Meena,Ola,2026-04-13,03:28,616.35,Transport,PhonePe,Trichy,Success
TXN06763,Swetha,ACT Fibernet,2026-01-09,03:35,1039.0,Bills,GPay,Bengaluru,Failed
TXN06764,Harini,Electricity Board,2026-05-08,14:27,2294.17,Bills,GPay,Madurai,Success
TXN06765,Meena,Ola,2026-04-24,17:05,984.13,Transport,GPay,Madurai,Failed
TXN06766,Vishnu,Hotstar,2026-02-06,03:45,594.99,Entertainment,UPI,Trichy,Success
TXN06767,Ishaan,PharmEasy,2026-09-05,18:34,3000.0,Health,PhonePe,Tirunelveli,Failed
TXN06768,Anu,Jio,2026-06-12,19:47,3112.45,Bills,UPI,Coimbatore,Success
TXN06769,Abinaya,Swiggy,2026-09-14,14:20,634.97,Food,Card,Tenkasi,Success
TXN06770,Deva,Zomato,2026-05-29,13:33,900.0,Food,UPI,Trichy,Success
TXN06771,Priya,Amazon,2026-06-09,16:52,3434.14,Shopping,PhonePe,Chennai,Success
TXN06772,Sanjay,Reliance Trends,2026-02-23,21:47,2529.01,Shopping,PhonePe,Tenkasi,Success
TXN06773,Nivetha,Salon,2026-02-20,08:21,1266.81,Others,Card,Madurai,Pending
TXN06774,Abinaya,A2B,2026-01-31,18:04,242.37,Food,PhonePe,Bengaluru,Success
TXN06775,Abinaya,Myntra,2026-09-12,22:14,5218.83,Shopping,Card,Madurai,Failed
TXN06776,Harini,Jio,2026-09-02,21:55,3524.54,Bills,GPay,Madurai,Success
TXN06777,Priya,ACT Fibernet,2026-07-22,14:16,1834.83,Bills,Card,Salem,Failed
TXN06778,Abinaya,YouTube Premium,2026-02-17,13:21,573.76,Entertainment,PhonePe,Bengaluru,Success
TXN06779,Keerthi,Reliance Trends,2026-05-29,01:25,3488.36,Shopping,PhonePe,Tirunelveli,Success
TXN06780,Deva,TNSTC,2026-09-27,23:24,293.38,Transport,PhonePe,Chennai,Success
TXN06781,Kavi,TNSTC,2026-01-10,06:39,499.67,Transport,PhonePe,Bengaluru,Failed
TXN06782,Abinaya,KFC,2026-01-27,11:38,900.0,Food,PhonePe,Tenkasi,Success
TXN06783,Sanjay,Cafe Coffee Day,2026-09-04,00:14,267.69,Food,Card,Chennai,Success
TXN06784,Sanjay,1mg,2026-09-20,11:08,3000.0,Health,Card,Bengaluru,Success
TXN06785,Rahul,Steam,2026-04-29,05:44,1027.42,Entertainment,PhonePe,Tenkasi,Success
TXN06786,Deva,TNSTC,2026-03-20,20:20,851.06,Transport,UPI,Coimbatore,Success
TXN06787,Priya,Ola,2026-03-31,11:11,444.98,Transport,Card,Madurai,Pending
TXN06788,Abinaya,Amazon Kindle,2026-06-01,16:42,1580.14,Education,PhonePe,Madurai,Failed
TXN06789,Ishaan,PharmEasy,2026-07-25,10:37,1325.74,Health,GPay,Madurai,Failed
TXN06790,Arun,A2B,2026-09-01,21:28,900.0,Food,GPay,Madurai,Success
TXN06791,Priya,KFC,2026-04-21,13:38,330.41,Food,UPI,Trichy,Success
TXN06792,Arun,Meesho,2026-06-29,12:16,904.07,Shopping,PhonePe,Tirunelveli,Success
TXN06793,Sanjay,Cafe Coffee Day,2026-06-22,18:34,501.92,Food,GPay,Chennai,Success
TXN06794,Meena,Zomato,2026-09-13,15:51,900.0,Food,GPay,Coimbatore,Success
TXN06795,Arun,Coursera,2026-08-16,04:56,2939.08,Education,PhonePe,Coimbatore,Success
TXN06796,Sanjay,Amazon,2026-09-14,00:04,6000.0,Shopping,PhonePe,Madurai,Success
TXN06797,Deva,A2B,2026-08-04,19:49,679.39,Food,GPay,Madurai,Success
TXN06798,Ishaan,Dominos,2026-06-09,13:50,540.43,Food,GPay,Madurai,Success
TXN06799,Kavi,Swiggy,2026-06-17,06:20,401.77,Food,PhonePe,Salem,Success
TXN06800,Vishnu,Netflix,2026-07-16,01:51,1071.27,Entertainment,PhonePe,Bengaluru,Success
TXN06801,Arun,DMart,2026-05-22,04:27,1320.58,Shopping,Card,Madurai,Pending
TXN06802,Harini,Dominos,2026-03-01,12:56,900.0,Food,PhonePe,Tirunelveli,Success
TXN06803,Ishaan,Swiggy,2026-02-23,00:15,753.73,Food,PhonePe,Madurai,Success
TXN06804,Rahul,Netflix,2026-06-01,10:48,1277.69,Entertainment,Card,Madurai,Success
TXN06805,Keerthi,BookMyShow,2026-02-26,20:36,782.18,Entertainment,GPay,Trichy,Success
TXN06806,Sanjay,Metro,2026-02-07,20:24,1200.0,Transport,GPay,Coimbatore,Failed
TXN06807,Abinaya,Cafe Coffee Day,2026-08-14,07:56,425.23,Food,UPI,Madurai,Success
TXN06808,Priya,Amazon Kindle,2026-07-08,02:58,1927.46,Education,PhonePe,Tirunelveli,Success
TXN06809,Swetha,Local Pharmacy,2026-05-16,03:44,1591.54,Health,UPI,Chennai,Success
TXN06810,Sanjay,Zomato,2026-04-06,17:59,769.52,Food,PhonePe,Bengaluru,Pending
TXN06811,Rahul,College Fees,2026-08-01,11:08,1756.48,Education,GPay,Bengaluru,Success
TXN06812,Harini,Cafe Coffee Day,2026-03-27,06:35,293.62,Food,UPI,Madurai,Failed
TXN06813,Keerthi,Myntra,2026-02-11,22:40,1884.15,Shopping,Card,Chennai,Success
TXN06814,Arun,Rapido,2026-09-13,11:30,477.84,Transport,Card,Madurai,Success
TXN06815,Priya,Airtel,2026-09-10,23:41,3608.11,Bills,Card,Madurai,Pending
TXN06816,Swetha,Cafe Coffee Day,2026-06-11,17:59,521.08,Food,Card,Chennai,Success
TXN06817,Keerthi,Dominos,2026-05-08,03:22,247.5,Food,GPay,Coimbatore,Success
TXN06818,Kavi,BookMyShow,2026-02-04,08:48,1500.0,Entertainment,GPay,Chennai,Success
TXN06819,Nivetha,Udemy,2026-09-14,10:38,1257.38,Education,PhonePe,Madurai,Success
TXN06820,Keerthi,Myntra,2026-04-22,02:32,2398.66,Shopping,Card,Chennai,Success
TXN06821,Keerthi,Cafe Coffee Day,2026-08-29,09:00,282.23,Food,GPay,Madurai,Pending
TXN06822,Arun,Uber,2026-07-29,13:43,425.37,Transport,GPay,Salem,Pending
TXN06823,Anu,KFC,2026-01-28,18:31,488.83,Food,UPI,Chennai,Pending
TXN06824,Rahul,Myntra,2026-05-11,00:15,2734.67,Shopping,GPay,Trichy,Success
TXN06825,Sanjay,Netflix,2026-07-26,03:02,519.73,Entertainment,GPay,Bengaluru,Success
TXN06826,Abinaya,Dominos,2026-01-19,03:52,562.18,Food,PhonePe,Chennai,Pending
TXN06827,Sanjay,Swiggy,2026-04-24,03:05,611.73,Food,PhonePe,Madurai,Failed
TXN06828,Meena,Cafe Coffee Day,2026-03-25,01:00,677.79,Food,GPay,Tenkasi,Success
TXN06829,Anu,Ola,2026-08-05,08:51,645.39,Transport,Card,Chennai,Success
TXN06830,Abinaya,Coursera,2026-06-12,09:55,3270.33,Education,GPay,Madurai,Pending
TXN06831,Swetha,Zomato,2026-08-13,18:52,668.04,Food,GPay,Chennai,Pending
TXN06832,Vishnu,Spotify,2026-05-24,07:01,558.31,Entertainment,GPay,Madurai,Success
TXN06833,Swetha,YouTube Premium,2026-02-05,04:10,1500.0,Entertainment,UPI,Trichy,Pending
TXN06834,Keerthi,Amazon Kindle,2026-07-22,14:53,5000.0,Education,UPI,Bengaluru,Success
TXN06835,Ishaan,Zomato,2026-04-28,02:07,762.44,Food,PhonePe,Salem,Success
TXN06836,Harini,Metro,2026-02-07,02:42,507.73,Transport,UPI,Salem,Success
TXN06837,Keerthi,Meesho,2026-04-25,17:41,1078.25,Shopping,Card,Coimbatore,Success
TXN06838,Swetha,Water Board,2026-03-18,08:07,808.08,Bills,UPI,Chennai,Failed
TXN06839,Keerthi,Amazon Kindle,2026-03-17,02:12,2214.91,Education,Card,Trichy,Success
TXN06840,Ishaan,TNSTC,2026-04-30,03:21,1200.0,Transport,UPI,Chennai,Success
TXN06841,Swetha,Meesho,2026-08-09,01:09,2797.48,Shopping,UPI,Salem,Success
TXN06842,Sanjay,Rapido,2026-04-20,16:14,366.79,Transport,GPay,Tirunelveli,Success
TXN06843,Kavi,Miscellaneous,2026-08-06,08:15,624.53,Others,UPI,Bengaluru,Pending
TXN06844,Kavi,Cafe Coffee Day,2026-01-24,21:48,900.0,Food,GPay,Trichy,Success
TXN06845,Meena,Meesho,2026-07-12,01:49,2675.34,Shopping,UPI,Chennai,Success
TXN06846,Meena,Uber,2026-05-21,03:38,1200.0,Transport,PhonePe,Tirunelveli,Success
TXN06847,Sanjay,PharmEasy,2026-05-26,16:40,892.38,Health,UPI,Salem,Pending
TXN06848,Vishnu,PharmEasy,2026-04-25,12:40,972.27,Health,PhonePe,Coimbatore,Success
TXN06849,Rahul,Google Workspace,2026-02-18,22:41,1975.2,Education,Card,Madurai,Success
TXN06850,Meena,Dominos,2026-05-04,02:36,621.21,Food,PhonePe,Tirunelveli,Success
TXN06851,Swetha,Cafe Coffee Day,2026-01-25,08:40,712.53,Food,Card,Salem,Success
TXN06852,Swetha,Swiggy,2026-02-12,03:56,315.35,Food,Card,Coimbatore,Success
TXN06853,Anu,Hotstar,2026-01-10,21:10,571.07,Entertainment,Card,Tenkasi,Success
TXN06854,Priya,Local Store,2026-07-01,01:06,457.33,Others,UPI,Coimbatore,Pending
TXN06855,Anu,KFC,2026-02-04,18:06,208.33,Food,PhonePe,Coimbatore,Failed
TXN06856,Rahul,A2B,2026-09-16,01:41,283.45,Food,Card,Trichy,Success
TXN06857,Deva,Meesho,2026-02-09,14:32,6000.0,Shopping,PhonePe,Trichy,Success
TXN06858,Kavi,Jio,2026-07-15,06:03,1242.45,Bills,UPI,Coimbatore,Success
TXN06859,Rahul,DMart,2026-09-30,22:23,3235.51,Shopping,GPay,Coimbatore,Failed
TXN06860,Harini,Swiggy,2026-03-04,05:07,384.74,Food,PhonePe,Coimbatore,Success
TXN06861,Vishnu,DMart,2026-03-13,18:55,1773.33,Shopping,UPI,Madurai,Failed
TXN06862,Swetha,Airtel,2026-05-04,02:46,2906.5,Bills,PhonePe,Tirunelveli,Success
TXN06863,Anu,1mg,2026-06-27,00:04,1117.47,Health,Card,Chennai,Success
TXN06864,Nivetha,DMart,2026-03-05,14:29,5147.54,Shopping,UPI,Tirunelveli,Success
TXN06865,Nivetha,1mg,2026-02-17,06:28,2626.81,Health,GPay,Chennai,Success
TXN06866,Swetha,A2B,2026-03-15,06:52,348.45,Food,Card,Madurai,Success
TXN06867,Sanjay,A2B,2026-04-03,03:27,723.29,Food,Card,Coimbatore,Success
TXN06868,Nivetha,Amazon Kindle,2026-01-18,14:59,3951.38,Education,UPI,Madurai,Success
TXN06869,Deva,HealthPlus,2026-07-09,22:10,1304.74,Health,UPI,Salem,Success
TXN06870,Rahul,HealthPlus,2026-06-25,01:43,1215.84,Health,UPI,Madurai,Success
TXN06871,Anu,Cafe Coffee Day,2026-06-18,07:43,563.24,Food,PhonePe,Bengaluru,Pending
TXN06872,Swetha,Cafe Coffee Day,2026-09-09,16:52,900.0,Food,UPI,Salem,Success
TXN06873,Swetha,KFC,2026-06-01,22:55,898.61,Food,PhonePe,Bengaluru,Success
TXN06874,Rahul,Spotify,2026-03-18,07:35,830.03,Entertainment,UPI,Madurai,Success
TXN06875,Nivetha,Reliance Trends,2026-02-06,04:21,1077.28,Shopping,Card,Tenkasi,Pending
TXN06876,Priya,KFC,2026-02-22,22:31,460.39,Food,UPI,Madurai,Success
TXN06877,Kavi,Metro,2026-02-24,01:00,214.09,Transport,PhonePe,Madurai,Success
TXN06878,Anu,Dominos,2026-05-14,13:49,195.86,Food,GPay,Madurai,Success
TXN06879,Ishaan,Reliance Trends,2026-02-23,05:49,1978.42,Shopping,UPI,Bengaluru,Pending
TXN06880,Priya,Stationery Shop,2026-04-27,05:48,1069.11,Others,PhonePe,Tirunelveli,Success
TXN06881,Meena,Swiggy,2026-06-14,16:11,321.2,Food,PhonePe,Coimbatore,Failed
TXN06882,Swetha,Coursera,2026-02-23,08:29,5000.0,Education,UPI,Trichy,Success
TXN06883,Abinaya,TNSTC,2026-08-14,17:43,604.93,Transport,UPI,Bengaluru,Failed
TXN06884,Rahul,Spotify,2026-02-27,14:28,558.6,Entertainment,GPay,Tenkasi,Success
TXN06885,Meena,Metro,2026-01-28,17:36,901.74,Transport,Card,Madurai,Pending
TXN06886,Arun,Coursera,2026-02-04,12:42,1695.83,Education,PhonePe,Bengaluru,Success
TXN06887,Arun,Apollo Pharmacy,2026-06-04,09:12,1644.23,Health,Card,Madurai,Failed
TXN06888,Arun,Metro,2026-01-02,06:44,168.06,Transport,PhonePe,Coimbatore,Failed
TXN06889,Sanjay,Dominos,2026-04-29,18:33,306.92,Food,Card,Madurai,Pending
TXN06890,Kavi,Uber,2026-02-01,22:54,1198.45,Transport,PhonePe,Madurai,Success
TXN06891,Arun,Rapido,2026-07-07,10:41,788.74,Transport,PhonePe,Madurai,Success
TXN06892,Abinaya,YouTube Premium,2026-01-08,10:57,907.45,Entertainment,Card,Chennai,Success
TXN06893,Keerthi,Ola,2026-05-16,18:50,863.67,Transport,PhonePe,Chennai,Success
TXN06894,Kavi,Cafe Coffee Day,2026-04-02,19:16,900.0,Food,GPay,Tenkasi,Pending
TXN06895,Nivetha,Cafe Coffee Day,2026-03-11,18:15,457.05,Food,UPI,Madurai,Success
TXN06896,Rahul,ACT Fibernet,2026-09-21,16:35,1538.78,Bills,PhonePe,Coimbatore,Success
TXN06897,Anu,Metro,2026-08-07,10:03,940.71,Transport,GPay,Madurai,Success
TXN06898,Anu,Jio,2026-01-18,15:13,1839.93,Bills,PhonePe,Salem,Success
TXN06899,Harini,Netflix,2026-07-25,07:16,586.3,Entertainment,Card,Chennai,Success
TXN06900,Kavi,Zomato,2026-08-09,23:47,389.11,Food,GPay,Madurai,Pending
TXN06901,Kavi,Swiggy,2026-04-23,00:52,600.87,Food,UPI,Bengaluru,Success
TXN06902,Deva,KFC,2026-05-11,23:23,175.73,Food,GPay,Coimbatore,Success
TXN06903,Deva,Swiggy,2026-01-05,07:20,607.17,Food,GPay,Coimbatore,Success
TXN06904,Arun,Meesho,2026-08-01,03:19,1656.2,Shopping,PhonePe,Tenkasi,Success
TXN06905,Arun,Reliance Trends,2026-05-27,12:39,2095.65,Shopping,GPay,Madurai,Success
TXN06906,Priya,KFC,2026-07-20,06:13,223.73,Food,PhonePe,Madurai,Success
TXN06907,Rahul,A2B,2026-06-02,14:43,675.96,Food,UPI,Bengaluru,Success
TXN06908,Ishaan,Hotstar,2026-07-04,10:57,909.34,Entertainment,PhonePe,Bengaluru,Success
TXN06909,Swetha,Swiggy,2026-01-13,11:26,253.55,Food,UPI,Chennai,Success
TXN06910,Keerthi,Metro,2026-03-03,04:24,970.38,Transport,Card,Madurai,Failed
TXN06911,Vishnu,Netflix,2026-01-18,21:12,335.42,Entertainment,PhonePe,Chennai,Pending
TXN06912,Rahul,Rapido,2026-06-10,23:44,492.98,Transport,GPay,Coimbatore,Success
TXN06913,Anu,Metro,2026-08-01,18:25,284.44,Transport,GPay,Madurai,Failed
TXN06914,Ishaan,ACT Fibernet,2026-08-17,23:47,1865.41,Bills,UPI,Chennai,Pending
TXN06915,Meena,Cafe Coffee Day,2026-05-31,06:19,344.84,Food,Card,Tirunelveli,Success
TXN06916,Anu,Jio,2026-07-09,23:34,1062.69,Bills,UPI,Madurai,Success
TXN06917,Anu,Cafe Coffee Day,2026-03-31,01:39,465.66,Food,UPI,Chennai,Success
TXN06918,Nivetha,Swiggy,2026-05-05,01:12,262.57,Food,Card,Chennai,Success
TXN06919,Kavi,Amazon,2026-02-10,10:20,934.84,Shopping,UPI,Madurai,Pending
TXN06920,Anu,Swiggy,2026-09-03,00:39,193.9,Food,GPay,Trichy,Success
TXN06921,Kavi,KFC,2026-07-03,10:33,373.4,Food,UPI,Salem,Success
TXN06922,Ishaan,KFC,2026-01-21,10:01,401.34,Food,GPay,Madurai,Success
TXN06923,Abinaya,Amazon,2026-07-03,08:35,1930.4,Shopping,Card,Madurai,Success
TXN06924,Rahul,Hotstar,2026-08-14,11:58,1500.0,Entertainment,PhonePe,Chennai,Success
TXN06925,Anu,Spotify,2026-03-14,09:37,947.55,Entertainment,UPI,Chennai,Failed
TXN06926,Harini,Meesho,2026-01-31,02:50,3807.54,Shopping,Card,Madurai,Success
TXN06927,Meena,Zomato,2026-06-19,02:42,280.28,Food,Card,Madurai,Failed
TXN06928,Meena,Amazon,2026-06-30,06:02,1722.89,Shopping,GPay,Madurai,Success
TXN06929,Sanjay,Cafe Coffee Day,2026-06-18,20:32,514.27,Food,GPay,Chennai,Success
TXN06930,Ishaan,Swiggy,2026-08-13,02:24,397.88,Food,UPI,Madurai,Success
TXN06931,Ishaan,TNSTC,2026-05-21,16:25,708.14,Transport,Card,Madurai,Pending
TXN06932,Vishnu,Meesho,2026-02-21,21:21,2585.08,Shopping,Card,Tirunelveli,Success
TXN06933,Nivetha,Apollo Pharmacy,2026-05-07,04:09,2270.42,Health,PhonePe,Bengaluru,Success
TXN06934,Rahul,HealthPlus,2026-07-05,10:29,1533.88,Health,GPay,Chennai,Success
TXN06935,Kavi,Meesho,2026-05-23,12:57,2766.25,Shopping,UPI,Chennai,Success
TXN06936,Harini,RedBus,2026-06-07,02:52,797.23,Transport,PhonePe,Madurai,Success
TXN06937,Meena,Cafe Coffee Day,2026-05-04,15:09,900.0,Food,GPay,Madurai,Success
TXN06938,Ishaan,Udemy,2026-03-22,19:44,3662.43,Education,UPI,Bengaluru,Success
TXN06939,Nivetha,Dominos,2026-05-17,10:13,232.47,Food,GPay,Trichy,Pending
TXN06940,Keerthi,Hotstar,2026-01-03,19:36,707.92,Entertainment,UPI,Bengaluru,Success
TXN06941,Ishaan,Cafe Coffee Day,2026-05-01,19:47,423.61,Food,UPI,Chennai,Success
TXN06942,Sanjay,Zomato,2026-01-10,21:58,549.3,Food,Card,Trichy,Failed
TXN06943,Swetha,Electricity Board,2026-09-02,14:16,1642.95,Bills,Card,Madurai,Pending
TXN06944,Vishnu,Myntra,2026-09-29,01:32,3012.99,Shopping,PhonePe,Coimbatore,Success
TXN06945,Deva,A2B,2026-02-27,19:12,480.87,Food,PhonePe,Madurai,Success
TXN06946,Vishnu,Swiggy,2026-03-06,18:22,533.07,Food,GPay,Coimbatore,Success
TXN06947,Rahul,Reliance Trends,2026-08-10,14:30,1516.63,Shopping,Card,Chennai,Success
TXN06948,Harini,Cafe Coffee Day,2026-03-03,20:31,247.34,Food,GPay,Trichy,Failed
TXN06949,Keerthi,Spotify,2026-03-06,11:41,229.69,Entertainment,Card,Chennai,Success
TXN06950,Sanjay,HealthPlus,2026-08-18,14:51,3000.0,Health,PhonePe,Tenkasi,Success
TXN06951,Rahul,KFC,2026-07-01,14:21,157.4,Food,GPay,Salem,Failed
TXN06952,Anu,Dominos,2026-07-11,22:16,477.93,Food,GPay,Coimbatore,Pending
TXN06953,Nivetha,College Fees,2026-01-24,22:34,3661.33,Education,Card,Tirunelveli,Success
TXN06954,Vishnu,Rapido,2026-09-04,03:47,353.23,Transport,Card,Madurai,Success
TXN06955,Abinaya,Myntra,2026-01-29,04:36,5862.53,Shopping,Card,Chennai,Success
TXN06956,Nivetha,Myntra,2026-07-08,09:37,3076.48,Shopping,GPay,Madurai,Success
TXN06957,Arun,A2B,2026-06-15,04:30,900.0,Food,UPI,Madurai,Success
TXN06958,Harini,PharmEasy,2026-05-13,09:07,925.2,Health,PhonePe,Bengaluru,Success
TXN06959,Meena,Cafe Coffee Day,2026-06-22,22:50,418.68,Food,UPI,Madurai,Pending
TXN06960,Rahul,Cafe Coffee Day,2026-05-04,11:32,354.1,Food,Card,Chennai,Success
TXN06961,Ishaan,Cafe Coffee Day,2026-06-20,00:54,329.37,Food,GPay,Bengaluru,Pending
TXN06962,Keerthi,KFC,2026-08-19,05:28,339.31,Food,PhonePe,Chennai,Success
TXN06963,Keerthi,Local Pharmacy,2026-03-15,16:12,1265.83,Health,PhonePe,Trichy,Failed
TXN06964,Arun,Dominos,2026-05-20,05:22,371.2,Food,Card,Chennai,Success
TXN06965,Vishnu,Local Pharmacy,2026-08-05,20:49,2340.64,Health,PhonePe,Chennai,Success
TXN06966,Abinaya,KFC,2026-08-11,23:15,680.12,Food,PhonePe,Tirunelveli,Success
TXN06967,Ishaan,ACT Fibernet,2026-07-04,01:34,892.74,Bills,UPI,Coimbatore,Success
TXN06968,Rahul,Amazon,2026-08-10,12:06,2218.5,Shopping,Card,Tenkasi,Success
TXN06969,Rahul,Airtel,2026-09-27,08:44,2494.08,Bills,Card,Coimbatore,Pending
TXN06970,Ishaan,1mg,2026-02-03,20:00,1756.32,Health,Card,Coimbatore,Success
TXN06971,Harini,Swiggy,2026-06-20,00:44,407.0,Food,Card,Madurai,Failed
TXN06972,Swetha,Electricity Board,2026-01-19,03:22,2028.68,Bills,PhonePe,Madurai,Success
TXN06973,Arun,Dominos,2026-09-01,18:05,376.38,Food,Card,Madurai,Failed
TXN06974,Rahul,Uber,2026-01-28,16:19,984.64,Transport,PhonePe,Tenkasi,Success
TXN06975,Abinaya,Cafe Coffee Day,2026-04-21,10:30,704.27,Food,GPay,Madurai,Success
TXN06976,Arun,Cafe Coffee Day,2026-06-03,07:54,392.46,Food,PhonePe,Madurai,Success
TXN06977,Vishnu,Ola,2026-05-25,03:20,585.51,Transport,PhonePe,Bengaluru,Success
TXN06978,Abinaya,KFC,2026-06-30,20:50,393.21,Food,Card,Madurai,Pending
TXN06979,Kavi,KFC,2026-06-03,14:21,427.47,Food,PhonePe,Madurai,Failed
TXN06980,Abinaya,A2B,2026-03-21,18:53,822.84,Food,GPay,Madurai,Failed
TXN06981,Arun,Meesho,2026-07-02,20:08,2428.5,Shopping,UPI,Salem,Success
TXN06982,Kavi,Myntra,2026-04-07,07:52,2164.56,Shopping,PhonePe,Bengaluru,Success
TXN06983,Vishnu,KFC,2026-07-17,14:45,445.81,Food,GPay,Salem,Success
TXN06984,Sanjay,College Fees,2026-05-29,06:26,5000.0,Education,PhonePe,Coimbatore,Success
TXN06985,Sanjay,Salon,2026-05-27,05:25,844.66,Others,Card,Madurai,Success
TXN06986,Meena,RedBus,2026-09-03,08:14,401.31,Transport,PhonePe,Madurai,Success
TXN06987,Sanjay,A2B,2026-05-05,00:19,650.29,Food,UPI,Coimbatore,Success
TXN06988,Priya,DMart,2026-02-10,15:29,4531.18,Shopping,Card,Salem,Success
TXN06989,Deva,Reliance Trends,2026-07-03,01:35,3224.36,Shopping,Card,Tirunelveli,Success
TXN06990,Anu,Amazon Kindle,2026-03-16,09:29,1767.37,Education,Card,Madurai,Success
TXN06991,Sanjay,DMart,2026-08-27,04:54,4940.5,Shopping,PhonePe,Chennai,Pending
TXN06992,Meena,TNSTC,2026-05-04,17:24,316.54,Transport,Card,Trichy,Failed
TXN06993,Meena,DMart,2026-02-10,05:51,830.56,Shopping,UPI,Coimbatore,Failed
TXN06994,Harini,Hotstar,2026-05-12,16:59,697.16,Entertainment,Card,Chennai,Success
TXN06995,Harini,Water Board,2026-05-31,00:36,4000.0,Bills,GPay,Salem,Success
TXN06996,Harini,Electricity Board,2026-07-13,21:10,2203.6,Bills,PhonePe,Trichy,Failed
TXN06997,Anu,TNSTC,2026-06-12,16:35,500.62,Transport,UPI,Madurai,Success
TXN06998,Kavi,Zomato,2026-01-10,09:45,582.04,Food,GPay,Tenkasi,Success
TXN06999,Ishaan,Netflix,2026-02-22,19:20,989.39,Entertainment,GPay,Madurai,Success
TXN07000,Priya,Uber,2026-05-08,15:34,1200.0,Transport,UPI,Coimbatore,Success
TXN07001,Keerthi,Gift,2026-09-28,03:24,1896.57,Others,UPI,Madurai,Success
TXN07002,Arun,Myntra,2026-01-16,02:41,1938.08,Shopping,UPI,Chennai,Success
TXN07003,Deva,Reliance Trends,2026-02-10,01:02,3883.13,Shopping,GPay,Chennai,Pending
TXN07004,Nivetha,Amazon,2026-07-22,15:07,2914.89,Shopping,UPI,Chennai,Success
TXN07005,Keerthi,1mg,2026-01-30,23:42,1556.73,Health,PhonePe,Madurai,Success
TXN07006,Nivetha,Netflix,2026-08-25,09:23,743.06,Entertainment,GPay,Trichy,Pending
TXN07007,Deva,Google Workspace,2026-08-01,00:56,2371.88,Education,Card,Madurai,Success
TXN07008,Deva,Dominos,2026-08-16,07:16,203.83,Food,GPay,Madurai,Pending
TXN07009,Deva,Meesho,2026-01-23,02:50,2369.87,Shopping,Card,Madurai,Pending
TXN07010,Kavi,Uber,2026-03-29,14:07,574.19,Transport,UPI,Tenkasi,Failed
TXN07011,Kavi,Ola,2026-05-14,00:31,722.13,Transport,PhonePe,Tirunelveli,Success
TXN07012,Harini,Coursera,2026-05-19,23:38,2613.28,Education,Card,Madurai,Success
TXN07013,Harini,Salon,2026-06-10,02:54,1008.65,Others,GPay,Bengaluru,Success
TXN07014,Deva,YouTube Premium,2026-08-30,02:50,1058.82,Entertainment,GPay,Chennai,Success
TXN07015,Vishnu,Swiggy,2026-06-05,11:34,900.0,Food,GPay,Coimbatore,Success
TXN07016,Kavi,Amazon,2026-02-27,19:31,2673.04,Shopping,PhonePe,Salem,Success
TXN07017,Arun,YouTube Premium,2026-03-19,16:26,500.29,Entertainment,Card,Bengaluru,Success
TXN07018,Arun,Electricity Board,2026-09-06,20:43,3311.12,Bills,UPI,Tirunelveli,Success
TXN07019,Harini,TNSTC,2026-09-15,11:20,771.98,Transport,UPI,Madurai,Success
TXN07020,Priya,TNSTC,2026-05-20,05:46,513.53,Transport,UPI,Chennai,Success
TXN07021,Ishaan,Udemy,2026-07-18,20:09,782.52,Education,UPI,Chennai,Success
TXN07022,Sanjay,Amazon Kindle,2026-09-09,11:31,4179.4,Education,Card,Trichy,Success
TXN07023,Keerthi,Myntra,2026-09-13,03:43,1893.42,Shopping,PhonePe,Madurai,Success
TXN07024,Ishaan,Apollo Pharmacy,2026-01-29,12:35,1344.27,Health,GPay,Coimbatore,Success
TXN07025,Abinaya,KFC,2026-06-19,12:05,385.56,Food,Card,Bengaluru,Pending
TXN07026,Abinaya,BookMyShow,2026-07-15,11:07,1336.16,Entertainment,Card,Coimbatore,Success
TXN07027,Ishaan,Apollo Pharmacy,2026-06-03,09:31,1739.27,Health,UPI,Madurai,Success
TXN07028,Arun,Udemy,2026-07-27,16:51,1367.27,Education,UPI,Bengaluru,Success
TXN07029,Meena,Coursera,2026-02-03,11:12,5000.0,Education,UPI,Coimbatore,Success
TXN07030,Deva,Coursera,2026-07-30,17:24,3336.03,Education,Card,Chennai,Success
TXN07031,Keerthi,ACT Fibernet,2026-05-31,04:52,1414.5,Bills,Card,Tenkasi,Success
TXN07032,Kavi,Local Store,2026-03-18,00:11,2000.0,Others,GPay,Chennai,Success
TXN07033,Harini,TNSTC,2026-01-06,01:30,596.43,Transport,GPay,Tenkasi,Success
TXN07034,Meena,Dominos,2026-08-07,12:17,422.68,Food,UPI,Madurai,Success
TXN07035,Rahul,KFC,2026-08-28,13:21,436.41,Food,PhonePe,Madurai,Failed
TXN07036,Nivetha,BookMyShow,2026-05-09,04:08,771.02,Entertainment,GPay,Madurai,Success
TXN07037,Swetha,Dominos,2026-09-11,14:45,445.68,Food,GPay,Madurai,Success
TXN07038,Kavi,Amazon,2026-02-26,18:19,2782.54,Shopping,Card,Trichy,Success
TXN07039,Abinaya,Gift,2026-05-09,06:06,748.35,Others,Card,Salem,Failed
TXN07040,Ishaan,KFC,2026-08-12,03:30,308.83,Food,UPI,Bengaluru,Success
TXN07041,Sanjay,Google Workspace,2026-01-24,14:47,2718.2,Education,Card,Chennai,Success
TXN07042,Rahul,Dominos,2026-03-23,06:02,311.71,Food,GPay,Madurai,Failed
TXN07043,Swetha,KFC,2026-04-16,00:21,540.76,Food,GPay,Madurai,Success
TXN07044,Swetha,Water Board,2026-08-20,06:01,4000.0,Bills,UPI,Madurai,Success
TXN07045,Anu,Steam,2026-08-05,15:49,769.43,Entertainment,PhonePe,Tenkasi,Success
TXN07046,Swetha,Myntra,2026-01-24,11:47,3325.2,Shopping,GPay,Trichy,Success
TXN07047,Arun,Hotstar,2026-08-27,21:26,1338.56,Entertainment,UPI,Tirunelveli,Pending
TXN07048,Arun,Temple,2026-04-01,22:54,877.72,Others,GPay,Trichy,Success
TXN07049,Anu,Flipkart,2026-09-30,07:22,2202.92,Shopping,PhonePe,Trichy,Success
TXN07050,Kavi,Electricity Board,2026-07-03,16:45,565.65,Bills,GPay,Trichy,Success
TXN07051,Abinaya,Steam,2026-03-28,01:36,824.15,Entertainment,Card,Tirunelveli,Pending
TXN07052,Sanjay,Cafe Coffee Day,2026-02-01,07:43,338.66,Food,PhonePe,Chennai,Success
TXN07053,Keerthi,Amazon Kindle,2026-02-24,10:51,2146.77,Education,UPI,Chennai,Failed
TXN07054,Harini,Coursera,2026-08-12,14:06,843.92,Education,Card,Chennai,Success
TXN07055,Arun,Zomato,2026-07-23,06:34,391.29,Food,UPI,Chennai,Failed
TXN07056,Vishnu,Dominos,2026-05-05,12:49,254.53,Food,PhonePe,Bengaluru,Success
TXN07057,Rahul,RedBus,2026-03-17,06:04,304.02,Transport,PhonePe,Madurai,Success
TXN07058,Vishnu,A2B,2026-01-11,13:13,270.55,Food,GPay,Madurai,Failed
TXN07059,Ishaan,Water Board,2026-08-26,06:58,1128.18,Bills,Card,Madurai,Failed
TXN07060,Vishnu,Metro,2026-04-13,21:42,931.07,Transport,GPay,Coimbatore,Failed
TXN07061,Keerthi,Myntra,2026-01-03,14:55,5316.94,Shopping,GPay,Madurai,Success
TXN07062,Anu,TNSTC,2026-04-29,00:55,639.87,Transport,UPI,Coimbatore,Success
TXN07063,Ishaan,Apollo Pharmacy,2026-06-10,22:11,3000.0,Health,PhonePe,Chennai,Pending
TXN07064,Abinaya,Local Pharmacy,2026-07-16,09:25,1248.25,Health,Card,Trichy,Success
TXN07065,Vishnu,HealthPlus,2026-07-10,21:17,361.34,Health,PhonePe,Salem,Success
TXN07066,Ishaan,Netflix,2026-06-11,18:55,490.21,Entertainment,GPay,Madurai,Pending
TXN07067,Abinaya,Stationery Shop,2026-09-08,22:21,948.86,Others,GPay,Madurai,Success
TXN07068,Arun,KFC,2026-05-15,12:34,273.2,Food,Card,Madurai,Success
TXN07069,Deva,Apollo Pharmacy,2026-01-26,04:02,1519.26,Health,GPay,Madurai,Success
TXN07070,Meena,KFC,2026-06-18,10:11,631.72,Food,UPI,Bengaluru,Success
TXN07071,Deva,College Fees,2026-05-25,06:08,1483.55,Education,GPay,Salem,Failed
TXN07072,Ishaan,Electricity Board,2026-03-26,17:06,4000.0,Bills,PhonePe,Madurai,Failed
TXN07073,Swetha,Local Store,2026-06-11,07:38,2000.0,Others,PhonePe,Madurai,Success
TXN07074,Abinaya,Zomato,2026-07-04,02:29,900.0,Food,PhonePe,Chennai,Failed
TXN07075,Vishnu,Myntra,2026-04-07,11:14,1144.27,Shopping,GPay,Chennai,Success
TXN07076,Ishaan,Zomato,2026-09-19,16:10,347.62,Food,GPay,Chennai,Success
TXN07077,Swetha,Cafe Coffee Day,2026-07-05,04:10,522.85,Food,UPI,Bengaluru,Success
TXN07078,Vishnu,Flipkart,2026-05-17,02:59,1429.69,Shopping,GPay,Tenkasi,Failed
TXN07079,Abinaya,Reliance Trends,2026-02-22,04:20,1494.9,Shopping,GPay,Chennai,Success
TXN07080,Nivetha,Jio,2026-05-13,21:34,745.36,Bills,GPay,Bengaluru,Success
TXN07081,Ishaan,Uber,2026-06-19,14:36,604.21,Transport,UPI,Trichy,Success
TXN07082,Arun,Hotstar,2026-03-20,16:08,922.38,Entertainment,PhonePe,Salem,Success
TXN07083,Nivetha,Dominos,2026-05-16,15:17,790.13,Food,Card,Tenkasi,Failed
TXN07084,Meena,Stationery Shop,2026-03-19,23:01,1273.22,Others,PhonePe,Chennai,Success
TXN07085,Priya,Local Store,2026-01-27,12:31,1392.94,Others,GPay,Salem,Success
TXN07086,Deva,TNSTC,2026-02-11,05:04,246.37,Transport,GPay,Chennai,Success
TXN07087,Vishnu,Myntra,2026-09-02,07:00,3351.26,Shopping,GPay,Tirunelveli,Success
TXN07088,Vishnu,HealthPlus,2026-06-10,18:16,1417.7,Health,GPay,Madurai,Success
TXN07089,Arun,Uber,2026-05-28,06:28,416.68,Transport,Card,Madurai,Success
TXN07090,Ishaan,BookMyShow,2026-04-10,02:52,630.17,Entertainment,Card,Madurai,Success
TXN07091,Ishaan,Metro,2026-05-24,12:43,711.92,Transport,UPI,Salem,Pending
TXN07092,Meena,BookMyShow,2026-06-13,03:42,1135.08,Entertainment,UPI,Tirunelveli,Success
TXN07093,Harini,Myntra,2026-08-18,21:04,6000.0,Shopping,GPay,Trichy,Failed
TXN07094,Arun,KFC,2026-05-03,22:59,561.38,Food,Card,Chennai,Success
TXN07095,Priya,Netflix,2026-04-18,08:12,1203.84,Entertainment,UPI,Madurai,Success
TXN07096,Nivetha,Udemy,2026-07-17,00:08,3799.09,Education,PhonePe,Coimbatore,Success
TXN07097,Anu,Zomato,2026-01-09,08:49,818.38,Food,PhonePe,Madurai,Success
TXN07098,Abinaya,Uber,2026-08-11,12:57,331.86,Transport,PhonePe,Tirunelveli,Failed
TXN07099,Meena,Temple,2026-03-20,13:16,1012.0,Others,GPay,Chennai,Success
TXN07100,Nivetha,Uber,2026-09-17,20:41,364.19,Transport,UPI,Madurai,Success
TXN07101,Harini,TNSTC,2026-04-16,16:34,375.82,Transport,GPay,Madurai,Success
TXN07102,Meena,Spotify,2026-04-08,01:28,970.93,Entertainment,PhonePe,Madurai,Success
TXN07103,Rahul,Salon,2026-08-26,17:03,1243.74,Others,PhonePe,Madurai,Success
TXN07104,Sanjay,Uber,2026-09-26,23:38,730.37,Transport,UPI,Trichy,Success
TXN07105,Priya,TNSTC,2026-07-26,15:42,438.1,Transport,Card,Madurai,Success
TXN07106,Keerthi,Salon,2026-02-04,14:27,1028.0,Others,PhonePe,Bengaluru,Failed
TXN07107,Arun,KFC,2026-07-24,17:12,390.89,Food,GPay,Chennai,Success
TXN07108,Keerthi,Cafe Coffee Day,2026-01-25,10:38,557.57,Food,PhonePe,Coimbatore,Success
TXN07109,Vishnu,Steam,2026-05-17,12:52,1367.17,Entertainment,PhonePe,Madurai,Failed
TXN07110,Meena,Myntra,2026-02-08,23:07,1774.81,Shopping,Card,Bengaluru,Failed
TXN07111,Arun,Dominos,2026-08-22,20:38,449.27,Food,UPI,Madurai,Success
TXN07112,Abinaya,College Fees,2026-02-01,18:07,3875.6,Education,GPay,Madurai,Failed
TXN07113,Ishaan,Flipkart,2026-06-27,08:49,1283.99,Shopping,GPay,Coimbatore,Failed
TXN07114,Keerthi,A2B,2026-01-23,09:16,746.09,Food,Card,Coimbatore,Failed
TXN07115,Deva,Reliance Trends,2026-07-13,23:37,986.03,Shopping,Card,Madurai,Success
TXN07116,Keerthi,BookMyShow,2026-01-31,06:14,430.62,Entertainment,PhonePe,Trichy,Success
TXN07117,Deva,Netflix,2026-08-05,14:09,744.88,Entertainment,GPay,Madurai,Success
TXN07118,Abinaya,Rapido,2026-06-05,07:35,503.9,Transport,Card,Chennai,Pending
TXN07119,Abinaya,Cafe Coffee Day,2026-04-19,15:11,362.11,Food,GPay,Coimbatore,Pending
TXN07120,Priya,Google Workspace,2026-05-04,14:58,5000.0,Education,UPI,Bengaluru,Pending
TXN07121,Priya,Apollo Pharmacy,2026-05-28,02:44,780.11,Health,Card,Chennai,Success
TXN07122,Swetha,Amazon Kindle,2026-02-20,08:01,3195.33,Education,Card,Bengaluru,Failed
TXN07123,Nivetha,Miscellaneous,2026-03-27,04:04,2000.0,Others,GPay,Chennai,Success
TXN07124,Sanjay,TNSTC,2026-09-04,20:16,941.66,Transport,PhonePe,Chennai,Success
TXN07125,Ishaan,RedBus,2026-04-11,03:47,715.19,Transport,UPI,Bengaluru,Success
TXN07126,Meena,Meesho,2026-01-20,12:00,3340.41,Shopping,PhonePe,Madurai,Pending
TXN07127,Rahul,Google Workspace,2026-09-28,10:32,1972.27,Education,PhonePe,Chennai,Success
TXN07128,Keerthi,Amazon,2026-07-25,08:38,2268.94,Shopping,UPI,Salem,Pending
TXN07129,Swetha,Swiggy,2026-05-31,13:52,217.08,Food,Card,Madurai,Success
TXN07130,Priya,College Fees,2026-06-12,14:35,4247.56,Education,Card,Madurai,Failed
TXN07131,Sanjay,Amazon Kindle,2026-06-03,05:06,1244.64,Education,UPI,Madurai,Pending
TXN07132,Anu,YouTube Premium,2026-08-21,05:57,736.2,Entertainment,Card,Coimbatore,Success
TXN07133,Priya,Salon,2026-03-24,04:37,819.36,Others,GPay,Coimbatore,Success
TXN07134,Harini,Cafe Coffee Day,2026-08-10,22:44,497.34,Food,UPI,Chennai,Success
TXN07135,Kavi,Uber,2026-04-27,17:38,822.46,Transport,UPI,Chennai,Success
TXN07136,Rahul,Airtel,2026-07-28,22:54,1564.37,Bills,PhonePe,Trichy,Failed
TXN07137,Meena,KFC,2026-03-11,06:55,252.52,Food,PhonePe,Madurai,Failed
TXN07138,Sanjay,HealthPlus,2026-03-21,12:13,1021.34,Health,Card,Trichy,Success
TXN07139,Keerthi,DMart,2026-07-31,14:42,1804.85,Shopping,Card,Madurai,Success
TXN07140,Abinaya,Netflix,2026-09-12,09:10,1500.0,Entertainment,Card,Madurai,Success
TXN07141,Meena,Metro,2026-09-09,22:14,1189.63,Transport,UPI,Madurai,Success
TXN07142,Nivetha,Amazon,2026-03-16,16:25,1400.39,Shopping,PhonePe,Chennai,Success
TXN07143,Sanjay,Zomato,2026-01-27,02:38,381.9,Food,Card,Chennai,Success
TXN07144,Vishnu,Ola,2026-01-19,19:59,353.47,Transport,UPI,Chennai,Success
TXN07145,Kavi,Meesho,2026-02-12,00:13,2061.61,Shopping,GPay,Madurai,Failed
TXN07146,Arun,Amazon,2026-06-15,10:32,2200.5,Shopping,Card,Madurai,Success
TXN07147,Ishaan,Rapido,2026-01-28,03:16,372.51,Transport,PhonePe,Bengaluru,Success
TXN07148,Keerthi,Meesho,2026-03-08,22:20,4802.32,Shopping,UPI,Coimbatore,Success
TXN07149,Nivetha,Electricity Board,2026-06-11,06:10,2371.77,Bills,PhonePe,Madurai,Success
TXN07150,Priya,Cafe Coffee Day,2026-04-12,01:55,514.25,Food,Card,Chennai,Pending
TXN07151,Swetha,Dominos,2026-07-30,13:32,900.0,Food,PhonePe,Bengaluru,Success
TXN07152,Vishnu,PharmEasy,2026-02-24,01:33,2307.5,Health,Card,Tirunelveli,Failed
TXN07153,Rahul,Steam,2026-03-02,16:53,773.09,Entertainment,Card,Madurai,Success
TXN07154,Deva,Uber,2026-03-17,12:12,680.85,Transport,UPI,Tenkasi,Success
TXN07155,Abinaya,Amazon,2026-08-23,14:21,5061.59,Shopping,PhonePe,Chennai,Success
TXN07156,Deva,Amazon Kindle,2026-07-31,11:33,4074.45,Education,UPI,Chennai,Pending
TXN07157,Keerthi,Ola,2026-06-13,06:34,181.65,Transport,UPI,Chennai,Success
TXN07158,Rahul,A2B,2026-02-11,14:02,570.7,Food,UPI,Salem,Success
TXN07159,Priya,Amazon,2026-09-13,11:43,3107.93,Shopping,UPI,Coimbatore,Success
TXN07160,Arun,Local Store,2026-04-06,02:01,1398.49,Others,Card,Tenkasi,Success
TXN07161,Nivetha,A2B,2026-03-25,18:04,174.11,Food,UPI,Madurai,Success
TXN07162,Swetha,Airtel,2026-05-21,07:53,3598.41,Bills,GPay,Madurai,Success
TXN07163,Keerthi,Uber,2026-09-11,15:37,876.17,Transport,PhonePe,Tenkasi,Failed
TXN07164,Ishaan,Metro,2026-04-27,04:57,485.19,Transport,UPI,Madurai,Success
TXN07165,Nivetha,KFC,2026-08-08,17:01,900.0,Food,Card,Chennai,Failed
TXN07166,Sanjay,Cafe Coffee Day,2026-08-30,15:30,251.01,Food,GPay,Trichy,Success
TXN07167,Ishaan,Ola,2026-05-21,21:10,658.37,Transport,Card,Tenkasi,Pending
TXN07168,Priya,College Fees,2026-06-01,03:30,1827.45,Education,PhonePe,Tirunelveli,Pending
TXN07169,Swetha,RedBus,2026-02-08,00:44,391.02,Transport,Card,Madurai,Pending
TXN07170,Arun,Swiggy,2026-03-30,20:56,430.52,Food,UPI,Coimbatore,Success
TXN07171,Priya,KFC,2026-07-14,21:42,900.0,Food,PhonePe,Coimbatore,Success
TXN07172,Priya,Local Store,2026-07-02,17:16,390.88,Others,PhonePe,Madurai,Success
TXN07173,Arun,A2B,2026-05-26,17:36,669.79,Food,GPay,Chennai,Success
TXN07174,Kavi,Reliance Trends,2026-02-15,12:20,6000.0,Shopping,UPI,Madurai,Success
TXN07175,Nivetha,Water Board,2026-06-29,12:55,1088.65,Bills,UPI,Madurai,Pending
TXN07176,Kavi,A2B,2026-04-15,09:03,900.0,Food,PhonePe,Tenkasi,Success
TXN07177,Abinaya,A2B,2026-01-14,17:32,787.04,Food,Card,Trichy,Pending
TXN07178,Harini,Swiggy,2026-05-03,20:10,202.63,Food,PhonePe,Salem,Success
TXN07179,Arun,Rapido,2026-08-19,18:25,127.6,Transport,PhonePe,Tenkasi,Success
TXN07180,Swetha,Miscellaneous,2026-01-11,16:07,516.2,Others,UPI,Tenkasi,Success
TXN07181,Nivetha,Zomato,2026-09-25,05:34,498.06,Food,GPay,Trichy,Success
TXN07182,Sanjay,Coursera,2026-07-21,10:31,3543.18,Education,GPay,Madurai,Success
TXN07183,Priya,Metro,2026-05-12,08:57,1083.35,Transport,GPay,Madurai,Success
TXN07184,Meena,Local Pharmacy,2026-08-22,01:46,1437.46,Health,PhonePe,Coimbatore,Success
TXN07185,Abinaya,Dominos,2026-01-13,21:13,465.41,Food,GPay,Chennai,Success
TXN07186,Sanjay,PharmEasy,2026-07-17,22:49,703.04,Health,Card,Trichy,Success
TXN07187,Priya,Ola,2026-04-14,04:26,1200.0,Transport,PhonePe,Chennai,Success
TXN07188,Anu,College Fees,2026-09-26,01:47,4366.4,Education,GPay,Chennai,Success
TXN07189,Nivetha,Myntra,2026-05-04,15:03,3882.5,Shopping,Card,Coimbatore,Failed
TXN07190,Keerthi,Reliance Trends,2026-06-18,05:33,2928.83,Shopping,Card,Coimbatore,Pending
TXN07191,Sanjay,Steam,2026-07-19,19:18,1500.0,Entertainment,Card,Madurai,Success
TXN07192,Swetha,Swiggy,2026-05-18,03:40,244.58,Food,UPI,Coimbatore,Success
TXN07193,Swetha,Cafe Coffee Day,2026-07-05,15:26,519.42,Food,PhonePe,Coimbatore,Failed
TXN07194,Keerthi,Steam,2026-03-17,20:38,1500.0,Entertainment,PhonePe,Coimbatore,Success
TXN07195,Kavi,Swiggy,2026-06-11,20:35,242.58,Food,UPI,Chennai,Success
TXN07196,Arun,DMart,2026-08-17,18:32,6000.0,Shopping,Card,Chennai,Success
TXN07197,Rahul,Cafe Coffee Day,2026-06-19,07:38,762.76,Food,UPI,Bengaluru,Pending
TXN07198,Deva,Zomato,2026-04-27,02:25,660.99,Food,Card,Madurai,Failed
TXN07199,Deva,Metro,2026-07-16,02:10,1200.0,Transport,Card,Tenkasi,Success
TXN07200,Vishnu,Hotstar,2026-07-14,12:18,1423.12,Entertainment,GPay,Chennai,Success
TXN07201,Abinaya,Steam,2026-01-23,05:51,343.48,Entertainment,GPay,Madurai,Success
TXN07202,Meena,Dominos,2026-08-26,01:55,198.63,Food,UPI,Chennai,Failed
TXN07203,Anu,Swiggy,2026-04-27,17:30,340.47,Food,PhonePe,Madurai,Success
TXN07204,Vishnu,Apollo Pharmacy,2026-02-18,20:57,1793.93,Health,Card,Tenkasi,Success
TXN07205,Anu,Jio,2026-04-17,05:49,3831.85,Bills,Card,Salem,Success
TXN07206,Meena,Cafe Coffee Day,2026-09-12,09:47,399.83,Food,PhonePe,Chennai,Pending
TXN07207,Vishnu,Cafe Coffee Day,2026-07-22,17:35,300.16,Food,PhonePe,Tirunelveli,Success
TXN07208,Arun,Steam,2026-02-09,11:52,1250.24,Entertainment,PhonePe,Chennai,Success
TXN07209,Sanjay,Zomato,2026-09-09,04:34,391.46,Food,PhonePe,Madurai,Failed
TXN07210,Abinaya,Steam,2026-04-09,03:18,963.88,Entertainment,Card,Chennai,Failed
TXN07211,Vishnu,A2B,2026-05-18,03:55,461.6,Food,UPI,Tenkasi,Pending
TXN07212,Nivetha,KFC,2026-07-16,06:00,308.7,Food,UPI,Coimbatore,Success
TXN07213,Ishaan,Steam,2026-03-14,16:49,537.75,Entertainment,UPI,Tenkasi,Success
TXN07214,Sanjay,Meesho,2026-04-28,22:43,1588.2,Shopping,UPI,Madurai,Success
TXN07215,Harini,Cafe Coffee Day,2026-08-16,02:00,892.32,Food,GPay,Coimbatore,Pending
TXN07216,Sanjay,A2B,2026-02-15,22:03,366.83,Food,PhonePe,Madurai,Success
TXN07217,Swetha,Swiggy,2026-09-30,14:49,302.95,Food,PhonePe,Madurai,Success
TXN07218,Priya,Meesho,2026-02-23,09:20,1134.9,Shopping,Card,Bengaluru,Success
TXN07219,Vishnu,Rapido,2026-02-09,21:08,207.66,Transport,Card,Trichy,Success
TXN07220,Swetha,BookMyShow,2026-07-12,00:19,426.16,Entertainment,Card,Chennai,Pending
TXN07221,Nivetha,Gift,2026-05-20,00:03,1213.46,Others,UPI,Chennai,Success
TXN07222,Abinaya,Uber,2026-07-10,11:40,617.34,Transport,Card,Bengaluru,Pending
TXN07223,Harini,Dominos,2026-08-03,21:55,386.23,Food,Card,Trichy,Success
TXN07224,Anu,TNSTC,2026-03-13,20:04,328.91,Transport,PhonePe,Trichy,Pending
TXN07225,Rahul,Cafe Coffee Day,2026-01-31,11:31,166.18,Food,UPI,Chennai,Success
TXN07226,Harini,Swiggy,2026-03-19,08:14,304.98,Food,GPay,Coimbatore,Pending
TXN07227,Abinaya,Zomato,2026-04-06,04:00,389.29,Food,UPI,Tenkasi,Success
TXN07228,Nivetha,YouTube Premium,2026-02-20,12:48,1154.92,Entertainment,GPay,Coimbatore,Success
TXN07229,Deva,Myntra,2026-01-07,10:59,1341.73,Shopping,Card,Salem,Success
TXN07230,Swetha,Ola,2026-01-01,16:45,487.95,Transport,UPI,Salem,Success
TXN07231,Meena,DMart,2026-04-14,02:07,1610.23,Shopping,Card,Madurai,Success
TXN07232,Swetha,KFC,2026-01-29,16:20,334.98,Food,GPay,Tenkasi,Success
TXN07233,Vishnu,Jio,2026-03-04,13:33,4000.0,Bills,Card,Salem,Success
TXN07234,Abinaya,Reliance Trends,2026-06-19,19:40,1799.15,Shopping,Card,Madurai,Success
TXN07235,Ishaan,Jio,2026-08-29,15:07,1104.52,Bills,Card,Madurai,Pending
TXN07236,Harini,HealthPlus,2026-05-26,14:04,3000.0,Health,GPay,Tenkasi,Failed
TXN07237,Abinaya,BookMyShow,2026-01-25,18:45,1072.73,Entertainment,Card,Coimbatore,Pending
TXN07238,Ishaan,Meesho,2026-03-18,20:39,3953.62,Shopping,GPay,Tenkasi,Success
TXN07239,Deva,Reliance Trends,2026-09-22,10:36,1842.14,Shopping,Card,Madurai,Failed
TXN07240,Rahul,Steam,2026-04-21,15:32,1500.0,Entertainment,PhonePe,Chennai,Success
TXN07241,Arun,A2B,2026-08-09,06:02,211.54,Food,Card,Chennai,Failed
TXN07242,Ishaan,Dominos,2026-04-30,00:25,831.2,Food,PhonePe,Bengaluru,Pending
TXN07243,Arun,Uber,2026-05-12,16:39,1182.4,Transport,GPay,Trichy,Success
TXN07244,Arun,Rapido,2026-04-10,07:22,1200.0,Transport,GPay,Bengaluru,Success
TXN07245,Rahul,Meesho,2026-06-17,13:02,6000.0,Shopping,GPay,Salem,Success
TXN07246,Swetha,Meesho,2026-01-10,18:17,2606.53,Shopping,GPay,Trichy,Success
TXN07247,Keerthi,Spotify,2026-06-07,20:47,918.02,Entertainment,UPI,Coimbatore,Success
TXN07248,Vishnu,Cafe Coffee Day,2026-05-03,15:20,472.21,Food,GPay,Tirunelveli,Pending
TXN07249,Harini,Amazon,2026-05-23,22:52,1708.93,Shopping,GPay,Tirunelveli,Failed
TXN07250,Priya,Miscellaneous,2026-02-24,12:45,831.46,Others,PhonePe,Tenkasi,Pending
TXN07251,Harini,Salon,2026-02-13,07:36,1954.0,Others,Card,Tenkasi,Failed
TXN07252,Keerthi,Amazon,2026-02-24,17:29,1426.41,Shopping,GPay,Tenkasi,Success
TXN07253,Nivetha,Jio,2026-05-22,15:01,3189.21,Bills,GPay,Madurai,Success
TXN07254,Abinaya,Reliance Trends,2026-05-15,02:02,4862.45,Shopping,UPI,Chennai,Success
TXN07255,Sanjay,PharmEasy,2026-02-20,20:38,1584.98,Health,GPay,Tirunelveli,Success
TXN07256,Arun,Flipkart,2026-02-17,21:21,5028.18,Shopping,PhonePe,Madurai,Success
TXN07257,Arun,Gift,2026-01-28,00:43,572.45,Others,PhonePe,Bengaluru,Success
TXN07258,Meena,KFC,2026-01-26,21:51,243.66,Food,Card,Salem,Pending
TXN07259,Vishnu,Local Pharmacy,2026-06-07,02:45,1192.68,Health,GPay,Bengaluru,Success
TXN07260,Keerthi,Temple,2026-02-22,16:16,1189.27,Others,Card,Tenkasi,Success
TXN07261,Sanjay,College Fees,2026-01-02,13:58,5000.0,Education,UPI,Madurai,Success
TXN07262,Abinaya,Meesho,2026-09-23,11:45,3157.23,Shopping,GPay,Coimbatore,Success
TXN07263,Priya,Hotstar,2026-09-03,16:32,623.02,Entertainment,GPay,Madurai,Success
TXN07264,Nivetha,Water Board,2026-05-26,00:13,3899.5,Bills,Card,Chennai,Success
TXN07265,Deva,Swiggy,2026-02-03,17:44,225.37,Food,GPay,Madurai,Success
TXN07266,Kavi,College Fees,2026-03-19,23:25,1123.09,Education,Card,Chennai,Success
TXN07267,Arun,YouTube Premium,2026-05-16,22:01,1500.0,Entertainment,Card,Chennai,Success
TXN07268,Arun,Swiggy,2026-04-19,06:10,301.14,Food,UPI,Madurai,Failed
TXN07269,Kavi,A2B,2026-01-06,04:39,900.0,Food,GPay,Coimbatore,Success
TXN07270,Deva,College Fees,2026-08-15,16:35,5000.0,Education,PhonePe,Madurai,Success
TXN07271,Swetha,Metro,2026-06-06,23:10,1033.74,Transport,UPI,Chennai,Failed
TXN07272,Harini,Stationery Shop,2026-07-04,12:39,1902.35,Others,PhonePe,Coimbatore,Failed
TXN07273,Deva,A2B,2026-04-04,03:07,900.0,Food,UPI,Trichy,Failed
TXN07274,Meena,Stationery Shop,2026-06-10,22:07,1859.4,Others,GPay,Tenkasi,Success
TXN07275,Rahul,A2B,2026-07-09,03:30,145.1,Food,UPI,Chennai,Success
TXN07276,Arun,Flipkart,2026-05-08,05:21,3671.91,Shopping,UPI,Coimbatore,Success
TXN07277,Rahul,Zomato,2026-09-11,08:16,494.84,Food,PhonePe,Chennai,Failed
TXN07278,Rahul,Uber,2026-03-18,23:15,446.12,Transport,PhonePe,Chennai,Success
TXN07279,Deva,Cafe Coffee Day,2026-03-16,03:16,390.45,Food,PhonePe,Madurai,Success
TXN07280,Deva,Miscellaneous,2026-08-10,11:07,944.08,Others,Card,Coimbatore,Failed
TXN07281,Priya,Meesho,2026-04-25,12:45,2589.34,Shopping,Card,Coimbatore,Success
TXN07282,Abinaya,Apollo Pharmacy,2026-06-16,11:07,3000.0,Health,UPI,Chennai,Pending
TXN07283,Meena,DMart,2026-03-29,20:55,2600.86,Shopping,UPI,Madurai,Failed
TXN07284,Abinaya,Amazon Kindle,2026-07-14,06:23,5000.0,Education,PhonePe,Chennai,Failed
TXN07285,Nivetha,Myntra,2026-04-03,19:40,2099.37,Shopping,Card,Chennai,Pending
TXN07286,Vishnu,Flipkart,2026-08-08,05:22,2404.57,Shopping,Card,Trichy,Success
TXN07287,Sanjay,DMart,2026-04-22,12:59,2735.46,Shopping,Card,Chennai,Pending
TXN07288,Meena,Amazon,2026-03-10,23:05,1955.05,Shopping,UPI,Madurai,Failed
TXN07289,Harini,Airtel,2026-02-12,13:57,1840.42,Bills,PhonePe,Madurai,Pending
TXN07290,Anu,Electricity Board,2026-07-09,06:45,1483.35,Bills,GPay,Salem,Success
TXN07291,Sanjay,Spotify,2026-06-03,03:15,1233.28,Entertainment,GPay,Bengaluru,Success
TXN07292,Keerthi,Myntra,2026-07-14,23:49,2362.38,Shopping,Card,Bengaluru,Success
TXN07293,Meena,Reliance Trends,2026-09-07,03:03,1828.14,Shopping,Card,Trichy,Success
TXN07294,Rahul,Ola,2026-09-26,01:03,501.17,Transport,Card,Bengaluru,Success
TXN07295,Vishnu,Cafe Coffee Day,2026-02-08,06:00,454.98,Food,PhonePe,Chennai,Failed
TXN07296,Priya,Miscellaneous,2026-07-19,11:16,874.54,Others,PhonePe,Tenkasi,Pending
TXN07297,Nivetha,Electricity Board,2026-09-07,13:16,4000.0,Bills,PhonePe,Trichy,Pending
TXN07298,Swetha,A2B,2026-06-17,13:05,615.84,Food,GPay,Madurai,Success
TXN07299,Priya,Zomato,2026-07-28,08:45,237.94,Food,PhonePe,Madurai,Success
TXN07300,Ishaan,Cafe Coffee Day,2026-07-17,04:09,674.04,Food,PhonePe,Tirunelveli,Failed
TXN07301,Meena,Flipkart,2026-07-12,01:30,3604.37,Shopping,GPay,Madurai,Failed
TXN07302,Harini,Metro,2026-05-15,11:36,823.21,Transport,PhonePe,Coimbatore,Failed
TXN07303,Abinaya,Amazon,2026-03-19,21:02,4391.84,Shopping,PhonePe,Bengaluru,Failed
TXN07304,Kavi,Ola,2026-06-06,23:41,1200.0,Transport,Card,Chennai,Success
TXN07305,Rahul,Flipkart,2026-01-30,08:22,2837.81,Shopping,Card,Coimbatore,Success
TXN07306,Sanjay,TNSTC,2026-07-12,20:25,598.63,Transport,GPay,Madurai,Success
TXN07307,Sanjay,PharmEasy,2026-06-11,21:23,1039.06,Health,Card,Bengaluru,Success
TXN07308,Sanjay,Jio,2026-03-13,07:18,2338.26,Bills,UPI,Coimbatore,Success
TXN07309,Priya,A2B,2026-09-21,17:42,301.11,Food,GPay,Coimbatore,Pending
TXN07310,Swetha,Meesho,2026-01-02,15:42,1752.48,Shopping,GPay,Madurai,Success
TXN07311,Ishaan,Amazon,2026-07-24,00:52,6000.0,Shopping,PhonePe,Coimbatore,Success
TXN07312,Swetha,Ola,2026-06-20,19:03,591.15,Transport,GPay,Bengaluru,Failed
TXN07313,Ishaan,Google Workspace,2026-09-07,04:35,3405.35,Education,UPI,Madurai,Success
TXN07314,Vishnu,Netflix,2026-09-11,16:55,579.92,Entertainment,Card,Madurai,Pending
TXN07315,Deva,BookMyShow,2026-02-08,23:20,1500.0,Entertainment,PhonePe,Salem,Success
TXN07316,Abinaya,KFC,2026-06-02,23:50,414.31,Food,PhonePe,Tirunelveli,Failed
TXN07317,Abinaya,Airtel,2026-09-07,11:14,4000.0,Bills,Card,Tirunelveli,Failed
TXN07318,Meena,Dominos,2026-03-02,18:57,620.97,Food,UPI,Trichy,Success
TXN07319,Meena,Apollo Pharmacy,2026-09-27,16:07,1605.2,Health,GPay,Trichy,Success
TXN07320,Rahul,Myntra,2026-04-27,03:34,3701.18,Shopping,GPay,Madurai,Pending
TXN07321,Priya,Coursera,2026-08-14,10:33,2462.72,Education,UPI,Bengaluru,Failed
TXN07322,Abinaya,Local Pharmacy,2026-04-19,03:38,494.43,Health,PhonePe,Madurai,Pending
TXN07323,Kavi,Stationery Shop,2026-01-09,10:31,936.14,Others,GPay,Coimbatore,Success
TXN07324,Nivetha,Zomato,2026-06-11,17:57,543.56,Food,PhonePe,Madurai,Success
TXN07325,Meena,KFC,2026-06-12,20:51,169.79,Food,GPay,Madurai,Failed
TXN07326,Abinaya,Ola,2026-03-01,13:00,445.89,Transport,GPay,Chennai,Success
TXN07327,Priya,Myntra,2026-02-15,18:53,4745.82,Shopping,PhonePe,Salem,Success
TXN07328,Kavi,Water Board,2026-02-19,01:27,3365.58,Bills,UPI,Madurai,Success
TXN07329,Keerthi,Swiggy,2026-04-03,11:03,900.0,Food,Card,Tirunelveli,Failed
TXN07330,Deva,Swiggy,2026-04-10,18:32,832.0,Food,PhonePe,Chennai,Success
TXN07331,Abinaya,Cafe Coffee Day,2026-04-01,01:01,794.53,Food,Card,Madurai,Success
TXN07332,Sanjay,HealthPlus,2026-06-09,00:10,1885.17,Health,GPay,Salem,Failed
TXN07333,Vishnu,Amazon,2026-07-18,02:48,6000.0,Shopping,UPI,Salem,Success
TXN07334,Deva,DMart,2026-09-11,04:52,3377.3,Shopping,GPay,Tirunelveli,Success
TXN07335,Priya,Meesho,2026-01-25,23:45,3197.21,Shopping,UPI,Madurai,Success
TXN07336,Meena,HealthPlus,2026-06-29,07:48,1626.18,Health,PhonePe,Madurai,Pending
TXN07337,Deva,Zomato,2026-04-06,14:22,900.0,Food,GPay,Chennai,Success
TXN07338,Anu,Zomato,2026-05-20,12:53,493.05,Food,GPay,Bengaluru,Success
TXN07339,Rahul,Coursera,2026-02-08,11:32,3369.73,Education,UPI,Madurai,Pending
TXN07340,Deva,Amazon,2026-07-22,15:07,2331.58,Shopping,PhonePe,Madurai,Success
TXN07341,Abinaya,Zomato,2026-01-01,16:18,900.0,Food,PhonePe,Salem,Success
TXN07342,Kavi,YouTube Premium,2026-08-03,14:09,681.65,Entertainment,PhonePe,Tenkasi,Success
TXN07343,Deva,Rapido,2026-07-16,07:41,630.61,Transport,GPay,Madurai,Success
TXN07344,Meena,DMart,2026-05-23,06:50,5169.69,Shopping,UPI,Bengaluru,Success
TXN07345,Arun,Zomato,2026-01-10,23:58,900.0,Food,UPI,Madurai,Failed
TXN07346,Abinaya,Swiggy,2026-07-20,04:50,505.05,Food,UPI,Tirunelveli,Success
TXN07347,Harini,DMart,2026-06-08,14:41,4740.65,Shopping,GPay,Coimbatore,Success
TXN07348,Deva,Reliance Trends,2026-07-05,00:11,1995.85,Shopping,UPI,Tenkasi,Success
TXN07349,Deva,Jio,2026-09-19,23:03,2435.45,Bills,UPI,Coimbatore,Success
TXN07350,Nivetha,Steam,2026-05-28,21:56,1222.78,Entertainment,Card,Bengaluru,Pending
TXN07351,Abinaya,Flipkart,2026-01-11,04:47,6000.0,Shopping,GPay,Madurai,Pending
TXN07352,Priya,1mg,2026-02-23,20:28,788.44,Health,Card,Madurai,Success
TXN07353,Meena,RedBus,2026-01-09,20:16,366.2,Transport,GPay,Bengaluru,Success
TXN07354,Vishnu,Uber,2026-08-22,11:43,259.61,Transport,UPI,Coimbatore,Success
TXN07355,Keerthi,Swiggy,2026-08-25,16:09,50.26,Food,PhonePe,Bengaluru,Success
TXN07356,Anu,DMart,2026-02-18,13:21,1666.4,Shopping,UPI,Tirunelveli,Success
TXN07357,Priya,Metro,2026-08-09,11:48,1026.53,Transport,UPI,Tenkasi,Success
TXN07358,Meena,Temple,2026-01-06,04:51,1183.05,Others,Card,Salem,Success
TXN07359,Ishaan,Amazon,2026-01-16,07:45,1775.75,Shopping,Card,Salem,Success
TXN07360,Swetha,Dominos,2026-09-07,12:51,900.0,Food,PhonePe,Tenkasi,Success
TXN07361,Kavi,A2B,2026-08-29,03:55,494.67,Food,PhonePe,Madurai,Pending
TXN07362,Keerthi,Steam,2026-06-22,07:26,1324.34,Entertainment,Card,Coimbatore,Success
TXN07363,Vishnu,Jio,2026-01-08,19:06,2464.69,Bills,UPI,Madurai,Success
TXN07364,Abinaya,Gift,2026-06-29,10:24,1157.23,Others,GPay,Madurai,Success
TXN07365,Deva,TNSTC,2026-03-11,15:19,688.86,Transport,Card,Bengaluru,Success
TXN07366,Priya,Steam,2026-02-17,01:17,611.63,Entertainment,PhonePe,Coimbatore,Success
TXN07367,Abinaya,HealthPlus,2026-06-15,01:56,2995.66,Health,PhonePe,Coimbatore,Success
TXN07368,Meena,Cafe Coffee Day,2026-06-02,15:05,173.64,Food,Card,Madurai,Pending
TXN07369,Priya,Uber,2026-08-14,10:05,627.37,Transport,Card,Tirunelveli,Success
TXN07370,Rahul,Jio,2026-03-27,05:55,1392.73,Bills,Card,Madurai,Success
TXN07371,Priya,A2B,2026-02-11,06:25,213.34,Food,PhonePe,Chennai,Pending
TXN07372,Nivetha,A2B,2026-04-06,18:38,505.71,Food,Card,Madurai,Success
TXN07373,Keerthi,Amazon,2026-09-09,12:37,3354.31,Shopping,UPI,Coimbatore,Success
TXN07374,Sanjay,A2B,2026-08-18,20:57,309.17,Food,Card,Madurai,Success
TXN07375,Anu,Swiggy,2026-03-26,18:53,900.0,Food,UPI,Tirunelveli,Failed
TXN07376,Rahul,Swiggy,2026-07-27,21:06,900.0,Food,PhonePe,Madurai,Success
TXN07377,Keerthi,DMart,2026-08-05,22:14,4057.36,Shopping,PhonePe,Madurai,Failed
TXN07378,Anu,Cafe Coffee Day,2026-02-01,13:03,716.83,Food,GPay,Chennai,Success
TXN07379,Harini,Myntra,2026-07-12,08:51,2740.2,Shopping,Card,Madurai,Success
TXN07380,Meena,Electricity Board,2026-06-19,01:37,2165.97,Bills,Card,Tirunelveli,Success
TXN07381,Ishaan,HealthPlus,2026-02-09,22:08,1806.58,Health,GPay,Bengaluru,Pending
TXN07382,Deva,Amazon Kindle,2026-08-28,00:31,3059.34,Education,PhonePe,Tirunelveli,Success
TXN07383,Arun,Hotstar,2026-01-05,04:55,1395.34,Entertainment,Card,Salem,Success
TXN07384,Anu,Hotstar,2026-05-03,18:02,1106.17,Entertainment,GPay,Tenkasi,Success
TXN07385,Vishnu,Metro,2026-01-06,08:24,964.84,Transport,UPI,Madurai,Success
TXN07386,Keerthi,Zomato,2026-03-02,18:19,408.32,Food,Card,Tenkasi,Success
TXN07387,Vishnu,Netflix,2026-04-06,18:05,812.68,Entertainment,GPay,Tirunelveli,Success
TXN07388,Swetha,Stationery Shop,2026-04-10,00:30,1052.28,Others,GPay,Tenkasi,Success
TXN07389,Rahul,BookMyShow,2026-04-26,01:48,628.4,Entertainment,GPay,Madurai,Pending
TXN07390,Meena,Ola,2026-02-23,14:42,235.15,Transport,UPI,Salem,Success
TXN07391,Rahul,Cafe Coffee Day,2026-03-14,23:45,159.24,Food,Card,Chennai,Failed
TXN07392,Vishnu,Steam,2026-01-09,11:12,433.41,Entertainment,GPay,Madurai,Pending
TXN07393,Vishnu,Jio,2026-08-23,01:11,1216.43,Bills,GPay,Coimbatore,Failed
TXN07394,Anu,Hotstar,2026-06-28,09:28,547.56,Entertainment,UPI,Bengaluru,Success
TXN07395,Vishnu,Netflix,2026-05-07,17:24,830.83,Entertainment,GPay,Chennai,Success
TXN07396,Swetha,Meesho,2026-06-06,08:23,5867.59,Shopping,PhonePe,Chennai,Failed
TXN07397,Swetha,Swiggy,2026-07-10,14:06,208.9,Food,UPI,Trichy,Pending
TXN07398,Harini,Dominos,2026-03-25,19:13,384.66,Food,Card,Tenkasi,Failed
TXN07399,Priya,Meesho,2026-09-01,07:27,4261.06,Shopping,PhonePe,Trichy,Success
TXN07400,Ishaan,Flipkart,2026-04-08,23:05,4671.2,Shopping,Card,Bengaluru,Success
TXN07401,Arun,DMart,2026-07-29,13:50,3867.07,Shopping,GPay,Madurai,Success
TXN07402,Sanjay,Myntra,2026-02-02,23:23,2968.51,Shopping,GPay,Tirunelveli,Success
TXN07403,Ishaan,Zomato,2026-09-23,22:15,639.33,Food,Card,Madurai,Success
TXN07404,Priya,Flipkart,2026-02-13,21:52,1458.63,Shopping,Card,Bengaluru,Success
TXN07405,Nivetha,Cafe Coffee Day,2026-02-14,19:54,628.9,Food,UPI,Chennai,Pending
TXN07406,Rahul,Netflix,2026-05-18,06:21,1280.39,Entertainment,PhonePe,Tirunelveli,Pending
TXN07407,Harini,Zomato,2026-04-21,15:47,644.38,Food,Card,Trichy,Success
TXN07408,Meena,Airtel,2026-09-27,08:58,1877.58,Bills,PhonePe,Madurai,Success
TXN07409,Ishaan,Zomato,2026-09-04,04:04,426.23,Food,UPI,Madurai,Pending
TXN07410,Nivetha,TNSTC,2026-02-03,03:42,318.37,Transport,Card,Coimbatore,Success
TXN07411,Ishaan,Steam,2026-08-16,06:59,759.0,Entertainment,PhonePe,Chennai,Success
TXN07412,Rahul,A2B,2026-06-26,10:39,560.99,Food,PhonePe,Coimbatore,Pending
TXN07413,Ishaan,Apollo Pharmacy,2026-08-02,10:25,1978.12,Health,UPI,Tirunelveli,Success
TXN07414,Keerthi,Dominos,2026-02-20,13:31,515.96,Food,PhonePe,Bengaluru,Success
TXN07415,Meena,KFC,2026-07-26,07:53,93.18,Food,PhonePe,Chennai,Success
TXN07416,Sanjay,TNSTC,2026-09-25,20:37,417.9,Transport,GPay,Trichy,Failed
TXN07417,Deva,Local Store,2026-06-02,18:40,1344.88,Others,GPay,Coimbatore,Success
TXN07418,Anu,Cafe Coffee Day,2026-07-11,14:47,824.32,Food,GPay,Chennai,Success
TXN07419,Meena,Coursera,2026-05-16,02:20,1914.91,Education,GPay,Coimbatore,Pending
TXN07420,Sanjay,HealthPlus,2026-05-26,13:43,3000.0,Health,PhonePe,Tenkasi,Success
TXN07421,Priya,Cafe Coffee Day,2026-02-03,15:57,425.91,Food,PhonePe,Coimbatore,Success
TXN07422,Ishaan,Udemy,2026-08-23,07:25,2443.36,Education,GPay,Trichy,Failed
TXN07423,Vishnu,Meesho,2026-04-10,23:32,1873.13,Shopping,UPI,Madurai,Failed
TXN07424,Meena,Swiggy,2026-03-19,20:07,357.76,Food,Card,Madurai,Success
TXN07425,Deva,Cafe Coffee Day,2026-06-23,00:13,194.52,Food,GPay,Coimbatore,Success
TXN07426,Deva,Cafe Coffee Day,2026-02-27,22:20,399.31,Food,PhonePe,Madurai,Success
TXN07427,Harini,Jio,2026-04-05,16:17,4000.0,Bills,Card,Madurai,Success
TXN07428,Meena,Zomato,2026-02-19,06:56,501.02,Food,Card,Trichy,Failed
TXN07429,Keerthi,Ola,2026-03-24,21:41,291.11,Transport,PhonePe,Trichy,Pending
TXN07430,Swetha,Dominos,2026-02-08,12:25,447.22,Food,GPay,Trichy,Failed
TXN07431,Keerthi,ACT Fibernet,2026-09-15,18:15,2527.1,Bills,PhonePe,Madurai,Success
TXN07432,Abinaya,Zomato,2026-07-23,16:36,440.45,Food,GPay,Bengaluru,Success
TXN07433,Harini,Netflix,2026-09-15,10:36,403.18,Entertainment,PhonePe,Madurai,Success
TXN07434,Keerthi,Swiggy,2026-01-07,05:16,443.33,Food,Card,Trichy,Success
TXN07435,Rahul,Water Board,2026-03-23,14:07,2320.76,Bills,GPay,Chennai,Success
TXN07436,Meena,Amazon Kindle,2026-01-16,08:28,3947.19,Education,GPay,Coimbatore,Success
TXN07437,Kavi,Google Workspace,2026-09-29,17:25,4476.22,Education,GPay,Chennai,Success
TXN07438,Deva,Steam,2026-06-18,21:38,1050.88,Entertainment,PhonePe,Chennai,Failed
TXN07439,Deva,Reliance Trends,2026-03-21,06:16,4731.75,Shopping,GPay,Bengaluru,Failed
TXN07440,Sanjay,TNSTC,2026-08-06,19:31,386.36,Transport,GPay,Bengaluru,Success
TXN07441,Deva,A2B,2026-09-22,05:04,662.71,Food,PhonePe,Coimbatore,Success
TXN07442,Swetha,1mg,2026-06-03,17:27,2609.62,Health,Card,Madurai,Success
TXN07443,Kavi,Dominos,2026-08-10,22:56,236.27,Food,GPay,Salem,Success
TXN07444,Deva,1mg,2026-01-16,02:12,2300.13,Health,Card,Bengaluru,Success
TXN07445,Arun,Cafe Coffee Day,2026-02-13,09:27,877.27,Food,Card,Madurai,Success
TXN07446,Kavi,Metro,2026-05-31,14:56,859.57,Transport,GPay,Salem,Success
TXN07447,Keerthi,Gift,2026-04-14,14:19,788.11,Others,GPay,Salem,Failed
TXN07448,Ishaan,Zomato,2026-06-18,13:44,723.99,Food,UPI,Coimbatore,Failed
TXN07449,Deva,Zomato,2026-02-05,16:22,647.79,Food,Card,Tirunelveli,Pending
TXN07450,Swetha,Stationery Shop,2026-07-28,00:51,847.86,Others,Card,Tirunelveli,Success
TXN07451,Harini,Cafe Coffee Day,2026-06-19,21:51,900.0,Food,PhonePe,Bengaluru,Failed
TXN07452,Nivetha,Swiggy,2026-07-04,16:11,204.86,Food,GPay,Madurai,Success
TXN07453,Kavi,Rapido,2026-04-23,14:10,759.7,Transport,UPI,Trichy,Pending
TXN07454,Keerthi,BookMyShow,2026-07-10,14:12,273.71,Entertainment,PhonePe,Trichy,Success
TXN07455,Keerthi,Netflix,2026-04-24,11:41,926.15,Entertainment,UPI,Salem,Success
TXN07456,Rahul,BookMyShow,2026-07-05,19:12,674.05,Entertainment,Card,Coimbatore,Failed
TXN07457,Nivetha,Airtel,2026-04-30,14:07,3502.83,Bills,UPI,Tenkasi,Failed
TXN07458,Meena,Jio,2026-05-30,10:39,1939.85,Bills,PhonePe,Bengaluru,Success
TXN07459,Keerthi,RedBus,2026-07-13,01:16,871.43,Transport,PhonePe,Coimbatore,Success
TXN07460,Priya,YouTube Premium,2026-04-04,11:59,726.53,Entertainment,UPI,Madurai,Success
TXN07461,Rahul,Local Pharmacy,2026-09-03,17:38,1991.21,Health,PhonePe,Tenkasi,Success
TXN07462,Arun,Zomato,2026-02-25,00:06,900.0,Food,GPay,Chennai,Success
TXN07463,Rahul,Zomato,2026-05-30,00:05,546.38,Food,PhonePe,Trichy,Success
TXN07464,Vishnu,Udemy,2026-04-20,16:45,1916.97,Education,GPay,Tirunelveli,Success
TXN07465,Kavi,A2B,2026-01-05,17:29,401.32,Food,Card,Tenkasi,Failed
TXN07466,Harini,Cafe Coffee Day,2026-09-26,14:06,168.22,Food,GPay,Chennai,Success
TXN07467,Arun,Coursera,2026-09-11,17:08,4103.86,Education,Card,Tirunelveli,Success
TXN07468,Arun,Udemy,2026-03-07,21:14,2023.58,Education,GPay,Tirunelveli,Success
TXN07469,Abinaya,YouTube Premium,2026-05-29,06:11,887.4,Entertainment,Card,Madurai,Success
TXN07470,Keerthi,Rapido,2026-08-18,12:26,200.76,Transport,Card,Madurai,Success
TXN07471,Anu,Rapido,2026-03-18,18:57,596.07,Transport,Card,Chennai,Success
TXN07472,Abinaya,Jio,2026-01-02,11:38,4000.0,Bills,Card,Trichy,Pending
TXN07473,Abinaya,Dominos,2026-09-03,07:10,551.68,Food,UPI,Salem,Success
TXN07474,Nivetha,Reliance Trends,2026-01-27,19:31,6000.0,Shopping,UPI,Tenkasi,Success
TXN07475,Abinaya,Dominos,2026-03-01,13:55,367.87,Food,Card,Tirunelveli,Success
TXN07476,Vishnu,DMart,2026-02-10,15:02,3498.58,Shopping,UPI,Madurai,Success
TXN07477,Harini,Meesho,2026-05-30,23:40,3168.5,Shopping,PhonePe,Madurai,Success
TXN07478,Harini,A2B,2026-02-13,10:00,754.88,Food,GPay,Tenkasi,Failed
TXN07479,Deva,Flipkart,2026-08-20,11:12,3099.32,Shopping,Card,Trichy,Failed
TXN07480,Anu,Dominos,2026-07-21,00:34,356.0,Food,UPI,Salem,Success
TXN07481,Meena,TNSTC,2026-01-11,12:43,669.78,Transport,PhonePe,Madurai,Success
TXN07482,Deva,Zomato,2026-06-08,20:45,556.04,Food,PhonePe,Salem,Pending
TXN07483,Arun,Cafe Coffee Day,2026-01-26,18:39,692.34,Food,Card,Bengaluru,Success
TXN07484,Swetha,Cafe Coffee Day,2026-08-27,10:55,557.33,Food,GPay,Salem,Failed
TXN07485,Meena,Water Board,2026-01-11,06:35,4000.0,Bills,GPay,Madurai,Success
TXN07486,Deva,Temple,2026-06-20,03:35,2000.0,Others,Card,Bengaluru,Success
TXN07487,Swetha,Udemy,2026-05-04,15:21,2061.34,Education,GPay,Trichy,Failed
TXN07488,Abinaya,Reliance Trends,2026-04-17,00:45,5242.73,Shopping,PhonePe,Salem,Pending
TXN07489,Sanjay,Reliance Trends,2026-02-05,23:25,4562.33,Shopping,UPI,Trichy,Success
TXN07490,Kavi,Zomato,2026-06-15,11:16,172.55,Food,UPI,Tirunelveli,Pending
TXN07491,Arun,Dominos,2026-09-01,06:19,900.0,Food,GPay,Tenkasi,Success
TXN07492,Harini,PharmEasy,2026-05-08,01:57,1030.4,Health,Card,Chennai,Success
TXN07493,Sanjay,TNSTC,2026-08-17,17:59,401.41,Transport,Card,Madurai,Success
TXN07494,Rahul,1mg,2026-01-27,09:43,1795.5,Health,UPI,Trichy,Success
TXN07495,Deva,Amazon,2026-07-14,16:36,4417.93,Shopping,Card,Chennai,Success
TXN07496,Anu,KFC,2026-03-07,04:31,663.64,Food,PhonePe,Tirunelveli,Pending
TXN07497,Vishnu,Myntra,2026-08-28,02:42,3320.51,Shopping,Card,Tenkasi,Success
TXN07498,Harini,RedBus,2026-03-02,04:30,633.99,Transport,UPI,Chennai,Success
TXN07499,Vishnu,Jio,2026-01-13,05:34,2123.26,Bills,UPI,Tenkasi,Success
TXN07500,Nivetha,KFC,2026-04-15,19:06,489.35,Food,UPI,Tenkasi,Success
TXN07501,Meena,Metro,2026-05-23,04:07,759.01,Transport,Card,Madurai,Success
TXN07502,Sanjay,Ola,2026-09-24,14:33,1070.51,Transport,Card,Chennai,Success
TXN07503,Arun,KFC,2026-01-05,17:43,741.73,Food,Card,Bengaluru,Failed
TXN07504,Meena,Local Pharmacy,2026-03-04,18:24,2563.75,Health,GPay,Chennai,Success
TXN07505,Anu,Udemy,2026-01-28,23:26,3450.35,Education,UPI,Coimbatore,Failed
TXN07506,Swetha,YouTube Premium,2026-04-06,15:38,1182.11,Entertainment,Card,Madurai,Success
TXN07507,Rahul,Uber,2026-06-25,05:08,715.03,Transport,UPI,Madurai,Success
TXN07508,Meena,TNSTC,2026-06-21,08:37,918.76,Transport,GPay,Chennai,Failed
TXN07509,Vishnu,Dominos,2026-01-29,15:34,578.29,Food,Card,Tenkasi,Success
TXN07510,Kavi,A2B,2026-03-05,08:37,174.22,Food,PhonePe,Salem,Failed
TXN07511,Swetha,Dominos,2026-03-28,19:04,232.64,Food,Card,Madurai,Failed
TXN07512,Deva,Coursera,2026-01-10,19:06,2729.71,Education,GPay,Chennai,Pending
TXN07513,Sanjay,DMart,2026-08-24,00:00,1660.19,Shopping,Card,Chennai,Success
TXN07514,Rahul,Metro,2026-04-21,20:30,699.76,Transport,GPay,Chennai,Success
TXN07515,Priya,Metro,2026-09-02,23:36,849.73,Transport,Card,Bengaluru,Success
TXN07516,Swetha,A2B,2026-02-17,16:21,679.64,Food,Card,Tenkasi,Success
TXN07517,Kavi,Meesho,2026-07-28,15:00,3219.67,Shopping,PhonePe,Coimbatore,Success
TXN07518,Swetha,Steam,2026-07-26,07:56,1110.47,Entertainment,Card,Salem,Success
TXN07519,Swetha,Udemy,2026-03-03,08:15,4378.36,Education,PhonePe,Coimbatore,Failed
TXN07520,Deva,Gift,2026-06-05,23:22,1825.67,Others,Card,Madurai,Success
TXN07521,Meena,Reliance Trends,2026-05-10,13:44,5328.81,Shopping,GPay,Chennai,Failed
TXN07522,Anu,BookMyShow,2026-09-07,15:26,990.84,Entertainment,UPI,Tirunelveli,Failed
TXN07523,Swetha,Coursera,2026-05-18,08:28,1818.48,Education,Card,Chennai,Success
TXN07524,Arun,A2B,2026-03-09,03:43,229.16,Food,UPI,Tenkasi,Success
TXN07525,Rahul,DMart,2026-01-17,02:36,3218.85,Shopping,GPay,Chennai,Failed
TXN07526,Priya,DMart,2026-09-17,05:34,3062.51,Shopping,PhonePe,Salem,Success
TXN07527,Abinaya,Google Workspace,2026-07-01,08:24,4409.29,Education,PhonePe,Salem,Success
TXN07528,Anu,Meesho,2026-09-26,14:33,2349.09,Shopping,UPI,Madurai,Success
TXN07529,Harini,Hotstar,2026-03-28,07:27,1011.39,Entertainment,GPay,Coimbatore,Success
TXN07530,Kavi,Spotify,2026-06-03,00:29,296.01,Entertainment,UPI,Tirunelveli,Success
TXN07531,Keerthi,Myntra,2026-08-22,11:09,3094.15,Shopping,UPI,Bengaluru,Pending
TXN07532,Nivetha,Salon,2026-08-05,17:39,1032.88,Others,PhonePe,Madurai,Success
TXN07533,Vishnu,Electricity Board,2026-08-18,19:28,1561.72,Bills,PhonePe,Madurai,Success
TXN07534,Vishnu,Cafe Coffee Day,2026-05-03,11:13,191.57,Food,PhonePe,Madurai,Success
TXN07535,Vishnu,Dominos,2026-02-17,18:49,345.01,Food,PhonePe,Tenkasi,Success
TXN07536,Ishaan,Rapido,2026-07-13,02:51,1200.0,Transport,Card,Tirunelveli,Success
TXN07537,Vishnu,College Fees,2026-07-06,01:48,1873.37,Education,PhonePe,Tirunelveli,Failed
TXN07538,Harini,Metro,2026-02-09,18:14,1200.0,Transport,GPay,Madurai,Success
TXN07539,Kavi,A2B,2026-04-03,21:47,371.1,Food,Card,Tenkasi,Success
TXN07540,Anu,Temple,2026-08-08,12:36,480.94,Others,PhonePe,Tirunelveli,Success
TXN07541,Keerthi,Cafe Coffee Day,2026-02-02,04:21,349.71,Food,UPI,Salem,Success
TXN07542,Swetha,Steam,2026-07-30,15:31,599.87,Entertainment,UPI,Madurai,Pending
TXN07543,Priya,Metro,2026-01-27,02:35,323.72,Transport,UPI,Chennai,Pending
TXN07544,Vishnu,RedBus,2026-09-19,20:32,568.82,Transport,PhonePe,Trichy,Pending
TXN07545,Keerthi,Swiggy,2026-04-19,11:35,282.82,Food,PhonePe,Chennai,Success
TXN07546,Vishnu,Amazon Kindle,2026-09-30,22:48,2684.76,Education,Card,Madurai,Success
TXN07547,Swetha,Meesho,2026-09-19,02:53,2224.6,Shopping,GPay,Trichy,Success
TXN07548,Swetha,Ola,2026-08-21,11:22,1200.0,Transport,UPI,Bengaluru,Pending
TXN07549,Deva,Swiggy,2026-08-26,22:57,900.0,Food,UPI,Trichy,Success
TXN07550,Arun,Rapido,2026-07-11,23:51,1200.0,Transport,UPI,Madurai,Success
TXN07551,Keerthi,Google Workspace,2026-06-27,22:55,3417.92,Education,UPI,Bengaluru,Success
TXN07552,Swetha,A2B,2026-03-09,02:01,684.15,Food,UPI,Madurai,Success
TXN07553,Arun,Meesho,2026-02-19,21:18,3498.47,Shopping,Card,Madurai,Success
TXN07554,Anu,Metro,2026-08-14,05:18,465.64,Transport,Card,Tirunelveli,Success
TXN07555,Deva,A2B,2026-06-11,18:15,559.01,Food,PhonePe,Tirunelveli,Success
TXN07556,Harini,Rapido,2026-03-07,18:40,1066.76,Transport,UPI,Chennai,Success
TXN07557,Nivetha,Swiggy,2026-03-26,07:11,731.35,Food,GPay,Chennai,Success
TXN07558,Arun,Amazon,2026-09-12,08:17,3197.23,Shopping,GPay,Chennai,Success
TXN07559,Keerthi,Gift,2026-01-14,01:17,1134.73,Others,PhonePe,Salem,Failed
TXN07560,Swetha,Udemy,2026-03-23,13:15,1422.46,Education,PhonePe,Madurai,Success
TXN07561,Abinaya,Flipkart,2026-07-08,11:49,3374.51,Shopping,UPI,Salem,Pending
TXN07562,Harini,DMart,2026-09-12,12:40,1943.99,Shopping,UPI,Tirunelveli,Failed
TXN07563,Swetha,BookMyShow,2026-04-23,07:49,1219.48,Entertainment,Card,Chennai,Failed
TXN07564,Deva,Hotstar,2026-02-06,01:00,1201.44,Entertainment,UPI,Tenkasi,Success
TXN07565,Sanjay,KFC,2026-08-14,18:06,900.0,Food,UPI,Chennai,Success
TXN07566,Swetha,Stationery Shop,2026-06-24,16:27,779.41,Others,GPay,Salem,Pending
TXN07567,Nivetha,Zomato,2026-08-17,17:41,162.71,Food,PhonePe,Salem,Failed
TXN07568,Abinaya,Zomato,2026-08-10,12:20,574.67,Food,GPay,Trichy,Failed
TXN07569,Sanjay,DMart,2026-01-10,15:23,4289.9,Shopping,UPI,Coimbatore,Success
TXN07570,Anu,Local Store,2026-06-13,23:10,1358.73,Others,PhonePe,Salem,Pending
TXN07571,Harini,Cafe Coffee Day,2026-03-22,15:16,209.84,Food,GPay,Tenkasi,Success
TXN07572,Meena,Uber,2026-09-24,15:25,1200.0,Transport,Card,Tirunelveli,Success
TXN07573,Abinaya,Myntra,2026-03-09,01:10,4824.37,Shopping,GPay,Tirunelveli,Pending
TXN07574,Anu,TNSTC,2026-05-10,13:39,949.59,Transport,PhonePe,Salem,Success
TXN07575,Keerthi,Google Workspace,2026-04-17,19:49,4072.13,Education,Card,Madurai,Success
TXN07576,Sanjay,Swiggy,2026-05-09,16:23,412.64,Food,UPI,Chennai,Failed
TXN07577,Deva,Dominos,2026-06-02,21:28,165.01,Food,GPay,Tenkasi,Success
TXN07578,Vishnu,Rapido,2026-09-02,08:02,827.87,Transport,UPI,Salem,Success
TXN07579,Kavi,DMart,2026-01-01,04:07,3205.12,Shopping,GPay,Coimbatore,Failed
TXN07580,Priya,Uber,2026-09-08,06:08,1162.63,Transport,PhonePe,Madurai,Success
TXN07581,Sanjay,KFC,2026-07-22,21:06,598.99,Food,GPay,Bengaluru,Pending
TXN07582,Keerthi,Amazon Kindle,2026-07-20,14:10,630.32,Education,Card,Madurai,Success
TXN07583,Harini,Cafe Coffee Day,2026-09-08,23:42,345.2,Food,GPay,Madurai,Success
TXN07584,Deva,RedBus,2026-08-04,12:30,301.18,Transport,Card,Chennai,Success
TXN07585,Nivetha,Ola,2026-04-09,00:23,434.18,Transport,PhonePe,Trichy,Success
TXN07586,Abinaya,DMart,2026-09-26,07:33,5498.47,Shopping,Card,Madurai,Success
TXN07587,Kavi,Flipkart,2026-09-10,10:04,4691.92,Shopping,GPay,Chennai,Success
TXN07588,Swetha,Amazon,2026-05-18,07:11,1832.81,Shopping,Card,Trichy,Pending
TXN07589,Meena,Uber,2026-05-01,03:17,443.33,Transport,UPI,Chennai,Success
TXN07590,Rahul,Electricity Board,2026-07-15,08:36,3080.99,Bills,PhonePe,Madurai,Success
TXN07591,Rahul,Myntra,2026-07-21,02:05,5196.88,Shopping,Card,Madurai,Success
TXN07592,Rahul,Electricity Board,2026-08-21,18:02,2417.44,Bills,PhonePe,Bengaluru,Success
TXN07593,Keerthi,Reliance Trends,2026-03-04,18:32,2454.62,Shopping,GPay,Tenkasi,Success
TXN07594,Abinaya,Amazon,2026-01-14,17:11,6000.0,Shopping,PhonePe,Madurai,Failed
TXN07595,Ishaan,Cafe Coffee Day,2026-02-23,22:22,664.33,Food,GPay,Chennai,Pending
TXN07596,Rahul,Amazon,2026-05-19,15:52,1255.21,Shopping,UPI,Madurai,Success
TXN07597,Nivetha,College Fees,2026-07-06,15:21,5000.0,Education,UPI,Chennai,Success
TXN07598,Abinaya,Hotstar,2026-08-25,10:55,1500.0,Entertainment,PhonePe,Salem,Success
TXN07599,Arun,DMart,2026-02-12,00:42,4900.51,Shopping,UPI,Trichy,Success
TXN07600,Swetha,RedBus,2026-09-05,18:03,698.36,Transport,PhonePe,Tenkasi,Pending
TXN07601,Meena,Rapido,2026-03-25,07:24,616.48,Transport,Card,Trichy,Success
TXN07602,Meena,Coursera,2026-04-10,09:01,1960.89,Education,UPI,Madurai,Success
TXN07603,Abinaya,Flipkart,2026-08-26,01:06,4948.24,Shopping,PhonePe,Madurai,Success
TXN07604,Abinaya,Swiggy,2026-06-22,08:56,320.47,Food,Card,Madurai,Success
TXN07605,Anu,College Fees,2026-02-15,14:29,1373.85,Education,Card,Madurai,Success
TXN07606,Meena,1mg,2026-08-30,04:48,1899.67,Health,GPay,Madurai,Success
TXN07607,Deva,Cafe Coffee Day,2026-03-25,03:03,300.29,Food,UPI,Madurai,Failed
TXN07608,Swetha,Dominos,2026-05-08,00:59,330.21,Food,Card,Bengaluru,Success
TXN07609,Swetha,Google Workspace,2026-01-07,18:16,4448.35,Education,UPI,Salem,Failed
TXN07610,Meena,Cafe Coffee Day,2026-03-27,12:32,674.81,Food,GPay,Trichy,Success
TXN07611,Abinaya,RedBus,2026-07-23,10:52,410.46,Transport,PhonePe,Chennai,Success
TXN07612,Vishnu,Steam,2026-02-17,03:24,1500.0,Entertainment,Card,Tirunelveli,Success
TXN07613,Rahul,Spotify,2026-02-24,00:01,920.39,Entertainment,Card,Madurai,Failed
TXN07614,Meena,Hotstar,2026-08-08,07:57,659.12,Entertainment,Card,Salem,Success
TXN07615,Priya,YouTube Premium,2026-09-05,06:53,614.08,Entertainment,PhonePe,Madurai,Success
TXN07616,Rahul,Metro,2026-01-04,13:28,415.45,Transport,GPay,Madurai,Success
TXN07617,Harini,KFC,2026-08-03,10:29,679.01,Food,Card,Coimbatore,Success
TXN07618,Ishaan,Netflix,2026-06-09,14:35,575.96,Entertainment,PhonePe,Chennai,Success
TXN07619,Arun,Reliance Trends,2026-04-06,11:42,3117.27,Shopping,Card,Chennai,Success
TXN07620,Anu,Zomato,2026-09-09,16:27,465.81,Food,Card,Chennai,Failed
TXN07621,Sanjay,Udemy,2026-07-18,21:23,1803.67,Education,UPI,Tirunelveli,Success
TXN07622,Abinaya,TNSTC,2026-05-08,22:24,437.9,Transport,PhonePe,Madurai,Pending
TXN07623,Nivetha,Dominos,2026-01-09,20:59,250.3,Food,GPay,Tirunelveli,Success
TXN07624,Nivetha,ACT Fibernet,2026-08-14,22:03,3403.63,Bills,GPay,Tenkasi,Pending
TXN07625,Anu,Uber,2026-07-14,22:46,822.81,Transport,GPay,Tenkasi,Failed
TXN07626,Nivetha,Cafe Coffee Day,2026-06-07,16:38,464.15,Food,PhonePe,Madurai,Success
TXN07627,Priya,BookMyShow,2026-02-16,12:20,520.49,Entertainment,Card,Chennai,Success
TXN07628,Sanjay,DMart,2026-04-28,07:51,4552.99,Shopping,UPI,Tenkasi,Pending
TXN07629,Swetha,RedBus,2026-01-09,14:49,850.99,Transport,Card,Madurai,Success
TXN07630,Meena,Ola,2026-07-29,13:34,1200.0,Transport,GPay,Trichy,Success
TXN07631,Sanjay,Coursera,2026-01-30,11:59,3933.37,Education,PhonePe,Tirunelveli,Success
TXN07632,Sanjay,Jio,2026-05-21,19:22,1333.18,Bills,UPI,Coimbatore,Success
TXN07633,Harini,Airtel,2026-02-01,23:38,1625.87,Bills,Card,Madurai,Failed
TXN07634,Rahul,Salon,2026-09-07,04:56,2000.0,Others,PhonePe,Chennai,Success
TXN07635,Keerthi,Rapido,2026-08-06,15:49,348.42,Transport,GPay,Trichy,Pending
TXN07636,Priya,Temple,2026-05-29,08:14,1280.56,Others,Card,Madurai,Pending
TXN07637,Arun,Netflix,2026-03-08,20:34,1210.41,Entertainment,Card,Chennai,Success
TXN07638,Deva,Steam,2026-06-04,17:50,1189.93,Entertainment,PhonePe,Madurai,Pending
TXN07639,Abinaya,Dominos,2026-06-21,03:33,271.45,Food,PhonePe,Tenkasi,Failed
TXN07640,Sanjay,TNSTC,2026-06-09,11:53,606.13,Transport,GPay,Madurai,Failed
TXN07641,Meena,A2B,2026-08-13,16:16,270.63,Food,Card,Tirunelveli,Success
TXN07642,Deva,Zomato,2026-09-24,03:16,367.18,Food,PhonePe,Madurai,Success
TXN07643,Sanjay,Zomato,2026-07-26,07:36,485.74,Food,Card,Tirunelveli,Success
TXN07644,Abinaya,Rapido,2026-08-15,08:36,969.32,Transport,GPay,Madurai,Failed
TXN07645,Keerthi,Myntra,2026-04-04,04:24,4465.49,Shopping,Card,Bengaluru,Success
TXN07646,Harini,A2B,2026-06-19,03:55,526.46,Food,Card,Salem,Failed
TXN07647,Arun,Dominos,2026-02-06,15:44,454.14,Food,Card,Madurai,Success
TXN07648,Deva,Swiggy,2026-06-02,11:11,533.55,Food,PhonePe,Chennai,Pending
TXN07649,Sanjay,A2B,2026-01-12,12:05,578.57,Food,UPI,Chennai,Success
TXN07650,Ishaan,Temple,2026-08-01,14:19,910.63,Others,GPay,Trichy,Success
TXN07651,Meena,Myntra,2026-04-26,18:37,767.19,Shopping,UPI,Chennai,Success
TXN07652,Deva,DMart,2026-01-24,16:54,2341.73,Shopping,Card,Madurai,Success
TXN07653,Swetha,RedBus,2026-05-27,18:27,635.39,Transport,UPI,Madurai,Failed
TXN07654,Sanjay,Spotify,2026-07-05,04:19,1201.83,Entertainment,PhonePe,Salem,Success
TXN07655,Vishnu,PharmEasy,2026-01-08,22:38,1224.9,Health,GPay,Bengaluru,Success
TXN07656,Keerthi,Zomato,2026-02-25,16:37,348.5,Food,PhonePe,Chennai,Success
TXN07657,Nivetha,Dominos,2026-02-24,08:56,154.69,Food,UPI,Tirunelveli,Success
TXN07658,Kavi,Uber,2026-02-21,09:59,665.03,Transport,GPay,Tenkasi,Success
TXN07659,Swetha,Miscellaneous,2026-02-10,21:28,1098.31,Others,PhonePe,Chennai,Failed
TXN07660,Vishnu,Zomato,2026-09-24,08:32,242.07,Food,PhonePe,Coimbatore,Success
TXN07661,Meena,Rapido,2026-02-20,04:35,886.58,Transport,GPay,Bengaluru,Pending
TXN07662,Rahul,TNSTC,2026-02-23,10:58,629.02,Transport,Card,Madurai,Success
TXN07663,Sanjay,Dominos,2026-01-03,20:09,265.34,Food,UPI,Coimbatore,Success
TXN07664,Sanjay,Swiggy,2026-05-10,00:28,392.38,Food,UPI,Chennai,Success
TXN07665,Abinaya,Reliance Trends,2026-03-23,05:41,2973.29,Shopping,GPay,Tenkasi,Failed
TXN07666,Sanjay,Reliance Trends,2026-02-19,20:39,2035.7,Shopping,Card,Madurai,Success
TXN07667,Swetha,RedBus,2026-03-21,23:42,1200.0,Transport,UPI,Chennai,Success
TXN07668,Deva,RedBus,2026-03-06,14:11,442.61,Transport,UPI,Chennai,Success
TXN07669,Anu,Metro,2026-01-08,05:45,256.15,Transport,PhonePe,Coimbatore,Failed
TXN07670,Meena,Zomato,2026-04-02,14:07,252.73,Food,UPI,Salem,Success
TXN07671,Abinaya,Uber,2026-01-14,22:50,738.09,Transport,UPI,Coimbatore,Failed
TXN07672,Vishnu,Swiggy,2026-05-07,00:00,682.64,Food,GPay,Coimbatore,Success
TXN07673,Anu,Amazon,2026-03-20,18:38,3674.87,Shopping,Card,Bengaluru,Failed
TXN07674,Vishnu,Dominos,2026-03-24,22:22,666.59,Food,Card,Coimbatore,Pending
TXN07675,Abinaya,Airtel,2026-08-21,02:24,1640.43,Bills,PhonePe,Salem,Success
TXN07676,Vishnu,Amazon,2026-03-29,05:40,1113.79,Shopping,Card,Coimbatore,Failed
TXN07677,Vishnu,Airtel,2026-07-20,05:42,451.54,Bills,Card,Trichy,Success
TXN07678,Anu,Amazon,2026-02-04,19:44,6000.0,Shopping,UPI,Madurai,Pending
TXN07679,Abinaya,RedBus,2026-03-10,21:09,756.86,Transport,PhonePe,Chennai,Success
TXN07680,Priya,Cafe Coffee Day,2026-07-29,07:23,420.42,Food,UPI,Tirunelveli,Success
TXN07681,Meena,Myntra,2026-03-27,13:19,3180.46,Shopping,PhonePe,Tirunelveli,Success
TXN07682,Meena,Spotify,2026-05-18,21:01,1500.0,Entertainment,Card,Coimbatore,Pending
TXN07683,Anu,A2B,2026-03-14,07:50,316.36,Food,GPay,Tenkasi,Failed
TXN07684,Anu,Flipkart,2026-03-18,17:35,2803.48,Shopping,UPI,Chennai,Success
TXN07685,Deva,Steam,2026-09-22,20:47,1204.85,Entertainment,PhonePe,Madurai,Pending
TXN07686,Keerthi,Uber,2026-06-14,18:56,639.44,Transport,GPay,Chennai,Success
TXN07687,Anu,Meesho,2026-07-29,02:56,1290.01,Shopping,PhonePe,Madurai,Failed
TXN07688,Nivetha,ACT Fibernet,2026-06-02,02:12,4000.0,Bills,GPay,Coimbatore,Pending
TXN07689,Rahul,Dominos,2026-01-22,06:23,900.0,Food,PhonePe,Coimbatore,Pending
TXN07690,Arun,Local Pharmacy,2026-06-18,08:59,1943.98,Health,GPay,Tirunelveli,Success
TXN07691,Kavi,Water Board,2026-03-24,17:31,4000.0,Bills,GPay,Tirunelveli,Success
TXN07692,Anu,Rapido,2026-09-05,09:13,662.84,Transport,UPI,Tirunelveli,Failed
TXN07693,Ishaan,RedBus,2026-03-31,14:21,725.55,Transport,GPay,Madurai,Failed
TXN07694,Meena,Udemy,2026-01-12,16:50,752.63,Education,Card,Salem,Success
TXN07695,Priya,DMart,2026-01-12,12:08,3046.28,Shopping,GPay,Bengaluru,Failed
TXN07696,Swetha,BookMyShow,2026-04-18,22:26,887.62,Entertainment,Card,Madurai,Success
TXN07697,Rahul,Amazon Kindle,2026-03-07,11:16,4875.02,Education,PhonePe,Chennai,Pending
TXN07698,Vishnu,Myntra,2026-08-04,17:04,3042.73,Shopping,UPI,Salem,Pending
TXN07699,Nivetha,Uber,2026-01-07,00:02,539.3,Transport,UPI,Trichy,Success
TXN07700,Anu,Coursera,2026-04-19,12:58,1588.18,Education,GPay,Trichy,Success
TXN07701,Ishaan,1mg,2026-05-27,16:30,1019.77,Health,UPI,Trichy,Failed
TXN07702,Abinaya,Cafe Coffee Day,2026-01-21,13:25,231.75,Food,UPI,Madurai,Success
TXN07703,Rahul,Steam,2026-05-18,14:30,851.41,Entertainment,UPI,Salem,Pending
TXN07704,Arun,Amazon,2026-09-06,05:26,3776.13,Shopping,Card,Bengaluru,Pending
TXN07705,Meena,Myntra,2026-07-17,08:17,3503.53,Shopping,UPI,Chennai,Success
TXN07706,Sanjay,Amazon,2026-03-09,22:50,2433.56,Shopping,UPI,Coimbatore,Success
TXN07707,Arun,Hotstar,2026-01-30,01:15,877.08,Entertainment,GPay,Madurai,Pending
TXN07708,Deva,College Fees,2026-02-11,17:14,2932.68,Education,Card,Madurai,Success
TXN07709,Vishnu,Apollo Pharmacy,2026-03-20,05:21,1562.96,Health,PhonePe,Madurai,Success
TXN07710,Abinaya,Zomato,2026-08-22,08:30,513.86,Food,Card,Chennai,Success
TXN07711,Swetha,Ola,2026-09-03,12:54,618.01,Transport,PhonePe,Tirunelveli,Failed
TXN07712,Rahul,Rapido,2026-03-13,11:19,1200.0,Transport,UPI,Chennai,Success
TXN07713,Harini,KFC,2026-07-04,00:50,287.77,Food,Card,Coimbatore,Failed
TXN07714,Harini,Cafe Coffee Day,2026-09-02,17:55,888.26,Food,UPI,Tirunelveli,Failed
TXN07715,Sanjay,Spotify,2026-04-25,01:32,263.44,Entertainment,Card,Chennai,Success
TXN07716,Abinaya,Netflix,2026-07-27,21:52,1287.07,Entertainment,UPI,Madurai,Success
TXN07717,Anu,A2B,2026-08-16,21:13,330.89,Food,PhonePe,Salem,Success
TXN07718,Anu,KFC,2026-09-18,09:46,688.82,Food,UPI,Madurai,Pending
TXN07719,Rahul,Amazon Kindle,2026-06-09,12:41,1587.89,Education,GPay,Madurai,Pending
TXN07720,Anu,Swiggy,2026-04-11,16:27,645.11,Food,Card,Tenkasi,Success
TXN07721,Harini,Jio,2026-02-24,02:14,1417.7,Bills,UPI,Tenkasi,Pending
TXN07722,Kavi,Hotstar,2026-08-14,12:25,1471.34,Entertainment,GPay,Coimbatore,Success
TXN07723,Arun,Cafe Coffee Day,2026-04-02,19:37,379.22,Food,UPI,Chennai,Success
TXN07724,Kavi,RedBus,2026-03-19,09:51,616.94,Transport,PhonePe,Tenkasi,Pending
TXN07725,Arun,Swiggy,2026-02-14,02:45,114.87,Food,Card,Tenkasi,Success
TXN07726,Abinaya,RedBus,2026-08-24,10:03,393.28,Transport,Card,Salem,Success
TXN07727,Harini,Zomato,2026-01-02,20:14,900.0,Food,UPI,Madurai,Failed
TXN07728,Anu,RedBus,2026-05-13,07:37,419.0,Transport,Card,Tenkasi,Success
TXN07729,Harini,Steam,2026-05-10,20:37,434.64,Entertainment,UPI,Coimbatore,Success
TXN07730,Sanjay,Flipkart,2026-09-22,18:12,1090.88,Shopping,Card,Chennai,Success
TXN07731,Deva,Salon,2026-07-20,21:34,1371.68,Others,Card,Trichy,Success
TXN07732,Kavi,Miscellaneous,2026-07-16,10:28,1091.2,Others,Card,Trichy,Success
TXN07733,Anu,DMart,2026-05-30,06:27,6000.0,Shopping,GPay,Coimbatore,Failed
TXN07734,Swetha,Amazon,2026-02-04,23:41,2369.41,Shopping,UPI,Tenkasi,Success
TXN07735,Vishnu,BookMyShow,2026-01-15,10:57,977.35,Entertainment,GPay,Coimbatore,Pending
TXN07736,Sanjay,Flipkart,2026-07-09,10:52,4171.58,Shopping,Card,Madurai,Success
TXN07737,Vishnu,Metro,2026-09-30,10:18,425.38,Transport,GPay,Coimbatore,Success
TXN07738,Arun,Rapido,2026-06-14,12:46,1200.0,Transport,Card,Chennai,Success
TXN07739,Vishnu,KFC,2026-09-22,03:05,458.25,Food,PhonePe,Tirunelveli,Success
TXN07740,Abinaya,Airtel,2026-04-18,03:43,1011.43,Bills,PhonePe,Coimbatore,Success
TXN07741,Nivetha,KFC,2026-06-07,03:43,145.51,Food,UPI,Trichy,Failed
TXN07742,Nivetha,Zomato,2026-03-30,06:53,557.79,Food,UPI,Madurai,Success
TXN07743,Swetha,Stationery Shop,2026-04-03,09:51,618.21,Others,GPay,Chennai,Pending
TXN07744,Anu,Local Store,2026-07-16,06:06,2000.0,Others,GPay,Tirunelveli,Success
TXN07745,Rahul,Metro,2026-02-22,09:39,764.2,Transport,PhonePe,Madurai,Success
TXN07746,Priya,Water Board,2026-03-10,16:55,899.5,Bills,Card,Coimbatore,Success
TXN07747,Abinaya,Cafe Coffee Day,2026-05-12,21:38,397.64,Food,GPay,Madurai,Success
TXN07748,Priya,Apollo Pharmacy,2026-07-14,00:05,1667.96,Health,GPay,Coimbatore,Success
TXN07749,Vishnu,Cafe Coffee Day,2026-05-21,07:05,465.05,Food,PhonePe,Coimbatore,Success
TXN07750,Ishaan,Ola,2026-07-12,07:06,990.66,Transport,GPay,Tenkasi,Success
TXN07751,Nivetha,Stationery Shop,2026-07-26,21:47,1025.05,Others,UPI,Chennai,Success
TXN07752,Arun,Flipkart,2026-03-29,11:17,1695.11,Shopping,Card,Tirunelveli,Success
TXN07753,Kavi,Flipkart,2026-04-27,11:58,2564.11,Shopping,GPay,Chennai,Success
TXN07754,Rahul,Netflix,2026-07-15,17:19,820.75,Entertainment,PhonePe,Madurai,Pending
TXN07755,Abinaya,YouTube Premium,2026-07-06,05:47,881.88,Entertainment,UPI,Madurai,Failed
TXN07756,Abinaya,Meesho,2026-05-06,11:23,1797.53,Shopping,PhonePe,Tenkasi,Pending
TXN07757,Sanjay,YouTube Premium,2026-01-19,10:54,902.61,Entertainment,PhonePe,Chennai,Success
TXN07758,Keerthi,Cafe Coffee Day,2026-07-27,02:37,315.82,Food,PhonePe,Chennai,Success
TXN07759,Deva,Amazon,2026-07-07,22:23,4621.88,Shopping,GPay,Tenkasi,Success
TXN07760,Keerthi,KFC,2026-03-26,06:42,807.82,Food,Card,Tenkasi,Success
TXN07761,Abinaya,Myntra,2026-08-03,19:11,3942.63,Shopping,GPay,Coimbatore,Success
TXN07762,Deva,Udemy,2026-05-03,17:22,3970.52,Education,UPI,Chennai,Success
TXN07763,Arun,A2B,2026-05-14,07:09,627.17,Food,PhonePe,Coimbatore,Failed
TXN07764,Arun,RedBus,2026-07-19,19:47,528.96,Transport,UPI,Tirunelveli,Failed
TXN07765,Abinaya,KFC,2026-07-04,16:40,275.58,Food,UPI,Madurai,Pending
TXN07766,Vishnu,Udemy,2026-01-02,15:43,2971.28,Education,PhonePe,Salem,Failed
TXN07767,Nivetha,Hotstar,2026-07-18,00:01,941.6,Entertainment,Card,Bengaluru,Pending
TXN07768,Sanjay,KFC,2026-08-22,12:38,582.87,Food,UPI,Madurai,Success
TXN07769,Kavi,Uber,2026-06-20,14:04,485.49,Transport,UPI,Chennai,Success
TXN07770,Vishnu,Miscellaneous,2026-01-20,22:02,2000.0,Others,UPI,Chennai,Failed
TXN07771,Anu,College Fees,2026-09-12,04:32,3649.51,Education,Card,Coimbatore,Failed
TXN07772,Deva,Flipkart,2026-05-10,08:11,3847.31,Shopping,PhonePe,Madurai,Success
TXN07773,Abinaya,Swiggy,2026-02-23,01:16,226.2,Food,GPay,Chennai,Failed
TXN07774,Vishnu,TNSTC,2026-05-07,13:01,307.82,Transport,GPay,Coimbatore,Pending
TXN07775,Anu,Zomato,2026-03-17,01:41,743.3,Food,GPay,Coimbatore,Success
TXN07776,Meena,Ola,2026-04-21,05:23,696.63,Transport,PhonePe,Chennai,Success
TXN07777,Harini,KFC,2026-01-02,04:29,618.2,Food,GPay,Tenkasi,Success
TXN07778,Keerthi,PharmEasy,2026-05-14,20:17,2260.48,Health,PhonePe,Chennai,Success
TXN07779,Priya,Zomato,2026-04-29,23:35,505.85,Food,GPay,Madurai,Success
TXN07780,Swetha,Flipkart,2026-02-19,06:30,1635.89,Shopping,GPay,Trichy,Success
TXN07781,Rahul,Flipkart,2026-03-24,09:02,1579.84,Shopping,PhonePe,Coimbatore,Failed
TXN07782,Deva,Metro,2026-02-19,07:57,755.84,Transport,Card,Chennai,Failed
TXN07783,Deva,YouTube Premium,2026-03-01,21:42,1500.0,Entertainment,UPI,Trichy,Success
TXN07784,Harini,TNSTC,2026-09-23,09:22,421.32,Transport,UPI,Madurai,Pending
TXN07785,Nivetha,TNSTC,2026-01-29,18:20,405.4,Transport,Card,Coimbatore,Success
TXN07786,Vishnu,KFC,2026-07-12,02:21,187.57,Food,UPI,Chennai,Success
TXN07787,Abinaya,YouTube Premium,2026-08-27,01:21,635.49,Entertainment,GPay,Coimbatore,Pending
TXN07788,Abinaya,KFC,2026-01-29,04:23,810.6,Food,PhonePe,Chennai,Success
TXN07789,Deva,Temple,2026-08-29,05:35,732.07,Others,UPI,Salem,Success
TXN07790,Kavi,TNSTC,2026-04-06,20:03,500.11,Transport,PhonePe,Coimbatore,Success
TXN07791,Ishaan,Udemy,2026-08-19,15:31,3619.22,Education,Card,Chennai,Pending
TXN07792,Meena,Ola,2026-06-03,06:37,240.46,Transport,PhonePe,Trichy,Pending
TXN07793,Priya,KFC,2026-03-23,05:39,900.0,Food,Card,Madurai,Success
TXN07794,Priya,Flipkart,2026-09-25,02:49,1861.55,Shopping,PhonePe,Bengaluru,Success
TXN07795,Meena,Zomato,2026-03-25,07:25,596.35,Food,UPI,Bengaluru,Success
TXN07796,Arun,ACT Fibernet,2026-09-06,23:15,1173.96,Bills,Card,Bengaluru,Success
TXN07797,Swetha,Uber,2026-02-19,09:29,321.38,Transport,UPI,Coimbatore,Success
TXN07798,Kavi,Rapido,2026-04-05,20:08,742.06,Transport,UPI,Madurai,Success
TXN07799,Ishaan,Zomato,2026-01-14,17:49,353.57,Food,Card,Tirunelveli,Success
TXN07800,Deva,Water Board,2026-06-28,01:10,4000.0,Bills,PhonePe,Coimbatore,Pending
TXN07801,Harini,YouTube Premium,2026-08-24,09:30,594.85,Entertainment,PhonePe,Salem,Success
TXN07802,Anu,Swiggy,2026-04-30,07:04,739.68,Food,UPI,Bengaluru,Failed
TXN07803,Meena,Miscellaneous,2026-02-10,20:48,1574.68,Others,UPI,Chennai,Failed
TXN07804,Anu,Swiggy,2026-05-18,11:36,625.44,Food,GPay,Madurai,Failed
TXN07805,Rahul,RedBus,2026-09-18,23:52,526.47,Transport,UPI,Chennai,Success
TXN07806,Anu,Flipkart,2026-04-26,06:12,3362.68,Shopping,Card,Tirunelveli,Success
TXN07807,Nivetha,Metro,2026-09-04,00:09,441.19,Transport,GPay,Trichy,Success
TXN07808,Harini,Hotstar,2026-08-12,20:34,665.02,Entertainment,GPay,Salem,Failed
TXN07809,Meena,A2B,2026-08-22,09:43,628.79,Food,Card,Tirunelveli,Pending
TXN07810,Nivetha,TNSTC,2026-02-20,09:10,522.74,Transport,UPI,Tenkasi,Success
TXN07811,Deva,RedBus,2026-01-22,18:58,792.06,Transport,Card,Trichy,Success
TXN07812,Swetha,Cafe Coffee Day,2026-03-13,15:38,539.7,Food,PhonePe,Chennai,Pending
TXN07813,Abinaya,Metro,2026-07-08,21:40,258.11,Transport,UPI,Trichy,Success
TXN07814,Keerthi,Amazon Kindle,2026-02-01,12:33,4375.31,Education,GPay,Tenkasi,Pending
TXN07815,Nivetha,Local Store,2026-03-15,14:25,459.7,Others,UPI,Chennai,Success
TXN07816,Harini,Steam,2026-05-16,01:41,714.55,Entertainment,GPay,Chennai,Pending
TXN07817,Anu,Cafe Coffee Day,2026-01-19,08:28,647.32,Food,UPI,Coimbatore,Success
TXN07818,Harini,Zomato,2026-06-16,06:46,386.17,Food,PhonePe,Tirunelveli,Success
TXN07819,Priya,Cafe Coffee Day,2026-04-26,04:47,687.38,Food,UPI,Madurai,Success
TXN07820,Sanjay,Dominos,2026-01-31,23:44,206.91,Food,PhonePe,Madurai,Success
TXN07821,Keerthi,Metro,2026-02-06,11:47,1080.75,Transport,PhonePe,Salem,Success
TXN07822,Keerthi,Zomato,2026-03-03,01:28,577.43,Food,UPI,Salem,Success
TXN07823,Kavi,Water Board,2026-05-07,22:12,3125.54,Bills,Card,Chennai,Failed
TXN07824,Arun,Uber,2026-02-09,06:21,332.71,Transport,UPI,Salem,Success
TXN07825,Anu,Zomato,2026-08-16,09:36,281.08,Food,Card,Madurai,Success
TXN07826,Meena,Dominos,2026-07-15,09:54,694.38,Food,Card,Chennai,Success
TXN07827,Priya,Rapido,2026-08-27,22:29,316.09,Transport,PhonePe,Coimbatore,Success
TXN07828,Abinaya,Cafe Coffee Day,2026-01-21,02:21,689.73,Food,GPay,Chennai,Pending
TXN07829,Abinaya,Cafe Coffee Day,2026-09-26,00:18,115.99,Food,UPI,Madurai,Success
TXN07830,Harini,A2B,2026-02-23,03:50,269.53,Food,UPI,Tenkasi,Success
TXN07831,Meena,Cafe Coffee Day,2026-05-24,08:44,900.0,Food,GPay,Coimbatore,Success
TXN07832,Kavi,Hotstar,2026-03-28,23:50,661.55,Entertainment,GPay,Tirunelveli,Success
TXN07833,Nivetha,Airtel,2026-03-30,01:03,1868.21,Bills,UPI,Madurai,Failed
TXN07834,Arun,Rapido,2026-08-01,09:52,246.96,Transport,GPay,Tenkasi,Pending
TXN07835,Keerthi,Uber,2026-01-31,15:38,801.71,Transport,PhonePe,Madurai,Success
TXN07836,Sanjay,Gift,2026-01-15,11:52,1466.91,Others,PhonePe,Salem,Success
TXN07837,Swetha,Myntra,2026-09-25,17:31,1896.4,Shopping,GPay,Madurai,Success
TXN07838,Meena,Temple,2026-01-08,14:41,971.96,Others,Card,Chennai,Success
TXN07839,Swetha,Meesho,2026-03-01,09:02,2022.25,Shopping,GPay,Chennai,Success
TXN07840,Deva,Reliance Trends,2026-07-26,00:43,6000.0,Shopping,GPay,Chennai,Success
TXN07841,Anu,Salon,2026-08-31,01:45,763.02,Others,PhonePe,Madurai,Success
TXN07842,Priya,Cafe Coffee Day,2026-07-18,03:55,297.16,Food,PhonePe,Madurai,Failed
TXN07843,Anu,Coursera,2026-08-11,05:56,2771.54,Education,GPay,Madurai,Pending
TXN07844,Rahul,Metro,2026-07-09,21:02,216.37,Transport,UPI,Salem,Success
TXN07845,Ishaan,Zomato,2026-08-04,11:06,800.33,Food,Card,Madurai,Success
TXN07846,Sanjay,Amazon,2026-06-12,11:52,1851.56,Shopping,Card,Madurai,Success
TXN07847,Kavi,Zomato,2026-04-13,17:02,453.73,Food,GPay,Salem,Success
TXN07848,Priya,Uber,2026-06-14,01:05,238.53,Transport,Card,Madurai,Success
TXN07849,Sanjay,KFC,2026-04-01,10:15,448.84,Food,UPI,Bengaluru,Pending
TXN07850,Meena,Netflix,2026-08-08,23:00,1500.0,Entertainment,GPay,Coimbatore,Pending
TXN07851,Priya,KFC,2026-07-28,01:19,159.85,Food,PhonePe,Chennai,Success
TXN07852,Sanjay,Amazon,2026-02-20,09:10,3750.29,Shopping,PhonePe,Madurai,Success
TXN07853,Abinaya,Coursera,2026-08-20,03:46,1783.11,Education,GPay,Tirunelveli,Success
TXN07854,Priya,Hotstar,2026-09-24,15:16,1500.0,Entertainment,PhonePe,Tenkasi,Failed
TXN07855,Nivetha,Local Store,2026-03-18,12:08,579.92,Others,UPI,Madurai,Failed
TXN07856,Sanjay,YouTube Premium,2026-03-18,13:49,976.58,Entertainment,UPI,Madurai,Success
TXN07857,Ishaan,Dominos,2026-09-30,14:47,482.72,Food,Card,Tenkasi,Success
TXN07858,Arun,Metro,2026-02-02,02:50,1116.42,Transport,Card,Salem,Success
TXN07859,Anu,Swiggy,2026-03-11,23:51,729.1,Food,PhonePe,Madurai,Failed
TXN07860,Priya,Dominos,2026-08-07,16:49,412.78,Food,PhonePe,Tirunelveli,Success
TXN07861,Rahul,TNSTC,2026-07-17,15:32,562.06,Transport,PhonePe,Tenkasi,Pending
TXN07862,Meena,TNSTC,2026-09-19,23:35,889.49,Transport,Card,Madurai,Success
TXN07863,Ishaan,Flipkart,2026-07-03,02:50,1533.49,Shopping,PhonePe,Bengaluru,Pending
TXN07864,Nivetha,Cafe Coffee Day,2026-02-19,12:07,434.82,Food,PhonePe,Salem,Success
TXN07865,Arun,Meesho,2026-05-08,14:45,2268.23,Shopping,PhonePe,Madurai,Pending
TXN07866,Kavi,College Fees,2026-03-25,00:33,1307.42,Education,Card,Tirunelveli,Pending
TXN07867,Rahul,Swiggy,2026-06-16,03:59,494.68,Food,PhonePe,Tirunelveli,Failed
TXN07868,Priya,Steam,2026-08-03,20:01,1159.27,Entertainment,Card,Chennai,Success
TXN07869,Swetha,TNSTC,2026-05-19,00:03,451.5,Transport,GPay,Madurai,Success
TXN07870,Deva,Cafe Coffee Day,2026-09-02,13:20,610.39,Food,PhonePe,Tenkasi,Pending
TXN07871,Deva,TNSTC,2026-08-02,07:48,780.3,Transport,GPay,Trichy,Failed
TXN07872,Deva,Flipkart,2026-07-20,13:20,4278.43,Shopping,UPI,Tirunelveli,Success
TXN07873,Harini,DMart,2026-01-05,11:37,4334.7,Shopping,Card,Tenkasi,Success
TXN07874,Abinaya,Rapido,2026-01-19,11:35,1154.37,Transport,GPay,Coimbatore,Pending
TXN07875,Sanjay,Gift,2026-08-02,21:21,1214.14,Others,PhonePe,Tenkasi,Success
TXN07876,Priya,RedBus,2026-07-09,14:42,984.14,Transport,GPay,Chennai,Success
TXN07877,Ishaan,Myntra,2026-03-06,08:55,1087.27,Shopping,UPI,Tirunelveli,Success
TXN07878,Harini,Ola,2026-01-07,23:51,1200.0,Transport,GPay,Madurai,Success
TXN07879,Arun,Ola,2026-07-24,03:08,234.64,Transport,GPay,Tenkasi,Success
TXN07880,Kavi,KFC,2026-06-08,20:51,900.0,Food,GPay,Tirunelveli,Pending
TXN07881,Deva,Google Workspace,2026-01-08,08:05,1701.12,Education,UPI,Chennai,Failed
TXN07882,Vishnu,Ola,2026-05-23,19:14,633.84,Transport,Card,Bengaluru,Success
TXN07883,Kavi,Jio,2026-06-20,12:40,1346.68,Bills,Card,Tirunelveli,Success
TXN07884,Nivetha,Apollo Pharmacy,2026-04-07,16:51,2875.02,Health,GPay,Bengaluru,Success
TXN07885,Sanjay,A2B,2026-08-17,12:05,463.37,Food,GPay,Salem,Success
TXN07886,Sanjay,Metro,2026-06-14,01:47,553.48,Transport,PhonePe,Salem,Failed
TXN07887,Meena,DMart,2026-04-12,19:54,3991.15,Shopping,Card,Madurai,Success
TXN07888,Deva,Uber,2026-08-08,15:05,770.95,Transport,UPI,Chennai,Failed
TXN07889,Keerthi,Rapido,2026-06-16,02:33,450.89,Transport,UPI,Chennai,Success
TXN07890,Deva,Amazon Kindle,2026-04-14,20:25,2847.62,Education,Card,Madurai,Success
TXN07891,Rahul,Flipkart,2026-01-30,15:38,3401.39,Shopping,GPay,Madurai,Success
TXN07892,Abinaya,KFC,2026-09-10,18:25,217.76,Food,GPay,Tirunelveli,Success
TXN07893,Vishnu,Uber,2026-03-15,00:11,557.31,Transport,GPay,Madurai,Success
TXN07894,Priya,KFC,2026-07-27,00:19,900.0,Food,UPI,Salem,Success
TXN07895,Sanjay,Hotstar,2026-09-08,17:45,1107.4,Entertainment,Card,Tenkasi,Success
TXN07896,Swetha,RedBus,2026-07-24,02:52,400.95,Transport,GPay,Tirunelveli,Success
TXN07897,Abinaya,RedBus,2026-06-09,09:04,791.37,Transport,Card,Coimbatore,Success
TXN07898,Abinaya,KFC,2026-07-24,02:33,718.75,Food,UPI,Madurai,Pending
TXN07899,Sanjay,Dominos,2026-08-16,04:30,900.0,Food,PhonePe,Madurai,Success
TXN07900,Kavi,Meesho,2026-01-20,05:46,3709.71,Shopping,UPI,Madurai,Pending
TXN07901,Abinaya,College Fees,2026-06-04,14:04,4312.08,Education,PhonePe,Trichy,Failed
TXN07902,Nivetha,ACT Fibernet,2026-09-29,20:03,3803.45,Bills,PhonePe,Chennai,Success
TXN07903,Harini,YouTube Premium,2026-04-22,06:33,544.45,Entertainment,Card,Coimbatore,Success
TXN07904,Arun,Steam,2026-04-08,20:42,210.47,Entertainment,UPI,Chennai,Success
TXN07905,Meena,Jio,2026-05-31,18:59,1282.18,Bills,PhonePe,Madurai,Failed
TXN07906,Harini,Local Pharmacy,2026-05-11,07:38,769.08,Health,UPI,Madurai,Success
TXN07907,Nivetha,DMart,2026-07-13,21:59,4092.91,Shopping,Card,Salem,Success
TXN07908,Abinaya,Miscellaneous,2026-06-18,14:57,579.31,Others,GPay,Tenkasi,Failed
TXN07909,Deva,ACT Fibernet,2026-06-06,15:06,1339.77,Bills,Card,Tirunelveli,Failed
TXN07910,Swetha,Electricity Board,2026-05-11,06:08,2998.7,Bills,PhonePe,Madurai,Pending
TXN07911,Arun,DMart,2026-03-26,21:55,2574.11,Shopping,PhonePe,Madurai,Success
TXN07912,Meena,Dominos,2026-04-14,10:04,705.9,Food,UPI,Bengaluru,Success
TXN07913,Nivetha,TNSTC,2026-02-05,05:26,1024.66,Transport,GPay,Bengaluru,Success
TXN07914,Swetha,Gift,2026-01-03,17:51,588.0,Others,Card,Tirunelveli,Success
TXN07915,Harini,Hotstar,2026-08-07,10:49,748.32,Entertainment,GPay,Madurai,Success
TXN07916,Keerthi,Google Workspace,2026-06-08,04:25,4440.6,Education,PhonePe,Tenkasi,Pending
TXN07917,Vishnu,ACT Fibernet,2026-04-22,19:00,2154.62,Bills,PhonePe,Chennai,Failed
TXN07918,Ishaan,Myntra,2026-06-03,10:03,6000.0,Shopping,GPay,Trichy,Pending
TXN07919,Anu,Steam,2026-07-24,06:36,1211.11,Entertainment,PhonePe,Madurai,Failed
TXN07920,Keerthi,Salon,2026-07-19,20:34,728.8,Others,UPI,Salem,Success
TXN07921,Meena,Uber,2026-09-29,13:21,1096.62,Transport,UPI,Madurai,Success
TXN07922,Priya,Netflix,2026-04-26,06:15,1305.85,Entertainment,Card,Tenkasi,Success
TXN07923,Meena,DMart,2026-06-26,22:37,2854.03,Shopping,PhonePe,Trichy,Success
TXN07924,Abinaya,Zomato,2026-02-23,21:05,820.56,Food,Card,Chennai,Failed
TXN07925,Swetha,Jio,2026-08-06,00:46,3388.05,Bills,Card,Madurai,Failed
TXN07926,Anu,Swiggy,2026-05-22,10:52,600.02,Food,PhonePe,Madurai,Success
TXN07927,Priya,Swiggy,2026-05-09,11:50,612.17,Food,PhonePe,Tenkasi,Failed
TXN07928,Swetha,YouTube Premium,2026-09-12,19:07,1029.86,Entertainment,PhonePe,Madurai,Success
TXN07929,Kavi,KFC,2026-06-07,04:56,709.31,Food,Card,Chennai,Pending
TXN07930,Abinaya,Rapido,2026-09-27,04:32,734.13,Transport,UPI,Chennai,Success
TXN07931,Vishnu,Uber,2026-01-31,22:11,392.13,Transport,UPI,Madurai,Pending
TXN07932,Rahul,Apollo Pharmacy,2026-06-20,11:24,1448.06,Health,Card,Coimbatore,Success
TXN07933,Abinaya,Jio,2026-06-13,16:31,1362.69,Bills,PhonePe,Tirunelveli,Pending
TXN07934,Sanjay,Steam,2026-01-31,22:15,1140.52,Entertainment,Card,Salem,Pending
TXN07935,Harini,Spotify,2026-07-19,02:19,962.21,Entertainment,PhonePe,Salem,Success
TXN07936,Priya,Rapido,2026-02-13,12:09,1116.45,Transport,Card,Bengaluru,Success
TXN07937,Vishnu,Swiggy,2026-06-11,14:54,247.37,Food,PhonePe,Chennai,Success
TXN07938,Nivetha,TNSTC,2026-03-22,23:52,1194.42,Transport,UPI,Madurai,Failed
TXN07939,Sanjay,YouTube Premium,2026-06-25,02:33,242.35,Entertainment,UPI,Madurai,Failed
TXN07940,Meena,Dominos,2026-07-05,16:54,277.9,Food,Card,Madurai,Pending
TXN07941,Deva,TNSTC,2026-05-14,13:20,348.96,Transport,Card,Madurai,Success
TXN07942,Kavi,Uber,2026-07-13,10:27,688.26,Transport,UPI,Coimbatore,Success
TXN07943,Keerthi,Amazon,2026-03-21,11:10,2294.73,Shopping,GPay,Trichy,Pending
TXN07944,Sanjay,Temple,2026-06-18,20:29,1036.25,Others,PhonePe,Coimbatore,Pending
TXN07945,Keerthi,Cafe Coffee Day,2026-09-24,08:30,261.39,Food,PhonePe,Chennai,Success
TXN07946,Swetha,Cafe Coffee Day,2026-09-03,13:03,535.2,Food,Card,Bengaluru,Success
TXN07947,Ishaan,Rapido,2026-08-30,04:08,382.28,Transport,PhonePe,Madurai,Success
TXN07948,Anu,Rapido,2026-05-20,22:29,714.8,Transport,PhonePe,Madurai,Success
TXN07949,Swetha,Uber,2026-07-02,22:00,622.52,Transport,PhonePe,Madurai,Success
TXN07950,Anu,Dominos,2026-07-12,16:20,237.76,Food,PhonePe,Madurai,Pending
TXN07951,Harini,A2B,2026-06-24,23:00,190.06,Food,UPI,Madurai,Success
TXN07952,Abinaya,A2B,2026-09-19,19:32,504.7,Food,UPI,Madurai,Failed
TXN07953,Arun,Ola,2026-05-02,13:37,697.53,Transport,UPI,Chennai,Success
TXN07954,Sanjay,ACT Fibernet,2026-01-26,19:44,2619.87,Bills,PhonePe,Bengaluru,Pending
TXN07955,Rahul,ACT Fibernet,2026-09-11,13:34,858.13,Bills,UPI,Madurai,Success
TXN07956,Meena,A2B,2026-01-06,02:19,900.0,Food,PhonePe,Salem,Failed
TXN07957,Nivetha,Hotstar,2026-03-26,15:13,794.35,Entertainment,Card,Tenkasi,Pending
TXN07958,Ishaan,Netflix,2026-03-17,17:43,881.87,Entertainment,UPI,Salem,Pending
TXN07959,Kavi,Meesho,2026-09-23,07:57,1054.87,Shopping,UPI,Salem,Pending
TXN07960,Sanjay,Myntra,2026-01-13,04:29,1365.33,Shopping,UPI,Bengaluru,Success
TXN07961,Arun,RedBus,2026-05-03,18:44,829.51,Transport,Card,Trichy,Pending
TXN07962,Ishaan,ACT Fibernet,2026-02-01,05:19,2531.57,Bills,PhonePe,Madurai,Success
TXN07963,Keerthi,KFC,2026-01-04,10:17,399.29,Food,UPI,Bengaluru,Failed
TXN07964,Harini,Metro,2026-01-24,18:24,924.29,Transport,Card,Coimbatore,Pending
TXN07965,Rahul,Steam,2026-03-31,16:38,682.52,Entertainment,UPI,Chennai,Pending
TXN07966,Ishaan,Ola,2026-02-27,11:58,573.93,Transport,Card,Chennai,Success
TXN07967,Meena,BookMyShow,2026-02-13,11:39,1462.21,Entertainment,Card,Chennai,Failed
TXN07968,Kavi,BookMyShow,2026-02-03,16:41,356.97,Entertainment,Card,Tirunelveli,Success
TXN07969,Harini,Udemy,2026-09-28,16:54,2363.72,Education,GPay,Bengaluru,Success
TXN07970,Kavi,Zomato,2026-03-02,13:34,778.14,Food,PhonePe,Madurai,Success
TXN07971,Harini,TNSTC,2026-03-28,10:36,1200.0,Transport,GPay,Salem,Success
TXN07972,Sanjay,Cafe Coffee Day,2026-07-21,05:52,349.0,Food,Card,Tenkasi,Success
TXN07973,Kavi,Metro,2026-08-26,19:26,892.45,Transport,PhonePe,Coimbatore,Success
TXN07974,Priya,Udemy,2026-08-05,15:01,4738.46,Education,Card,Madurai,Pending
TXN07975,Sanjay,Jio,2026-02-17,21:46,3016.38,Bills,Card,Chennai,Success
TXN07976,Meena,Rapido,2026-03-14,11:23,1100.17,Transport,UPI,Tenkasi,Success
TXN07977,Meena,Temple,2026-06-11,05:09,478.06,Others,PhonePe,Chennai,Success
TXN07978,Meena,KFC,2026-04-07,09:58,559.87,Food,GPay,Madurai,Failed
TXN07979,Deva,Netflix,2026-06-24,09:11,704.86,Entertainment,PhonePe,Tirunelveli,Success
TXN07980,Ishaan,Ola,2026-06-27,10:44,777.11,Transport,GPay,Chennai,Success
TXN07981,Priya,Hotstar,2026-02-27,19:18,1236.93,Entertainment,GPay,Salem,Failed
TXN07982,Kavi,A2B,2026-01-14,14:50,386.04,Food,GPay,Chennai,Success
TXN07983,Rahul,Dominos,2026-04-18,03:19,324.48,Food,PhonePe,Tenkasi,Success
TXN07984,Keerthi,Dominos,2026-04-11,06:35,283.67,Food,UPI,Salem,Success
TXN07985,Keerthi,Dominos,2026-01-05,07:36,327.73,Food,UPI,Madurai,Success
TXN07986,Deva,PharmEasy,2026-02-15,01:07,2026.46,Health,PhonePe,Madurai,Pending
TXN07987,Priya,Uber,2026-07-26,15:23,331.82,Transport,UPI,Chennai,Pending
TXN07988,Swetha,A2B,2026-07-03,19:29,689.58,Food,GPay,Salem,Success
TXN07989,Rahul,Meesho,2026-09-03,00:03,6000.0,Shopping,GPay,Madurai,Pending
TXN07990,Harini,Amazon Kindle,2026-04-11,06:22,3104.33,Education,PhonePe,Coimbatore,Success
TXN07991,Kavi,Netflix,2026-06-06,12:39,1361.84,Entertainment,PhonePe,Salem,Success
TXN07992,Swetha,Meesho,2026-08-30,21:01,2868.96,Shopping,PhonePe,Salem,Success
TXN07993,Meena,Salon,2026-09-14,14:47,1512.44,Others,PhonePe,Trichy,Success
TXN07994,Harini,Spotify,2026-06-09,10:33,295.44,Entertainment,UPI,Tenkasi,Pending
TXN07995,Meena,Reliance Trends,2026-07-26,06:37,2097.71,Shopping,GPay,Salem,Pending
TXN07996,Swetha,Zomato,2026-03-13,21:37,777.62,Food,Card,Chennai,Success
TXN07997,Harini,Swiggy,2026-03-13,19:48,900.0,Food,GPay,Tirunelveli,Success
TXN07998,Priya,Rapido,2026-02-15,20:57,898.46,Transport,PhonePe,Tenkasi,Success
TXN07999,Ishaan,Flipkart,2026-06-24,01:42,1838.77,Shopping,PhonePe,Chennai,Pending
TXN08000,Arun,BookMyShow,2026-04-17,17:09,1500.0,Entertainment,PhonePe,Tenkasi,Success
TXN08001,Priya,Electricity Board,2026-01-10,07:21,1793.96,Bills,GPay,Salem,Success
TXN08002,Priya,Reliance Trends,2026-01-21,03:34,3596.09,Shopping,PhonePe,Trichy,Failed
TXN08003,Keerthi,Amazon Kindle,2026-06-28,10:10,3782.7,Education,UPI,Madurai,Failed
TXN08004,Harini,Dominos,2026-07-18,17:30,680.53,Food,GPay,Madurai,Pending
TXN08005,Deva,Swiggy,2026-06-17,23:17,900.0,Food,GPay,Madurai,Success
TXN08006,Ishaan,Metro,2026-04-13,04:02,841.51,Transport,GPay,Salem,Success
TXN08007,Deva,A2B,2026-07-03,16:50,273.32,Food,Card,Salem,Success
TXN08008,Deva,A2B,2026-06-26,09:04,844.98,Food,GPay,Madurai,Success
TXN08009,Anu,KFC,2026-02-11,23:19,746.38,Food,PhonePe,Tenkasi,Failed
TXN08010,Arun,TNSTC,2026-07-14,21:12,244.19,Transport,GPay,Trichy,Failed
TXN08011,Abinaya,Cafe Coffee Day,2026-07-14,09:59,401.68,Food,GPay,Tenkasi,Success
TXN08012,Rahul,Netflix,2026-03-07,00:37,590.96,Entertainment,UPI,Tenkasi,Pending
TXN08013,Arun,A2B,2026-01-13,19:27,269.67,Food,PhonePe,Chennai,Success
TXN08014,Keerthi,Swiggy,2026-09-24,00:27,513.57,Food,GPay,Salem,Success
TXN08015,Swetha,Swiggy,2026-08-02,00:36,523.78,Food,PhonePe,Madurai,Pending
TXN08016,Harini,RedBus,2026-04-11,22:21,467.76,Transport,UPI,Madurai,Success
TXN08017,Keerthi,ACT Fibernet,2026-01-31,00:06,3689.97,Bills,PhonePe,Tenkasi,Success
TXN08018,Harini,RedBus,2026-04-11,11:25,404.46,Transport,GPay,Madurai,Success
TXN08019,Swetha,Ola,2026-04-23,06:06,469.16,Transport,GPay,Tenkasi,Success
TXN08020,Harini,PharmEasy,2026-01-09,10:15,1355.06,Health,UPI,Trichy,Pending
TXN08021,Rahul,Reliance Trends,2026-06-19,11:00,4335.96,Shopping,Card,Madurai,Success
TXN08022,Kavi,Myntra,2026-05-25,01:04,5742.57,Shopping,PhonePe,Trichy,Success
TXN08023,Keerthi,A2B,2026-05-29,03:24,271.14,Food,Card,Tirunelveli,Pending
TXN08024,Keerthi,Uber,2026-04-12,19:20,772.36,Transport,PhonePe,Tenkasi,Success
TXN08025,Sanjay,Amazon,2026-07-22,13:39,4488.22,Shopping,GPay,Madurai,Pending
TXN08026,Rahul,BookMyShow,2026-02-07,17:19,1423.31,Entertainment,UPI,Trichy,Success
TXN08027,Sanjay,A2B,2026-01-22,08:54,385.59,Food,Card,Coimbatore,Failed
TXN08028,Deva,Steam,2026-01-08,01:06,747.96,Entertainment,PhonePe,Tenkasi,Failed
TXN08029,Sanjay,Salon,2026-06-16,16:31,817.68,Others,PhonePe,Tenkasi,Success
TXN08030,Swetha,RedBus,2026-09-02,00:48,543.45,Transport,GPay,Madurai,Success
TXN08031,Rahul,Airtel,2026-01-27,12:34,1490.4,Bills,GPay,Chennai,Success
TXN08032,Swetha,Salon,2026-07-01,07:00,1054.26,Others,UPI,Coimbatore,Failed
TXN08033,Rahul,Jio,2026-02-09,06:26,645.83,Bills,Card,Madurai,Failed
TXN08034,Abinaya,Rapido,2026-03-02,09:20,392.42,Transport,UPI,Trichy,Pending
TXN08035,Anu,Jio,2026-02-21,08:17,1595.27,Bills,GPay,Madurai,Failed
TXN08036,Vishnu,Miscellaneous,2026-01-18,00:04,1116.3,Others,GPay,Trichy,Success
TXN08037,Ishaan,Swiggy,2026-02-25,04:36,704.77,Food,UPI,Coimbatore,Success
TXN08038,Deva,Cafe Coffee Day,2026-05-26,23:09,900.0,Food,GPay,Tenkasi,Success
TXN08039,Priya,A2B,2026-07-17,04:59,415.71,Food,PhonePe,Chennai,Pending
TXN08040,Vishnu,YouTube Premium,2026-05-18,03:27,1408.14,Entertainment,GPay,Chennai,Success
TXN08041,Sanjay,Flipkart,2026-02-02,01:59,2814.4,Shopping,Card,Bengaluru,Success
TXN08042,Deva,KFC,2026-03-16,20:05,900.0,Food,GPay,Tenkasi,Success
TXN08043,Kavi,Rapido,2026-02-26,03:17,581.63,Transport,Card,Coimbatore,Success
TXN08044,Meena,A2B,2026-01-20,20:26,879.54,Food,PhonePe,Bengaluru,Success
TXN08045,Nivetha,Local Pharmacy,2026-07-30,02:36,1184.65,Health,PhonePe,Chennai,Pending
TXN08046,Kavi,Spotify,2026-06-02,17:37,569.58,Entertainment,Card,Chennai,Pending
TXN08047,Keerthi,Coursera,2026-02-09,02:11,1665.33,Education,GPay,Trichy,Success
TXN08048,Nivetha,Ola,2026-08-03,15:31,385.15,Transport,GPay,Madurai,Success
TXN08049,Vishnu,Reliance Trends,2026-07-19,22:12,5568.04,Shopping,UPI,Chennai,Pending
TXN08050,Keerthi,Meesho,2026-04-09,13:15,4498.8,Shopping,PhonePe,Madurai,Failed
TXN08051,Ishaan,RedBus,2026-05-25,13:25,207.11,Transport,PhonePe,Madurai,Success
TXN08052,Priya,Stationery Shop,2026-09-07,09:00,523.14,Others,GPay,Tirunelveli,Pending
TXN08053,Sanjay,Google Workspace,2026-01-07,11:41,1952.7,Education,PhonePe,Madurai,Failed
TXN08054,Arun,DMart,2026-09-26,21:52,1531.15,Shopping,UPI,Chennai,Success
TXN08055,Harini,Amazon,2026-06-19,15:12,6000.0,Shopping,Card,Coimbatore,Success
TXN08056,Priya,College Fees,2026-08-28,09:47,2383.79,Education,Card,Madurai,Success
TXN08057,Abinaya,Amazon,2026-02-10,11:56,3903.44,Shopping,UPI,Tirunelveli,Failed
TXN08058,Keerthi,College Fees,2026-06-23,11:28,3605.94,Education,GPay,Salem,Success
TXN08059,Meena,Gift,2026-07-08,05:42,614.92,Others,UPI,Chennai,Pending
TXN08060,Harini,Water Board,2026-03-12,03:16,1253.91,Bills,UPI,Madurai,Success
TXN08061,Deva,College Fees,2026-05-16,17:54,1488.02,Education,UPI,Madurai,Success
TXN08062,Keerthi,Meesho,2026-01-31,22:38,3745.13,Shopping,PhonePe,Tenkasi,Failed
TXN08063,Abinaya,Zomato,2026-08-23,05:52,213.18,Food,GPay,Salem,Pending
TXN08064,Anu,Dominos,2026-05-15,04:58,900.0,Food,PhonePe,Tirunelveli,Pending
TXN08065,Ishaan,Uber,2026-02-26,08:20,327.49,Transport,Card,Tenkasi,Failed
TXN08066,Ishaan,Jio,2026-07-10,07:45,1047.98,Bills,Card,Chennai,Success
TXN08067,Deva,Netflix,2026-02-03,07:29,1314.27,Entertainment,PhonePe,Madurai,Success
TXN08068,Abinaya,Gift,2026-05-25,14:28,2000.0,Others,PhonePe,Madurai,Success
TXN08069,Vishnu,A2B,2026-05-08,15:52,900.0,Food,GPay,Chennai,Success
TXN08070,Rahul,Steam,2026-06-21,22:39,1354.04,Entertainment,GPay,Coimbatore,Success
TXN08071,Priya,KFC,2026-01-13,22:32,135.83,Food,Card,Trichy,Success
TXN08072,Harini,Udemy,2026-08-27,13:38,3656.54,Education,UPI,Madurai,Failed
TXN08073,Keerthi,Reliance Trends,2026-04-05,11:59,2043.08,Shopping,Card,Tenkasi,Pending
TXN08074,Sanjay,Temple,2026-02-02,07:13,1347.73,Others,UPI,Coimbatore,Success
TXN08075,Abinaya,A2B,2026-07-14,15:25,270.67,Food,Card,Salem,Success
TXN08076,Nivetha,Flipkart,2026-04-22,19:16,2894.43,Shopping,Card,Chennai,Success
TXN08077,Meena,TNSTC,2026-02-27,03:37,1097.27,Transport,GPay,Madurai,Success
TXN08078,Vishnu,KFC,2026-07-02,21:40,362.4,Food,UPI,Madurai,Success
TXN08079,Priya,Udemy,2026-09-05,00:16,2973.85,Education,GPay,Madurai,Success
TXN08080,Ishaan,DMart,2026-04-25,08:02,3140.78,Shopping,UPI,Madurai,Failed
TXN08081,Nivetha,Cafe Coffee Day,2026-02-13,10:23,368.41,Food,PhonePe,Salem,Failed
TXN08082,Deva,Flipkart,2026-07-27,21:12,5272.43,Shopping,GPay,Madurai,Success
TXN08083,Rahul,DMart,2026-09-07,01:21,2946.12,Shopping,UPI,Chennai,Success
TXN08084,Kavi,Electricity Board,2026-02-26,04:01,2207.77,Bills,UPI,Madurai,Success
TXN08085,Rahul,YouTube Premium,2026-05-03,19:53,834.53,Entertainment,Card,Coimbatore,Success
TXN08086,Keerthi,Swiggy,2026-07-08,17:36,620.94,Food,GPay,Madurai,Success
TXN08087,Abinaya,Meesho,2026-04-18,13:45,1727.75,Shopping,UPI,Madurai,Success
TXN08088,Nivetha,Ola,2026-05-27,12:50,903.44,Transport,UPI,Salem,Failed
TXN08089,Arun,DMart,2026-05-24,15:45,1396.96,Shopping,Card,Salem,Success
TXN08090,Meena,Cafe Coffee Day,2026-01-12,12:11,212.39,Food,GPay,Coimbatore,Failed
TXN08091,Nivetha,Miscellaneous,2026-09-12,18:02,1554.6,Others,GPay,Chennai,Success
TXN08092,Sanjay,A2B,2026-03-21,16:38,753.68,Food,GPay,Chennai,Success
TXN08093,Swetha,Rapido,2026-05-22,10:28,359.47,Transport,UPI,Coimbatore,Success
TXN08094,Rahul,Udemy,2026-07-19,14:36,5000.0,Education,PhonePe,Tenkasi,Success
TXN08095,Ishaan,Uber,2026-08-23,03:59,959.41,Transport,Card,Chennai,Pending
TXN08096,Meena,Swiggy,2026-09-27,05:45,277.49,Food,Card,Coimbatore,Success
TXN08097,Rahul,Metro,2026-08-17,15:49,293.61,Transport,PhonePe,Trichy,Success
TXN08098,Arun,Rapido,2026-03-06,15:47,535.04,Transport,UPI,Chennai,Success
TXN08099,Nivetha,Zomato,2026-09-22,17:44,900.0,Food,GPay,Bengaluru,Pending
TXN08100,Anu,Swiggy,2026-03-03,07:17,689.46,Food,UPI,Chennai,Success
TXN08101,Ishaan,ACT Fibernet,2026-08-13,20:23,1527.36,Bills,UPI,Tenkasi,Success
TXN08102,Sanjay,BookMyShow,2026-02-01,16:15,562.67,Entertainment,Card,Tirunelveli,Failed
TXN08103,Sanjay,TNSTC,2026-07-11,11:30,337.99,Transport,UPI,Madurai,Pending
TXN08104,Abinaya,Udemy,2026-04-11,03:32,2572.5,Education,GPay,Bengaluru,Success
TXN08105,Kavi,Myntra,2026-03-31,03:42,2560.84,Shopping,PhonePe,Madurai,Success
TXN08106,Arun,Airtel,2026-08-18,23:34,1222.0,Bills,UPI,Tenkasi,Success
TXN08107,Ishaan,Flipkart,2026-03-25,11:08,2646.45,Shopping,UPI,Madurai,Success
TXN08108,Rahul,Swiggy,2026-06-14,05:19,296.21,Food,UPI,Chennai,Success
TXN08109,Harini,DMart,2026-05-19,07:22,2726.56,Shopping,PhonePe,Chennai,Pending
TXN08110,Ishaan,TNSTC,2026-01-13,06:18,1175.6,Transport,PhonePe,Madurai,Success
TXN08111,Abinaya,1mg,2026-05-30,19:29,3000.0,Health,GPay,Madurai,Success
TXN08112,Abinaya,Dominos,2026-03-22,02:06,900.0,Food,Card,Chennai,Success
TXN08113,Kavi,DMart,2026-01-25,21:15,1093.47,Shopping,Card,Trichy,Success
TXN08114,Rahul,Temple,2026-07-11,01:08,2000.0,Others,Card,Bengaluru,Success
TXN08115,Arun,Jio,2026-06-25,13:18,2373.96,Bills,PhonePe,Madurai,Success
TXN08116,Vishnu,Metro,2026-01-31,12:46,1200.0,Transport,PhonePe,Bengaluru,Success
TXN08117,Abinaya,Cafe Coffee Day,2026-07-23,19:23,827.81,Food,UPI,Chennai,Success
TXN08118,Keerthi,TNSTC,2026-09-24,08:39,411.68,Transport,UPI,Tenkasi,Failed
TXN08119,Sanjay,ACT Fibernet,2026-05-09,19:48,2107.27,Bills,PhonePe,Chennai,Success
TXN08120,Kavi,YouTube Premium,2026-03-29,01:07,416.96,Entertainment,GPay,Madurai,Success
TXN08121,Arun,Reliance Trends,2026-01-18,10:09,3806.53,Shopping,Card,Chennai,Pending
TXN08122,Swetha,Uber,2026-02-19,12:22,397.89,Transport,PhonePe,Chennai,Success
TXN08123,Nivetha,Coursera,2026-03-05,20:33,5000.0,Education,Card,Bengaluru,Success
TXN08124,Rahul,College Fees,2026-07-28,00:56,1277.14,Education,PhonePe,Coimbatore,Failed
TXN08125,Meena,Myntra,2026-05-19,23:10,1908.95,Shopping,PhonePe,Chennai,Success
TXN08126,Ishaan,Ola,2026-09-11,01:35,643.78,Transport,PhonePe,Salem,Success
TXN08127,Deva,Myntra,2026-08-23,05:44,5119.68,Shopping,GPay,Madurai,Success
TXN08128,Priya,1mg,2026-06-20,17:17,1467.3,Health,UPI,Coimbatore,Failed
TXN08129,Deva,Water Board,2026-03-26,18:27,4000.0,Bills,Card,Trichy,Success
TXN08130,Harini,Metro,2026-08-30,22:47,390.14,Transport,Card,Madurai,Success
TXN08131,Rahul,KFC,2026-02-23,02:10,344.67,Food,GPay,Bengaluru,Success
TXN08132,Abinaya,Ola,2026-03-19,07:05,548.98,Transport,PhonePe,Tenkasi,Pending
TXN08133,Deva,RedBus,2026-04-18,15:53,583.71,Transport,PhonePe,Chennai,Success
TXN08134,Anu,Local Pharmacy,2026-01-16,13:34,1749.4,Health,UPI,Madurai,Failed
TXN08135,Deva,Cafe Coffee Day,2026-07-24,18:44,492.48,Food,UPI,Tenkasi,Success
TXN08136,Harini,YouTube Premium,2026-03-28,14:16,373.86,Entertainment,GPay,Madurai,Pending
TXN08137,Harini,Swiggy,2026-06-09,04:25,412.52,Food,UPI,Trichy,Success
TXN08138,Arun,TNSTC,2026-03-09,04:07,270.59,Transport,Card,Madurai,Success
TXN08139,Sanjay,YouTube Premium,2026-01-18,10:38,403.74,Entertainment,Card,Chennai,Failed
TXN08140,Sanjay,Local Pharmacy,2026-08-07,22:35,1574.96,Health,GPay,Chennai,Success
TXN08141,Sanjay,Cafe Coffee Day,2026-02-12,20:02,759.52,Food,UPI,Bengaluru,Success
TXN08142,Abinaya,Miscellaneous,2026-09-08,15:52,1508.63,Others,UPI,Trichy,Success
TXN08143,Priya,Amazon,2026-01-17,11:16,1303.82,Shopping,Card,Tenkasi,Success
TXN08144,Deva,Netflix,2026-08-19,06:22,1459.55,Entertainment,PhonePe,Chennai,Success
TXN08145,Harini,Rapido,2026-01-05,10:02,1141.69,Transport,UPI,Tenkasi,Success
TXN08146,Swetha,KFC,2026-02-13,19:58,421.67,Food,UPI,Salem,Success
TXN08147,Abinaya,Water Board,2026-05-01,06:00,2099.58,Bills,UPI,Salem,Success
TXN08148,Sanjay,Flipkart,2026-02-09,16:46,5897.56,Shopping,GPay,Chennai,Success
TXN08149,Anu,RedBus,2026-03-29,23:15,1200.0,Transport,UPI,Madurai,Failed
TXN08150,Priya,Local Pharmacy,2026-05-30,04:45,2450.89,Health,GPay,Tirunelveli,Success
TXN08151,Priya,Udemy,2026-05-07,18:38,1624.35,Education,PhonePe,Salem,Success
TXN08152,Kavi,Rapido,2026-07-19,02:57,731.12,Transport,UPI,Coimbatore,Success
TXN08153,Harini,Dominos,2026-03-23,22:51,564.73,Food,Card,Chennai,Success
TXN08154,Vishnu,Amazon Kindle,2026-09-24,08:02,3408.44,Education,UPI,Salem,Failed
TXN08155,Harini,BookMyShow,2026-05-25,01:37,414.65,Entertainment,PhonePe,Madurai,Success
TXN08156,Deva,RedBus,2026-09-19,07:26,623.18,Transport,PhonePe,Trichy,Success
TXN08157,Vishnu,Dominos,2026-04-04,13:16,310.38,Food,UPI,Tenkasi,Pending
TXN08158,Meena,BookMyShow,2026-01-12,16:25,1052.22,Entertainment,GPay,Chennai,Failed
TXN08159,Anu,Hotstar,2026-01-13,01:41,435.35,Entertainment,PhonePe,Chennai,Success
TXN08160,Swetha,Ola,2026-04-14,23:37,574.68,Transport,UPI,Madurai,Success
TXN08161,Sanjay,TNSTC,2026-01-03,21:07,427.38,Transport,UPI,Tirunelveli,Success
TXN08162,Meena,Airtel,2026-02-14,09:02,2506.22,Bills,PhonePe,Madurai,Success
TXN08163,Sanjay,Udemy,2026-08-19,06:01,3566.72,Education,Card,Madurai,Success
TXN08164,Vishnu,BookMyShow,2026-03-15,23:23,501.53,Entertainment,PhonePe,Coimbatore,Pending
TXN08165,Nivetha,College Fees,2026-06-17,08:52,2052.11,Education,UPI,Trichy,Failed
TXN08166,Rahul,Zomato,2026-05-07,08:24,382.42,Food,PhonePe,Tirunelveli,Failed
TXN08167,Nivetha,TNSTC,2026-06-08,01:00,887.08,Transport,PhonePe,Coimbatore,Success
TXN08168,Priya,Local Pharmacy,2026-06-26,20:52,2420.36,Health,GPay,Tirunelveli,Failed
TXN08169,Kavi,KFC,2026-09-14,00:52,282.42,Food,Card,Tenkasi,Success
TXN08170,Swetha,Reliance Trends,2026-02-01,08:58,1561.71,Shopping,GPay,Coimbatore,Failed
TXN08171,Arun,Swiggy,2026-04-01,14:56,219.78,Food,Card,Madurai,Pending
TXN08172,Ishaan,Spotify,2026-04-06,16:31,1486.65,Entertainment,UPI,Tirunelveli,Success
TXN08173,Arun,ACT Fibernet,2026-04-30,04:34,3239.17,Bills,Card,Madurai,Success
TXN08174,Nivetha,Cafe Coffee Day,2026-04-05,05:02,485.44,Food,Card,Trichy,Success
TXN08175,Swetha,Amazon,2026-03-16,10:55,6000.0,Shopping,UPI,Chennai,Success
TXN08176,Swetha,Amazon,2026-08-15,08:39,2351.99,Shopping,PhonePe,Madurai,Success
TXN08177,Kavi,Myntra,2026-02-05,14:24,2724.54,Shopping,Card,Madurai,Success
TXN08178,Meena,Swiggy,2026-06-16,03:37,705.85,Food,UPI,Chennai,Failed
TXN08179,Deva,Flipkart,2026-01-03,11:38,1774.37,Shopping,Card,Coimbatore,Pending
TXN08180,Anu,Meesho,2026-06-06,16:20,6000.0,Shopping,Card,Salem,Success
TXN08181,Sanjay,Gift,2026-03-10,22:28,756.0,Others,GPay,Madurai,Success
TXN08182,Rahul,Swiggy,2026-02-14,18:20,560.47,Food,GPay,Madurai,Failed
TXN08183,Harini,Local Store,2026-07-30,07:25,1275.35,Others,UPI,Chennai,Success
TXN08184,Arun,TNSTC,2026-07-13,15:38,696.6,Transport,UPI,Trichy,Success
TXN08185,Sanjay,College Fees,2026-02-08,20:22,1485.07,Education,UPI,Salem,Failed
TXN08186,Vishnu,Meesho,2026-02-01,06:16,5457.52,Shopping,Card,Chennai,Success
TXN08187,Deva,Flipkart,2026-06-27,23:25,6000.0,Shopping,UPI,Chennai,Failed
TXN08188,Vishnu,Jio,2026-01-03,09:10,1991.32,Bills,Card,Madurai,Pending
TXN08189,Keerthi,Airtel,2026-02-23,14:16,2012.7,Bills,PhonePe,Tenkasi,Success
TXN08190,Harini,Ola,2026-08-29,09:16,1200.0,Transport,Card,Madurai,Success
TXN08191,Priya,ACT Fibernet,2026-06-04,04:28,839.37,Bills,GPay,Madurai,Success
TXN08192,Kavi,DMart,2026-09-20,03:09,2969.34,Shopping,Card,Tirunelveli,Success
TXN08193,Nivetha,Cafe Coffee Day,2026-05-12,15:08,260.08,Food,GPay,Salem,Success
TXN08194,Kavi,Zomato,2026-04-01,20:10,900.0,Food,GPay,Chennai,Success
TXN08195,Meena,Local Store,2026-09-17,07:01,1478.93,Others,UPI,Madurai,Success
TXN08196,Priya,Flipkart,2026-06-10,07:04,4421.05,Shopping,GPay,Chennai,Success
TXN08197,Kavi,ACT Fibernet,2026-08-07,06:53,2803.03,Bills,UPI,Bengaluru,Pending
TXN08198,Nivetha,Miscellaneous,2026-08-14,02:39,2000.0,Others,PhonePe,Madurai,Success
TXN08199,Sanjay,KFC,2026-04-28,06:40,436.48,Food,GPay,Bengaluru,Success
TXN08200,Ishaan,Myntra,2026-07-03,08:53,4289.28,Shopping,GPay,Chennai,Pending
TXN08201,Deva,Zomato,2026-06-04,03:40,900.0,Food,PhonePe,Bengaluru,Success
TXN08202,Swetha,Temple,2026-03-17,01:06,1588.9,Others,PhonePe,Chennai,Pending
TXN08203,Keerthi,Temple,2026-01-22,05:55,968.11,Others,UPI,Coimbatore,Success
TXN08204,Keerthi,Salon,2026-08-02,19:33,1173.96,Others,Card,Chennai,Success
TXN08205,Kavi,Metro,2026-04-01,12:36,493.82,Transport,GPay,Trichy,Success
TXN08206,Arun,Myntra,2026-06-14,08:29,4036.93,Shopping,GPay,Tenkasi,Success
TXN08207,Harini,Miscellaneous,2026-09-22,14:48,1096.28,Others,PhonePe,Chennai,Success
TXN08208,Swetha,Coursera,2026-05-29,13:10,3105.8,Education,Card,Madurai,Pending
TXN08209,Harini,Swiggy,2026-05-20,08:13,721.85,Food,GPay,Madurai,Success
TXN08210,Rahul,Zomato,2026-05-02,13:03,900.0,Food,Card,Trichy,Pending
TXN08211,Kavi,Dominos,2026-01-03,14:15,559.94,Food,UPI,Madurai,Success
TXN08212,Swetha,KFC,2026-02-09,05:56,346.24,Food,UPI,Salem,Success
TXN08213,Rahul,Uber,2026-07-18,21:13,917.51,Transport,UPI,Tirunelveli,Success
TXN08214,Priya,BookMyShow,2026-03-14,01:47,257.53,Entertainment,Card,Bengaluru,Success
TXN08215,Kavi,YouTube Premium,2026-04-11,02:13,159.52,Entertainment,PhonePe,Coimbatore,Failed
TXN08216,Swetha,RedBus,2026-08-20,10:42,1200.0,Transport,Card,Bengaluru,Success
TXN08217,Harini,Water Board,2026-01-08,03:59,1077.3,Bills,Card,Trichy,Success
TXN08218,Vishnu,Google Workspace,2026-05-07,04:07,1624.31,Education,UPI,Madurai,Success
TXN08219,Anu,TNSTC,2026-07-20,03:30,480.41,Transport,GPay,Chennai,Success
TXN08220,Kavi,BookMyShow,2026-05-20,01:40,1315.42,Entertainment,PhonePe,Madurai,Failed
TXN08221,Arun,Zomato,2026-09-02,11:28,198.04,Food,PhonePe,Salem,Success
TXN08222,Anu,ACT Fibernet,2026-05-31,03:02,1104.15,Bills,GPay,Chennai,Failed
TXN08223,Priya,Local Store,2026-06-30,13:23,2000.0,Others,GPay,Chennai,Failed
TXN08224,Harini,Spotify,2026-09-18,11:16,733.88,Entertainment,GPay,Tenkasi,Success
TXN08225,Anu,Miscellaneous,2026-03-01,07:10,1197.52,Others,PhonePe,Madurai,Success
TXN08226,Arun,Zomato,2026-09-20,07:22,900.0,Food,Card,Tenkasi,Success
TXN08227,Deva,A2B,2026-02-25,20:42,438.14,Food,UPI,Bengaluru,Failed
TXN08228,Keerthi,Meesho,2026-09-20,12:21,2778.66,Shopping,Card,Tirunelveli,Success
TXN08229,Keerthi,Water Board,2026-06-21,22:05,2474.32,Bills,PhonePe,Chennai,Success
TXN08230,Deva,PharmEasy,2026-08-04,13:49,2664.54,Health,Card,Coimbatore,Success
TXN08231,Meena,Flipkart,2026-03-01,14:55,2885.19,Shopping,GPay,Coimbatore,Success
TXN08232,Vishnu,A2B,2026-06-20,11:50,806.22,Food,UPI,Madurai,Failed
TXN08233,Arun,1mg,2026-08-06,22:42,1604.19,Health,UPI,Madurai,Success
TXN08234,Meena,RedBus,2026-05-15,18:22,160.33,Transport,PhonePe,Tenkasi,Failed
TXN08235,Deva,BookMyShow,2026-08-25,05:08,444.07,Entertainment,GPay,Tirunelveli,Failed
TXN08236,Anu,Google Workspace,2026-08-17,19:48,2023.72,Education,UPI,Chennai,Success
TXN08237,Nivetha,Zomato,2026-02-13,10:39,175.32,Food,UPI,Tirunelveli,Success
TXN08238,Nivetha,KFC,2026-07-02,08:36,607.85,Food,PhonePe,Madurai,Success
TXN08239,Nivetha,Amazon Kindle,2026-07-25,15:47,1773.45,Education,GPay,Salem,Failed
TXN08240,Priya,Dominos,2026-07-04,16:52,320.98,Food,PhonePe,Chennai,Failed
TXN08241,Abinaya,Myntra,2026-09-06,21:43,2455.56,Shopping,UPI,Chennai,Success
TXN08242,Rahul,Metro,2026-07-08,08:35,265.19,Transport,GPay,Bengaluru,Success
TXN08243,Harini,Electricity Board,2026-08-20,22:29,2802.95,Bills,PhonePe,Chennai,Success
TXN08244,Arun,TNSTC,2026-02-09,22:46,1200.0,Transport,Card,Tirunelveli,Success
TXN08245,Abinaya,Steam,2026-07-01,03:21,947.84,Entertainment,Card,Coimbatore,Pending
TXN08246,Vishnu,Google Workspace,2026-04-27,09:34,4771.29,Education,Card,Madurai,Success
TXN08247,Kavi,College Fees,2026-03-02,02:08,965.63,Education,GPay,Chennai,Success
TXN08248,Abinaya,College Fees,2026-01-27,20:03,3745.22,Education,PhonePe,Coimbatore,Success
TXN08249,Vishnu,Zomato,2026-01-15,00:08,669.33,Food,PhonePe,Chennai,Failed
TXN08250,Arun,Airtel,2026-02-17,10:22,2870.3,Bills,GPay,Trichy,Success
TXN08251,Ishaan,TNSTC,2026-01-29,11:51,814.27,Transport,Card,Salem,Success
TXN08252,Anu,YouTube Premium,2026-04-07,23:41,954.15,Entertainment,Card,Madurai,Failed
TXN08253,Abinaya,KFC,2026-09-03,23:58,900.0,Food,Card,Madurai,Success
TXN08254,Anu,Amazon Kindle,2026-03-11,13:02,1198.71,Education,UPI,Chennai,Success
TXN08255,Deva,Udemy,2026-06-07,14:08,5000.0,Education,PhonePe,Madurai,Pending
TXN08256,Kavi,PharmEasy,2026-05-29,19:09,2295.47,Health,GPay,Coimbatore,Success
TXN08257,Swetha,Airtel,2026-02-15,07:06,2087.22,Bills,PhonePe,Madurai,Success
TXN08258,Kavi,Jio,2026-05-11,22:34,2617.97,Bills,GPay,Chennai,Success
TXN08259,Ishaan,Metro,2026-07-07,21:48,262.35,Transport,GPay,Tirunelveli,Success
TXN08260,Deva,Water Board,2026-09-06,23:18,1586.66,Bills,UPI,Salem,Success
TXN08261,Nivetha,Temple,2026-05-26,23:27,1297.29,Others,PhonePe,Salem,Success
TXN08262,Deva,Miscellaneous,2026-08-21,03:47,1932.67,Others,GPay,Bengaluru,Pending
TXN08263,Nivetha,KFC,2026-09-30,05:26,466.45,Food,GPay,Tirunelveli,Pending
TXN08264,Swetha,Swiggy,2026-04-07,19:25,305.65,Food,GPay,Chennai,Success
TXN08265,Deva,Zomato,2026-09-24,03:52,393.94,Food,Card,Madurai,Success
TXN08266,Kavi,Cafe Coffee Day,2026-02-01,05:15,369.96,Food,GPay,Tenkasi,Failed
TXN08267,Keerthi,Stationery Shop,2026-09-03,00:12,799.14,Others,PhonePe,Coimbatore,Success
TXN08268,Swetha,1mg,2026-06-12,08:11,599.31,Health,UPI,Salem,Success
TXN08269,Harini,YouTube Premium,2026-04-07,11:54,1500.0,Entertainment,GPay,Chennai,Success
TXN08270,Keerthi,ACT Fibernet,2026-07-20,08:29,3330.7,Bills,PhonePe,Tirunelveli,Failed
TXN08271,Arun,Water Board,2026-01-09,22:38,3238.5,Bills,PhonePe,Trichy,Success
TXN08272,Deva,Flipkart,2026-03-15,01:57,3618.69,Shopping,UPI,Coimbatore,Failed
TXN08273,Kavi,Zomato,2026-02-08,08:55,499.97,Food,UPI,Chennai,Failed
TXN08274,Abinaya,PharmEasy,2026-04-08,21:14,2713.43,Health,GPay,Tenkasi,Pending
TXN08275,Anu,Cafe Coffee Day,2026-07-12,21:00,642.17,Food,PhonePe,Tirunelveli,Failed
TXN08276,Arun,Zomato,2026-07-16,16:24,437.6,Food,GPay,Chennai,Success
TXN08277,Deva,Stationery Shop,2026-07-16,10:55,2000.0,Others,PhonePe,Madurai,Success
TXN08278,Swetha,Airtel,2026-06-03,19:40,3308.89,Bills,GPay,Madurai,Success
TXN08279,Harini,College Fees,2026-07-05,18:41,2663.12,Education,PhonePe,Coimbatore,Success
TXN08280,Nivetha,YouTube Premium,2026-02-07,00:03,806.79,Entertainment,PhonePe,Chennai,Success
TXN08281,Keerthi,Miscellaneous,2026-06-08,10:20,307.67,Others,UPI,Madurai,Pending
TXN08282,Meena,Amazon Kindle,2026-03-14,00:08,1556.68,Education,Card,Salem,Failed
TXN08283,Ishaan,Dominos,2026-08-27,00:28,189.48,Food,GPay,Madurai,Pending
TXN08284,Sanjay,Flipkart,2026-08-20,15:34,2308.65,Shopping,GPay,Madurai,Pending
TXN08285,Arun,A2B,2026-05-09,21:24,603.02,Food,PhonePe,Tenkasi,Success
TXN08286,Meena,KFC,2026-04-17,06:00,329.49,Food,GPay,Madurai,Success
TXN08287,Nivetha,Swiggy,2026-09-07,04:28,379.24,Food,GPay,Madurai,Success
TXN08288,Swetha,RedBus,2026-08-21,05:52,597.94,Transport,PhonePe,Madurai,Failed
TXN08289,Anu,Hotstar,2026-07-02,03:54,1500.0,Entertainment,Card,Tirunelveli,Success
TXN08290,Harini,Ola,2026-01-29,16:51,312.01,Transport,GPay,Madurai,Pending
TXN08291,Harini,Water Board,2026-01-12,06:10,1257.26,Bills,PhonePe,Tirunelveli,Success
TXN08292,Anu,Udemy,2026-08-12,18:10,5000.0,Education,Card,Madurai,Success
TXN08293,Arun,Salon,2026-05-27,14:15,871.53,Others,PhonePe,Madurai,Success
TXN08294,Kavi,Ola,2026-07-06,19:41,446.67,Transport,PhonePe,Salem,Success
TXN08295,Anu,DMart,2026-06-29,13:34,1109.35,Shopping,UPI,Coimbatore,Success
TXN08296,Kavi,Spotify,2026-06-16,20:25,992.04,Entertainment,PhonePe,Coimbatore,Failed
TXN08297,Arun,Netflix,2026-02-08,10:11,472.31,Entertainment,UPI,Salem,Success
TXN08298,Anu,TNSTC,2026-04-11,15:25,683.81,Transport,Card,Salem,Success
TXN08299,Keerthi,RedBus,2026-08-02,09:58,967.44,Transport,PhonePe,Trichy,Success
TXN08300,Anu,Reliance Trends,2026-08-12,14:15,3045.55,Shopping,UPI,Coimbatore,Success
TXN08301,Anu,KFC,2026-09-12,16:35,900.0,Food,UPI,Salem,Pending
TXN08302,Anu,Coursera,2026-01-27,13:31,2250.75,Education,Card,Madurai,Success
TXN08303,Arun,Meesho,2026-06-22,02:16,2712.11,Shopping,Card,Trichy,Success
TXN08304,Anu,Amazon,2026-03-12,11:18,1250.09,Shopping,GPay,Coimbatore,Success
TXN08305,Meena,Temple,2026-08-06,08:57,2000.0,Others,UPI,Chennai,Success
TXN08306,Arun,Meesho,2026-01-25,10:13,5375.66,Shopping,UPI,Coimbatore,Success
TXN08307,Harini,Metro,2026-07-19,07:31,607.55,Transport,GPay,Chennai,Pending
TXN08308,Nivetha,Salon,2026-07-10,01:04,2000.0,Others,PhonePe,Tirunelveli,Failed
TXN08309,Ishaan,Metro,2026-06-19,00:00,685.37,Transport,PhonePe,Madurai,Success
TXN08310,Sanjay,Cafe Coffee Day,2026-06-21,05:57,363.72,Food,PhonePe,Madurai,Success
TXN08311,Priya,Swiggy,2026-01-07,05:57,900.0,Food,PhonePe,Tirunelveli,Failed
TXN08312,Vishnu,Reliance Trends,2026-07-15,04:35,1988.85,Shopping,UPI,Tenkasi,Success
TXN08313,Harini,Dominos,2026-09-19,15:50,225.16,Food,GPay,Madurai,Success
TXN08314,Arun,PharmEasy,2026-02-19,04:29,3000.0,Health,GPay,Salem,Success
TXN08315,Arun,DMart,2026-05-04,18:38,1816.09,Shopping,UPI,Bengaluru,Success
TXN08316,Deva,Amazon Kindle,2026-09-14,22:33,3808.76,Education,PhonePe,Salem,Success
TXN08317,Arun,YouTube Premium,2026-06-27,07:36,1500.0,Entertainment,GPay,Tenkasi,Success
TXN08318,Keerthi,A2B,2026-03-10,18:46,345.75,Food,UPI,Tirunelveli,Success
TXN08319,Rahul,Metro,2026-03-08,00:14,583.3,Transport,UPI,Tenkasi,Success
TXN08320,Nivetha,Salon,2026-06-04,19:37,1462.51,Others,GPay,Madurai,Success
TXN08321,Deva,Dominos,2026-05-28,20:43,657.45,Food,GPay,Tirunelveli,Success
TXN08322,Deva,Meesho,2026-02-19,01:50,6000.0,Shopping,GPay,Madurai,Failed
TXN08323,Sanjay,Local Store,2026-07-19,21:40,556.79,Others,UPI,Madurai,Failed
TXN08324,Arun,Apollo Pharmacy,2026-01-15,12:21,2480.0,Health,UPI,Tenkasi,Success
TXN08325,Rahul,RedBus,2026-05-29,12:12,486.87,Transport,PhonePe,Chennai,Success
TXN08326,Nivetha,Water Board,2026-06-03,05:33,4000.0,Bills,GPay,Madurai,Success
TXN08327,Sanjay,Netflix,2026-09-21,06:22,988.49,Entertainment,UPI,Coimbatore,Success
TXN08328,Sanjay,KFC,2026-05-19,19:27,282.53,Food,Card,Bengaluru,Success
TXN08329,Vishnu,Uber,2026-06-16,11:13,680.74,Transport,Card,Chennai,Success
TXN08330,Nivetha,Amazon,2026-03-03,20:41,1375.55,Shopping,GPay,Chennai,Success
TXN08331,Arun,Amazon,2026-08-27,00:04,4800.73,Shopping,UPI,Madurai,Success
TXN08332,Vishnu,BookMyShow,2026-01-16,23:16,435.71,Entertainment,Card,Tirunelveli,Pending
TXN08333,Kavi,TNSTC,2026-05-22,03:50,733.26,Transport,Card,Salem,Failed
TXN08334,Swetha,Spotify,2026-05-15,18:59,1273.43,Entertainment,GPay,Chennai,Success
TXN08335,Harini,Zomato,2026-07-06,18:22,435.78,Food,UPI,Salem,Success
TXN08336,Rahul,Ola,2026-07-29,19:54,656.1,Transport,GPay,Chennai,Pending
TXN08337,Vishnu,Hotstar,2026-02-26,12:47,1321.02,Entertainment,PhonePe,Madurai,Success
TXN08338,Arun,Dominos,2026-01-15,14:50,580.98,Food,UPI,Tenkasi,Failed
TXN08339,Vishnu,Uber,2026-08-06,04:14,543.62,Transport,PhonePe,Coimbatore,Success
TXN08340,Abinaya,Swiggy,2026-02-09,22:27,299.66,Food,PhonePe,Madurai,Success
TXN08341,Abinaya,1mg,2026-07-16,19:55,2958.11,Health,UPI,Bengaluru,Success
TXN08342,Anu,Swiggy,2026-05-14,20:30,494.33,Food,Card,Bengaluru,Success
TXN08343,Keerthi,A2B,2026-08-05,06:50,323.89,Food,UPI,Madurai,Pending
TXN08344,Rahul,Udemy,2026-02-13,08:17,1167.85,Education,UPI,Chennai,Failed
TXN08345,Meena,Metro,2026-02-27,19:09,653.87,Transport,Card,Trichy,Success
TXN08346,Kavi,RedBus,2026-04-29,07:58,556.97,Transport,GPay,Tenkasi,Success
TXN08347,Arun,BookMyShow,2026-04-14,03:12,512.56,Entertainment,PhonePe,Chennai,Success
TXN08348,Deva,A2B,2026-08-15,00:25,586.97,Food,GPay,Madurai,Pending
TXN08349,Keerthi,College Fees,2026-09-08,17:10,1660.52,Education,GPay,Trichy,Success
TXN08350,Swetha,Dominos,2026-09-19,16:33,900.0,Food,PhonePe,Tenkasi,Success
TXN08351,Sanjay,KFC,2026-03-30,05:53,370.4,Food,GPay,Madurai,Success
TXN08352,Abinaya,Cafe Coffee Day,2026-01-28,10:25,211.5,Food,PhonePe,Tirunelveli,Success
TXN08353,Meena,A2B,2026-02-27,20:36,522.6,Food,PhonePe,Madurai,Success
TXN08354,Meena,Local Pharmacy,2026-05-11,20:00,2518.86,Health,GPay,Tirunelveli,Success
TXN08355,Rahul,Rapido,2026-03-14,22:49,345.71,Transport,GPay,Madurai,Success
TXN08356,Arun,Myntra,2026-04-06,17:26,4344.23,Shopping,GPay,Coimbatore,Pending
TXN08357,Priya,A2B,2026-01-23,04:14,716.91,Food,GPay,Madurai,Success
TXN08358,Swetha,RedBus,2026-02-18,08:08,649.31,Transport,PhonePe,Tirunelveli,Pending
TXN08359,Rahul,TNSTC,2026-01-18,07:39,1200.0,Transport,PhonePe,Tenkasi,Success
TXN08360,Vishnu,Amazon,2026-03-29,11:20,2015.42,Shopping,Card,Chennai,Failed
TXN08361,Rahul,Apollo Pharmacy,2026-09-24,03:55,886.53,Health,PhonePe,Madurai,Success
TXN08362,Harini,Flipkart,2026-02-11,21:26,2293.98,Shopping,PhonePe,Coimbatore,Success
TXN08363,Vishnu,Myntra,2026-08-03,18:52,2582.57,Shopping,Card,Madurai,Failed
TXN08364,Ishaan,Rapido,2026-07-17,15:25,497.26,Transport,GPay,Chennai,Success
TXN08365,Sanjay,Uber,2026-09-21,04:40,383.8,Transport,PhonePe,Madurai,Success
TXN08366,Vishnu,Swiggy,2026-07-13,14:46,367.96,Food,GPay,Madurai,Success
TXN08367,Nivetha,Local Store,2026-04-20,13:16,1000.9,Others,UPI,Tenkasi,Pending
TXN08368,Vishnu,Stationery Shop,2026-05-06,11:21,1483.59,Others,GPay,Coimbatore,Pending
TXN08369,Sanjay,Netflix,2026-05-19,08:44,902.77,Entertainment,GPay,Salem,Success
TXN08370,Harini,Water Board,2026-03-09,19:13,3060.72,Bills,UPI,Coimbatore,Success
TXN08371,Vishnu,Apollo Pharmacy,2026-05-12,12:09,1098.68,Health,UPI,Tirunelveli,Failed
TXN08372,Sanjay,A2B,2026-08-13,04:48,452.05,Food,UPI,Salem,Pending
TXN08373,Ishaan,A2B,2026-01-29,09:51,384.71,Food,PhonePe,Chennai,Pending
TXN08374,Ishaan,Dominos,2026-02-25,15:17,234.17,Food,UPI,Tirunelveli,Success
TXN08375,Harini,A2B,2026-01-01,08:58,158.7,Food,UPI,Madurai,Failed
TXN08376,Anu,TNSTC,2026-05-13,10:24,425.64,Transport,UPI,Madurai,Success
TXN08377,Nivetha,TNSTC,2026-09-22,02:19,830.03,Transport,Card,Tirunelveli,Success
TXN08378,Nivetha,A2B,2026-09-19,17:26,518.96,Food,UPI,Chennai,Success
TXN08379,Sanjay,KFC,2026-06-12,00:35,475.57,Food,UPI,Tirunelveli,Success
TXN08380,Arun,Google Workspace,2026-05-02,02:48,4929.01,Education,GPay,Madurai,Success
TXN08381,Keerthi,Dominos,2026-05-02,20:20,301.52,Food,PhonePe,Coimbatore,Success
TXN08382,Deva,Apollo Pharmacy,2026-05-14,17:59,1793.88,Health,Card,Tirunelveli,Success
TXN08383,Arun,Udemy,2026-03-09,15:03,2081.65,Education,Card,Madurai,Success
TXN08384,Kavi,Cafe Coffee Day,2026-03-25,08:47,560.24,Food,UPI,Bengaluru,Success
TXN08385,Priya,Amazon,2026-04-15,17:59,4903.64,Shopping,GPay,Bengaluru,Pending
TXN08386,Deva,DMart,2026-05-28,16:12,1558.23,Shopping,GPay,Madurai,Success
TXN08387,Priya,Zomato,2026-01-23,15:10,653.01,Food,Card,Madurai,Success
TXN08388,Keerthi,A2B,2026-04-21,16:17,530.46,Food,Card,Madurai,Success
TXN08389,Sanjay,Amazon,2026-03-24,08:00,2305.47,Shopping,Card,Madurai,Success
TXN08390,Keerthi,KFC,2026-04-18,07:43,152.17,Food,Card,Bengaluru,Success
TXN08391,Priya,Rapido,2026-06-24,18:04,619.52,Transport,GPay,Madurai,Failed
TXN08392,Sanjay,Ola,2026-04-02,14:10,1200.0,Transport,UPI,Chennai,Pending
TXN08393,Priya,Flipkart,2026-02-21,02:04,1334.56,Shopping,UPI,Bengaluru,Success
TXN08394,Meena,RedBus,2026-03-04,03:24,301.05,Transport,GPay,Chennai,Failed
TXN08395,Arun,KFC,2026-05-01,09:44,533.01,Food,GPay,Madurai,Success
TXN08396,Swetha,Airtel,2026-04-08,06:50,1019.0,Bills,Card,Tenkasi,Success
TXN08397,Keerthi,Cafe Coffee Day,2026-04-07,10:32,690.33,Food,UPI,Coimbatore,Success
TXN08398,Deva,Ola,2026-02-20,20:20,670.14,Transport,Card,Madurai,Pending
TXN08399,Priya,Temple,2026-04-21,06:19,581.05,Others,UPI,Tenkasi,Success
TXN08400,Priya,YouTube Premium,2026-01-17,00:50,516.18,Entertainment,PhonePe,Madurai,Pending
TXN08401,Sanjay,RedBus,2026-02-27,12:50,274.11,Transport,Card,Madurai,Success
TXN08402,Deva,Flipkart,2026-09-22,22:22,5191.14,Shopping,PhonePe,Madurai,Success
TXN08403,Rahul,Cafe Coffee Day,2026-05-11,16:23,802.24,Food,PhonePe,Tirunelveli,Success
TXN08404,Deva,Reliance Trends,2026-03-02,04:37,5794.43,Shopping,GPay,Tirunelveli,Success
TXN08405,Keerthi,Swiggy,2026-08-10,20:29,337.77,Food,UPI,Salem,Success
TXN08406,Abinaya,Apollo Pharmacy,2026-09-15,22:29,945.68,Health,GPay,Madurai,Failed
TXN08407,Rahul,Zomato,2026-07-04,06:01,481.47,Food,UPI,Tirunelveli,Success
TXN08408,Rahul,Netflix,2026-03-15,18:26,1250.91,Entertainment,GPay,Chennai,Success
TXN08409,Kavi,Zomato,2026-09-17,19:40,285.28,Food,Card,Madurai,Success
TXN08410,Kavi,A2B,2026-02-24,18:15,264.79,Food,UPI,Chennai,Success
TXN08411,Abinaya,Swiggy,2026-03-15,15:55,678.59,Food,UPI,Chennai,Success
TXN08412,Harini,TNSTC,2026-02-19,13:16,308.98,Transport,PhonePe,Madurai,Success
TXN08413,Anu,Flipkart,2026-01-13,01:08,3485.95,Shopping,UPI,Salem,Success
TXN08414,Deva,Coursera,2026-06-28,16:05,2201.32,Education,Card,Chennai,Failed
TXN08415,Deva,A2B,2026-05-02,18:43,329.03,Food,Card,Coimbatore,Pending
TXN08416,Vishnu,Amazon Kindle,2026-05-18,12:29,2338.54,Education,GPay,Tirunelveli,Pending
TXN08417,Kavi,Google Workspace,2026-04-01,03:39,2284.6,Education,PhonePe,Salem,Success
TXN08418,Arun,Ola,2026-07-28,06:36,738.12,Transport,PhonePe,Tirunelveli,Success
TXN08419,Priya,Dominos,2026-03-13,20:20,583.85,Food,GPay,Chennai,Success
TXN08420,Meena,Cafe Coffee Day,2026-02-14,01:47,133.9,Food,PhonePe,Bengaluru,Pending
TXN08421,Harini,Spotify,2026-07-05,01:15,1500.0,Entertainment,Card,Madurai,Success
TXN08422,Swetha,Dominos,2026-03-31,23:05,515.25,Food,UPI,Chennai,Failed
TXN08423,Priya,PharmEasy,2026-03-23,11:07,2180.18,Health,PhonePe,Salem,Failed
TXN08424,Vishnu,Myntra,2026-05-23,16:52,4189.43,Shopping,Card,Salem,Success
TXN08425,Deva,Dominos,2026-02-17,10:08,900.0,Food,Card,Tirunelveli,Failed
TXN08426,Anu,Local Store,2026-07-17,11:32,1743.64,Others,GPay,Salem,Success
TXN08427,Anu,Flipkart,2026-04-15,15:03,5086.06,Shopping,UPI,Bengaluru,Success
TXN08428,Ishaan,Stationery Shop,2026-03-06,05:42,542.55,Others,Card,Chennai,Success
TXN08429,Keerthi,Dominos,2026-09-10,10:22,610.11,Food,Card,Trichy,Success
TXN08430,Rahul,Cafe Coffee Day,2026-06-21,05:40,158.97,Food,UPI,Coimbatore,Success
TXN08431,Ishaan,Zomato,2026-01-23,12:17,755.23,Food,PhonePe,Trichy,Pending
TXN08432,Swetha,KFC,2026-05-28,20:37,380.36,Food,PhonePe,Chennai,Success
TXN08433,Meena,TNSTC,2026-09-04,02:50,601.27,Transport,UPI,Madurai,Success
TXN08434,Vishnu,Salon,2026-04-07,09:54,1168.07,Others,Card,Bengaluru,Success
TXN08435,Arun,KFC,2026-02-25,14:36,711.66,Food,PhonePe,Coimbatore,Success
TXN08436,Kavi,Swiggy,2026-07-09,06:19,900.0,Food,UPI,Chennai,Success
TXN08437,Kavi,Amazon,2026-04-04,08:42,6000.0,Shopping,UPI,Tirunelveli,Success
TXN08438,Kavi,Swiggy,2026-08-27,20:51,209.17,Food,UPI,Chennai,Success
TXN08439,Nivetha,Swiggy,2026-09-20,08:13,473.0,Food,GPay,Coimbatore,Failed
TXN08440,Meena,Myntra,2026-09-15,22:00,1534.78,Shopping,UPI,Trichy,Success
TXN08441,Harini,Zomato,2026-08-18,12:44,303.07,Food,UPI,Madurai,Pending
TXN08442,Rahul,KFC,2026-03-10,11:55,900.0,Food,Card,Coimbatore,Success
TXN08443,Ishaan,Metro,2026-06-05,07:16,1200.0,Transport,GPay,Bengaluru,Pending
TXN08444,Meena,Meesho,2026-07-26,17:34,3981.94,Shopping,Card,Madurai,Success
TXN08445,Arun,Myntra,2026-08-20,17:50,3447.25,Shopping,UPI,Bengaluru,Success
TXN08446,Vishnu,Cafe Coffee Day,2026-06-12,07:56,613.89,Food,Card,Chennai,Success
TXN08447,Swetha,Amazon,2026-01-03,18:32,6000.0,Shopping,UPI,Coimbatore,Failed
TXN08448,Rahul,TNSTC,2026-02-25,03:40,794.84,Transport,UPI,Coimbatore,Success
TXN08449,Keerthi,RedBus,2026-07-31,16:27,324.22,Transport,PhonePe,Madurai,Success
TXN08450,Sanjay,Uber,2026-06-22,05:50,575.35,Transport,PhonePe,Trichy,Success
TXN08451,Rahul,Airtel,2026-03-17,21:15,1805.33,Bills,GPay,Salem,Success
TXN08452,Vishnu,Local Store,2026-06-12,02:31,592.4,Others,Card,Tenkasi,Success
TXN08453,Vishnu,KFC,2026-07-07,06:57,714.42,Food,Card,Coimbatore,Success
TXN08454,Abinaya,Udemy,2026-02-09,07:33,5000.0,Education,PhonePe,Coimbatore,Success
TXN08455,Sanjay,DMart,2026-07-28,09:20,2279.74,Shopping,UPI,Madurai,Success
TXN08456,Arun,Uber,2026-05-28,02:25,285.23,Transport,PhonePe,Bengaluru,Pending
TXN08457,Deva,Apollo Pharmacy,2026-01-08,13:13,1118.63,Health,UPI,Chennai,Failed
TXN08458,Swetha,RedBus,2026-09-26,20:11,641.49,Transport,PhonePe,Trichy,Pending
TXN08459,Abinaya,Rapido,2026-02-09,06:28,647.12,Transport,GPay,Madurai,Success
TXN08460,Swetha,Netflix,2026-08-24,03:27,1015.25,Entertainment,Card,Madurai,Success
TXN08461,Ishaan,Hotstar,2026-01-30,18:50,1133.92,Entertainment,Card,Chennai,Failed
TXN08462,Rahul,Dominos,2026-04-21,21:44,900.0,Food,PhonePe,Tirunelveli,Success
TXN08463,Harini,Jio,2026-06-26,20:48,3427.3,Bills,PhonePe,Tirunelveli,Success
TXN08464,Rahul,Stationery Shop,2026-01-23,00:33,1642.91,Others,GPay,Chennai,Success
TXN08465,Sanjay,College Fees,2026-05-30,01:45,2563.95,Education,Card,Tenkasi,Success
TXN08466,Arun,Amazon,2026-09-20,07:21,1589.49,Shopping,GPay,Trichy,Success
TXN08467,Anu,Ola,2026-02-06,18:34,800.23,Transport,Card,Tenkasi,Success
TXN08468,Harini,Netflix,2026-08-21,01:23,1123.82,Entertainment,UPI,Madurai,Success
TXN08469,Rahul,Gift,2026-01-04,05:06,1646.65,Others,GPay,Madurai,Success
TXN08470,Priya,Flipkart,2026-07-22,19:06,1875.44,Shopping,PhonePe,Trichy,Pending
TXN08471,Vishnu,Ola,2026-02-19,01:13,1188.42,Transport,GPay,Bengaluru,Success
TXN08472,Keerthi,Amazon,2026-02-04,12:55,3731.56,Shopping,GPay,Bengaluru,Failed
TXN08473,Deva,KFC,2026-07-15,15:48,253.19,Food,GPay,Tirunelveli,Success
TXN08474,Arun,Temple,2026-01-21,03:45,434.55,Others,Card,Coimbatore,Success
TXN08475,Arun,A2B,2026-04-28,06:07,468.02,Food,GPay,Chennai,Success
TXN08476,Priya,Salon,2026-07-15,08:46,1109.89,Others,UPI,Trichy,Success
TXN08477,Keerthi,Ola,2026-07-17,04:08,398.14,Transport,UPI,Bengaluru,Failed
TXN08478,Rahul,Dominos,2026-01-11,05:19,492.68,Food,GPay,Madurai,Success
TXN08479,Ishaan,A2B,2026-06-17,01:13,544.77,Food,Card,Salem,Success
TXN08480,Nivetha,1mg,2026-02-12,17:41,2758.21,Health,PhonePe,Madurai,Pending
TXN08481,Swetha,Steam,2026-09-26,01:43,804.01,Entertainment,UPI,Madurai,Success
TXN08482,Nivetha,YouTube Premium,2026-06-18,00:04,1045.42,Entertainment,UPI,Chennai,Failed
TXN08483,Ishaan,Flipkart,2026-03-12,14:17,5984.85,Shopping,UPI,Madurai,Pending
TXN08484,Deva,Spotify,2026-03-01,22:30,775.64,Entertainment,PhonePe,Bengaluru,Success
TXN08485,Sanjay,College Fees,2026-03-05,23:25,1843.9,Education,Card,Chennai,Success
TXN08486,Priya,Spotify,2026-02-16,23:33,1089.56,Entertainment,GPay,Madurai,Success
TXN08487,Arun,Zomato,2026-05-01,03:36,900.0,Food,PhonePe,Tirunelveli,Success
TXN08488,Harini,Salon,2026-06-07,17:40,1595.72,Others,Card,Chennai,Success
TXN08489,Priya,Zomato,2026-01-06,17:01,900.0,Food,Card,Coimbatore,Failed
TXN08490,Arun,Airtel,2026-08-10,07:51,1685.32,Bills,UPI,Madurai,Failed
TXN08491,Nivetha,Coursera,2026-07-20,15:19,2177.14,Education,Card,Coimbatore,Success
TXN08492,Priya,Dominos,2026-03-22,20:46,684.56,Food,GPay,Coimbatore,Pending
TXN08493,Sanjay,Dominos,2026-01-22,08:46,603.54,Food,GPay,Chennai,Pending
TXN08494,Rahul,Steam,2026-06-17,08:46,1171.61,Entertainment,Card,Madurai,Success
TXN08495,Sanjay,Rapido,2026-06-05,13:53,787.98,Transport,UPI,Coimbatore,Pending
TXN08496,Rahul,A2B,2026-08-19,03:47,440.43,Food,GPay,Chennai,Success
TXN08497,Deva,Amazon Kindle,2026-04-19,21:41,2445.24,Education,Card,Madurai,Failed
TXN08498,Meena,Udemy,2026-03-16,05:55,2520.6,Education,Card,Salem,Success
TXN08499,Swetha,TNSTC,2026-05-29,04:22,1044.54,Transport,UPI,Chennai,Success
TXN08500,Vishnu,Meesho,2026-06-06,11:41,5419.4,Shopping,UPI,Chennai,Success
TXN08501,Sanjay,Amazon Kindle,2026-01-15,05:18,1035.82,Education,GPay,Madurai,Pending
TXN08502,Vishnu,Coursera,2026-06-17,19:13,3639.07,Education,Card,Chennai,Success
TXN08503,Anu,Myntra,2026-03-30,07:20,5575.89,Shopping,PhonePe,Salem,Failed
TXN08504,Deva,Airtel,2026-05-06,07:27,2233.68,Bills,UPI,Chennai,Pending
TXN08505,Harini,Rapido,2026-09-26,20:26,142.79,Transport,PhonePe,Chennai,Success
TXN08506,Swetha,Metro,2026-07-08,10:21,702.32,Transport,UPI,Chennai,Success
TXN08507,Keerthi,HealthPlus,2026-01-01,03:51,1248.07,Health,GPay,Tenkasi,Success
TXN08508,Deva,Flipkart,2026-07-23,02:29,3616.36,Shopping,Card,Tirunelveli,Pending
TXN08509,Kavi,Salon,2026-01-05,03:23,2000.0,Others,Card,Salem,Success
TXN08510,Keerthi,Amazon Kindle,2026-09-28,03:41,3300.0,Education,GPay,Madurai,Success
TXN08511,Harini,Metro,2026-07-01,08:18,1200.0,Transport,PhonePe,Tirunelveli,Success
TXN08512,Ishaan,Reliance Trends,2026-07-03,18:36,1972.44,Shopping,GPay,Madurai,Success
TXN08513,Keerthi,Meesho,2026-01-20,19:41,5180.69,Shopping,Card,Trichy,Success
TXN08514,Harini,Swiggy,2026-07-06,00:46,701.23,Food,Card,Madurai,Pending
TXN08515,Keerthi,A2B,2026-07-09,02:11,487.83,Food,PhonePe,Chennai,Success
TXN08516,Sanjay,Uber,2026-01-16,21:59,219.88,Transport,GPay,Bengaluru,Success
TXN08517,Vishnu,Reliance Trends,2026-01-19,04:44,3099.91,Shopping,PhonePe,Madurai,Success
TXN08518,Rahul,TNSTC,2026-07-12,11:27,425.04,Transport,GPay,Madurai,Pending
TXN08519,Arun,Meesho,2026-07-31,21:27,1232.56,Shopping,Card,Madurai,Pending
TXN08520,Meena,1mg,2026-04-12,05:37,1109.12,Health,PhonePe,Madurai,Success
TXN08521,Swetha,Dominos,2026-02-21,02:59,625.22,Food,PhonePe,Chennai,Pending
TXN08522,Deva,Myntra,2026-06-23,07:48,3473.57,Shopping,GPay,Madurai,Success
TXN08523,Meena,Water Board,2026-05-22,03:42,2054.85,Bills,Card,Salem,Success
TXN08524,Vishnu,Rapido,2026-05-30,04:34,341.13,Transport,PhonePe,Bengaluru,Success
TXN08525,Deva,KFC,2026-05-12,13:01,151.81,Food,Card,Madurai,Pending
TXN08526,Ishaan,Netflix,2026-09-17,02:09,489.98,Entertainment,PhonePe,Bengaluru,Pending
TXN08527,Rahul,Local Pharmacy,2026-06-10,10:36,1339.94,Health,PhonePe,Chennai,Pending
TXN08528,Anu,Uber,2026-05-07,19:02,440.33,Transport,Card,Coimbatore,Success
TXN08529,Ishaan,RedBus,2026-09-18,20:07,519.54,Transport,UPI,Coimbatore,Success
TXN08530,Swetha,Dominos,2026-08-23,19:14,900.0,Food,UPI,Tirunelveli,Success
TXN08531,Arun,Hotstar,2026-06-24,11:46,815.89,Entertainment,PhonePe,Coimbatore,Success
TXN08532,Ishaan,DMart,2026-03-04,00:43,5392.85,Shopping,UPI,Madurai,Success
TXN08533,Kavi,Swiggy,2026-02-26,16:09,319.16,Food,Card,Chennai,Success
TXN08534,Meena,TNSTC,2026-04-17,19:18,408.86,Transport,UPI,Chennai,Success
TXN08535,Nivetha,Apollo Pharmacy,2026-03-07,14:42,718.74,Health,Card,Chennai,Success
TXN08536,Priya,KFC,2026-06-23,08:14,496.04,Food,PhonePe,Salem,Success
TXN08537,Vishnu,Metro,2026-06-27,11:59,355.73,Transport,PhonePe,Madurai,Pending
TXN08538,Arun,Ola,2026-07-09,13:39,1200.0,Transport,PhonePe,Chennai,Pending
TXN08539,Deva,DMart,2026-04-22,03:36,2772.37,Shopping,Card,Chennai,Pending
TXN08540,Vishnu,Zomato,2026-09-29,16:42,441.08,Food,UPI,Chennai,Success
TXN08541,Kavi,Swiggy,2026-03-01,02:08,406.02,Food,GPay,Madurai,Pending
TXN08542,Anu,College Fees,2026-04-16,12:27,1787.31,Education,PhonePe,Madurai,Pending
TXN08543,Deva,Hotstar,2026-04-01,04:14,1423.59,Entertainment,UPI,Chennai,Failed
TXN08544,Kavi,A2B,2026-04-23,18:52,563.57,Food,UPI,Chennai,Success
TXN08545,Keerthi,Electricity Board,2026-02-05,07:53,871.9,Bills,GPay,Coimbatore,Success
TXN08546,Sanjay,Rapido,2026-09-20,23:14,254.71,Transport,PhonePe,Salem,Success
TXN08547,Kavi,KFC,2026-03-31,11:17,232.06,Food,UPI,Salem,Success
TXN08548,Priya,Dominos,2026-08-06,09:34,252.47,Food,Card,Trichy,Success
TXN08549,Sanjay,Zomato,2026-02-12,05:15,381.69,Food,GPay,Tirunelveli,Success
TXN08550,Sanjay,Swiggy,2026-08-04,22:33,755.97,Food,PhonePe,Coimbatore,Failed
TXN08551,Sanjay,Hotstar,2026-05-31,05:13,820.16,Entertainment,Card,Trichy,Failed
TXN08552,Nivetha,Cafe Coffee Day,2026-06-11,07:35,226.33,Food,UPI,Chennai,Success
TXN08553,Sanjay,Local Pharmacy,2026-08-14,12:04,957.76,Health,PhonePe,Chennai,Success
TXN08554,Vishnu,Swiggy,2026-03-07,18:39,188.91,Food,GPay,Chennai,Pending
TXN08555,Vishnu,PharmEasy,2026-05-21,09:56,1412.04,Health,UPI,Trichy,Failed
TXN08556,Harini,Netflix,2026-02-20,02:51,1245.45,Entertainment,PhonePe,Madurai,Success
TXN08557,Anu,Swiggy,2026-01-15,05:48,900.0,Food,UPI,Chennai,Success
TXN08558,Nivetha,TNSTC,2026-01-22,13:25,358.33,Transport,GPay,Salem,Failed
TXN08559,Nivetha,Metro,2026-05-06,13:57,761.54,Transport,GPay,Tenkasi,Pending
TXN08560,Priya,Zomato,2026-03-04,18:46,900.0,Food,UPI,Madurai,Pending
TXN08561,Vishnu,Local Store,2026-07-01,13:37,2000.0,Others,GPay,Madurai,Success
TXN08562,Deva,Netflix,2026-05-04,21:10,1272.43,Entertainment,GPay,Trichy,Success
TXN08563,Rahul,Water Board,2026-05-29,23:15,3091.84,Bills,UPI,Madurai,Failed
TXN08564,Ishaan,YouTube Premium,2026-01-03,15:50,944.88,Entertainment,PhonePe,Chennai,Success
TXN08565,Ishaan,Metro,2026-09-08,16:00,1200.0,Transport,Card,Tirunelveli,Pending
TXN08566,Kavi,Amazon Kindle,2026-06-27,03:25,1679.52,Education,UPI,Tenkasi,Success
TXN08567,Deva,Reliance Trends,2026-03-31,12:31,3871.26,Shopping,PhonePe,Madurai,Success
TXN08568,Vishnu,Flipkart,2026-08-10,06:43,2746.59,Shopping,PhonePe,Tirunelveli,Pending
TXN08569,Anu,Coursera,2026-09-16,12:57,1823.06,Education,UPI,Chennai,Success
TXN08570,Vishnu,Electricity Board,2026-06-22,00:47,1102.27,Bills,GPay,Madurai,Success
TXN08571,Nivetha,Dominos,2026-01-23,13:11,93.75,Food,Card,Bengaluru,Success
TXN08572,Sanjay,Google Workspace,2026-07-04,05:03,5000.0,Education,GPay,Tenkasi,Failed
TXN08573,Kavi,Dominos,2026-07-29,12:42,283.3,Food,Card,Bengaluru,Failed
TXN08574,Vishnu,A2B,2026-07-17,08:41,515.2,Food,PhonePe,Salem,Success
TXN08575,Ishaan,Temple,2026-04-03,22:57,1299.84,Others,UPI,Salem,Success
TXN08576,Abinaya,Rapido,2026-08-12,17:45,311.1,Transport,UPI,Tenkasi,Success
TXN08577,Meena,ACT Fibernet,2026-07-18,01:42,2812.06,Bills,UPI,Salem,Failed
TXN08578,Abinaya,Swiggy,2026-09-20,16:39,900.0,Food,PhonePe,Salem,Success
TXN08579,Harini,Jio,2026-04-21,23:06,3116.63,Bills,GPay,Tenkasi,Failed
TXN08580,Sanjay,Reliance Trends,2026-02-18,17:16,2918.73,Shopping,Card,Tenkasi,Success
TXN08581,Arun,Hotstar,2026-09-02,20:36,841.52,Entertainment,GPay,Tirunelveli,Failed
TXN08582,Kavi,Ola,2026-09-26,02:31,562.07,Transport,GPay,Chennai,Success
TXN08583,Nivetha,TNSTC,2026-01-05,03:30,453.42,Transport,Card,Chennai,Pending
TXN08584,Abinaya,HealthPlus,2026-08-14,23:20,881.82,Health,Card,Bengaluru,Pending
TXN08585,Nivetha,Rapido,2026-06-06,20:22,491.09,Transport,Card,Madurai,Success
TXN08586,Anu,Amazon,2026-09-19,03:39,3470.45,Shopping,PhonePe,Madurai,Success
TXN08587,Vishnu,Meesho,2026-09-08,06:51,6000.0,Shopping,GPay,Chennai,Success
TXN08588,Deva,Swiggy,2026-05-06,03:56,410.16,Food,Card,Madurai,Success
TXN08589,Anu,Flipkart,2026-08-07,06:13,2732.95,Shopping,Card,Madurai,Pending
TXN08590,Anu,A2B,2026-07-09,02:08,337.82,Food,Card,Tenkasi,Success
TXN08591,Vishnu,Netflix,2026-08-12,14:28,1500.0,Entertainment,PhonePe,Coimbatore,Success
TXN08592,Swetha,DMart,2026-02-26,15:33,2966.31,Shopping,Card,Chennai,Success
TXN08593,Rahul,Zomato,2026-04-10,14:06,704.83,Food,UPI,Madurai,Success
TXN08594,Meena,1mg,2026-03-04,07:59,2050.34,Health,PhonePe,Madurai,Success
TXN08595,Abinaya,Myntra,2026-01-07,16:09,4818.08,Shopping,UPI,Madurai,Success
TXN08596,Arun,A2B,2026-08-17,10:17,738.45,Food,Card,Chennai,Success
TXN08597,Nivetha,Cafe Coffee Day,2026-05-10,18:23,419.34,Food,UPI,Madurai,Success
TXN08598,Kavi,Ola,2026-04-01,03:36,468.66,Transport,Card,Coimbatore,Success
TXN08599,Keerthi,Stationery Shop,2026-09-08,16:04,2000.0,Others,UPI,Chennai,Failed
TXN08600,Vishnu,YouTube Premium,2026-04-22,02:13,605.67,Entertainment,UPI,Madurai,Success
TXN08601,Kavi,A2B,2026-01-28,18:37,488.86,Food,Card,Madurai,Success
TXN08602,Sanjay,Steam,2026-08-08,23:32,548.12,Entertainment,Card,Chennai,Failed
TXN08603,Deva,Miscellaneous,2026-09-03,16:47,1560.57,Others,UPI,Coimbatore,Success
TXN08604,Deva,Uber,2026-05-03,21:53,527.51,Transport,PhonePe,Chennai,Success
TXN08605,Vishnu,Hotstar,2026-02-14,00:52,580.87,Entertainment,PhonePe,Trichy,Success
TXN08606,Anu,Dominos,2026-08-17,14:23,504.19,Food,PhonePe,Tirunelveli,Failed
TXN08607,Anu,Dominos,2026-01-22,14:22,900.0,Food,PhonePe,Chennai,Pending
TXN08608,Sanjay,Dominos,2026-04-30,07:18,317.45,Food,PhonePe,Madurai,Failed
TXN08609,Rahul,Meesho,2026-05-12,10:37,5091.15,Shopping,Card,Salem,Success
TXN08610,Abinaya,Coursera,2026-08-29,04:09,1799.21,Education,UPI,Salem,Success
TXN08611,Meena,Coursera,2026-04-22,22:54,948.46,Education,GPay,Madurai,Success
TXN08612,Abinaya,Amazon Kindle,2026-09-19,06:15,2889.2,Education,PhonePe,Tenkasi,Success
TXN08613,Nivetha,Dominos,2026-03-11,01:48,290.62,Food,Card,Trichy,Success
TXN08614,Kavi,Spotify,2026-07-22,09:36,580.68,Entertainment,Card,Tenkasi,Success
TXN08615,Nivetha,BookMyShow,2026-09-18,17:20,462.77,Entertainment,UPI,Chennai,Success
TXN08616,Nivetha,Dominos,2026-09-20,10:23,900.0,Food,Card,Salem,Failed
TXN08617,Vishnu,PharmEasy,2026-07-02,15:52,372.19,Health,Card,Coimbatore,Failed
TXN08618,Arun,DMart,2026-02-14,15:38,3460.19,Shopping,GPay,Chennai,Success
TXN08619,Vishnu,KFC,2026-01-28,12:49,407.01,Food,GPay,Madurai,Pending
TXN08620,Nivetha,KFC,2026-07-01,03:17,268.55,Food,PhonePe,Salem,Success
TXN08621,Meena,Swiggy,2026-09-10,22:53,490.17,Food,PhonePe,Salem,Success
TXN08622,Harini,Reliance Trends,2026-09-26,10:17,5256.18,Shopping,Card,Chennai,Failed
TXN08623,Abinaya,Spotify,2026-06-19,02:03,942.31,Entertainment,PhonePe,Madurai,Success
TXN08624,Deva,Cafe Coffee Day,2026-05-14,03:12,900.0,Food,UPI,Bengaluru,Success
TXN08625,Ishaan,Swiggy,2026-08-15,13:53,900.0,Food,GPay,Trichy,Pending
TXN08626,Vishnu,A2B,2026-06-22,06:04,425.75,Food,PhonePe,Madurai,Success
TXN08627,Ishaan,Reliance Trends,2026-01-28,08:29,2305.29,Shopping,Card,Tenkasi,Success
TXN08628,Harini,Water Board,2026-05-19,21:35,4000.0,Bills,GPay,Salem,Success
TXN08629,Priya,Water Board,2026-06-04,10:49,2676.49,Bills,Card,Trichy,Success
TXN08630,Meena,Zomato,2026-02-05,04:53,462.64,Food,Card,Bengaluru,Success
TXN08631,Swetha,Cafe Coffee Day,2026-07-12,05:11,900.0,Food,Card,Coimbatore,Success
TXN08632,Sanjay,Amazon,2026-06-03,21:32,1244.21,Shopping,PhonePe,Bengaluru,Success
TXN08633,Harini,Rapido,2026-04-27,04:06,598.33,Transport,UPI,Trichy,Pending
TXN08634,Nivetha,ACT Fibernet,2026-06-05,19:03,2011.08,Bills,PhonePe,Madurai,Pending
TXN08635,Vishnu,Water Board,2026-02-03,06:05,3968.91,Bills,UPI,Coimbatore,Success
TXN08636,Abinaya,Amazon,2026-01-22,10:38,6000.0,Shopping,UPI,Coimbatore,Failed
TXN08637,Swetha,Swiggy,2026-02-23,23:07,900.0,Food,PhonePe,Madurai,Success
TXN08638,Abinaya,Meesho,2026-05-05,16:45,2158.92,Shopping,UPI,Madurai,Success
TXN08639,Deva,Cafe Coffee Day,2026-03-18,10:37,688.57,Food,PhonePe,Madurai,Success
TXN08640,Ishaan,Apollo Pharmacy,2026-09-20,19:32,702.27,Health,Card,Salem,Success
TXN08641,Vishnu,Dominos,2026-09-03,16:00,84.85,Food,PhonePe,Tirunelveli,Success
TXN08642,Vishnu,RedBus,2026-03-14,21:54,692.39,Transport,UPI,Bengaluru,Pending
TXN08643,Priya,Water Board,2026-03-11,16:55,1483.26,Bills,GPay,Madurai,Success
TXN08644,Meena,A2B,2026-06-24,02:57,428.76,Food,GPay,Tirunelveli,Pending
TXN08645,Swetha,Dominos,2026-09-09,23:20,900.0,Food,GPay,Chennai,Pending
TXN08646,Harini,KFC,2026-05-21,23:27,326.11,Food,PhonePe,Madurai,Success
TXN08647,Sanjay,Netflix,2026-07-19,02:44,435.22,Entertainment,UPI,Salem,Failed
TXN08648,Keerthi,Reliance Trends,2026-07-22,13:23,4894.34,Shopping,UPI,Chennai,Success
TXN08649,Rahul,Spotify,2026-01-27,14:28,258.37,Entertainment,UPI,Madurai,Success
TXN08650,Keerthi,Myntra,2026-08-12,05:33,2440.82,Shopping,Card,Trichy,Failed
TXN08651,Rahul,Stationery Shop,2026-02-19,23:04,353.13,Others,Card,Coimbatore,Success
TXN08652,Kavi,TNSTC,2026-02-14,16:48,301.32,Transport,PhonePe,Madurai,Pending
TXN08653,Nivetha,Dominos,2026-09-08,21:44,162.23,Food,GPay,Trichy,Pending
TXN08654,Abinaya,Swiggy,2026-08-06,05:29,653.84,Food,Card,Madurai,Failed
TXN08655,Ishaan,Metro,2026-09-16,09:54,684.09,Transport,PhonePe,Chennai,Success
TXN08656,Abinaya,Zomato,2026-09-12,17:05,212.88,Food,GPay,Trichy,Success
TXN08657,Swetha,DMart,2026-06-24,19:15,1237.6,Shopping,UPI,Madurai,Success
TXN08658,Nivetha,YouTube Premium,2026-06-05,20:30,622.82,Entertainment,Card,Coimbatore,Failed
TXN08659,Meena,Cafe Coffee Day,2026-04-10,23:51,465.2,Food,UPI,Coimbatore,Failed
TXN08660,Abinaya,Ola,2026-07-13,18:52,1200.0,Transport,PhonePe,Madurai,Success
TXN08661,Meena,Meesho,2026-07-07,12:42,1004.43,Shopping,PhonePe,Chennai,Success
TXN08662,Swetha,DMart,2026-06-17,16:31,1592.71,Shopping,UPI,Coimbatore,Success
TXN08663,Nivetha,DMart,2026-01-03,19:47,5657.59,Shopping,UPI,Salem,Success
TXN08664,Ishaan,Ola,2026-04-16,00:36,1070.19,Transport,Card,Trichy,Success
TXN08665,Kavi,RedBus,2026-06-27,15:43,875.59,Transport,PhonePe,Madurai,Success
TXN08666,Abinaya,Rapido,2026-08-04,13:25,181.34,Transport,PhonePe,Madurai,Success
TXN08667,Swetha,ACT Fibernet,2026-01-02,19:31,2911.86,Bills,UPI,Madurai,Pending
TXN08668,Vishnu,YouTube Premium,2026-08-16,07:55,944.71,Entertainment,UPI,Salem,Pending
TXN08669,Ishaan,Gift,2026-08-06,14:24,1235.09,Others,PhonePe,Tirunelveli,Pending
TXN08670,Priya,Zomato,2026-08-13,14:37,497.8,Food,UPI,Tirunelveli,Success
TXN08671,Deva,Swiggy,2026-09-15,02:01,548.73,Food,PhonePe,Bengaluru,Pending
TXN08672,Kavi,TNSTC,2026-06-11,17:56,630.79,Transport,PhonePe,Madurai,Success
TXN08673,Meena,Cafe Coffee Day,2026-02-27,21:28,900.0,Food,Card,Tenkasi,Success
TXN08674,Sanjay,TNSTC,2026-09-02,20:35,730.98,Transport,Card,Coimbatore,Failed
TXN08675,Sanjay,Spotify,2026-04-14,08:23,461.13,Entertainment,PhonePe,Salem,Failed
TXN08676,Deva,RedBus,2026-09-20,07:10,317.26,Transport,Card,Trichy,Success
TXN08677,Nivetha,RedBus,2026-09-20,04:11,699.17,Transport,PhonePe,Tirunelveli,Success
TXN08678,Deva,TNSTC,2026-02-22,12:55,505.69,Transport,Card,Coimbatore,Failed
TXN08679,Priya,ACT Fibernet,2026-01-20,16:45,553.32,Bills,PhonePe,Trichy,Success
TXN08680,Arun,DMart,2026-09-09,07:56,3924.72,Shopping,PhonePe,Tirunelveli,Success
TXN08681,Sanjay,Metro,2026-09-25,00:51,402.37,Transport,GPay,Chennai,Failed
TXN08682,Meena,Meesho,2026-04-11,07:07,3494.48,Shopping,Card,Madurai,Success
TXN08683,Priya,A2B,2026-07-22,15:49,479.82,Food,UPI,Coimbatore,Success
TXN08684,Nivetha,Flipkart,2026-02-15,01:55,2544.65,Shopping,Card,Madurai,Success
TXN08685,Harini,TNSTC,2026-07-31,15:07,373.49,Transport,Card,Chennai,Failed
TXN08686,Nivetha,DMart,2026-09-30,02:18,3553.46,Shopping,Card,Madurai,Success
TXN08687,Abinaya,Reliance Trends,2026-08-09,17:06,3338.38,Shopping,Card,Chennai,Success
TXN08688,Keerthi,Google Workspace,2026-07-05,07:21,1836.33,Education,PhonePe,Coimbatore,Success
TXN08689,Ishaan,College Fees,2026-05-12,04:47,3199.13,Education,Card,Madurai,Success
TXN08690,Kavi,TNSTC,2026-03-19,09:32,514.75,Transport,PhonePe,Madurai,Success
TXN08691,Nivetha,Salon,2026-06-29,03:42,1000.98,Others,PhonePe,Chennai,Success
TXN08692,Meena,Reliance Trends,2026-07-29,13:25,1996.37,Shopping,GPay,Madurai,Failed
TXN08693,Deva,Swiggy,2026-07-24,08:07,656.02,Food,UPI,Madurai,Success
TXN08694,Rahul,A2B,2026-04-15,20:27,900.0,Food,Card,Madurai,Success
TXN08695,Anu,Reliance Trends,2026-09-25,11:01,1416.1,Shopping,PhonePe,Chennai,Success
TXN08696,Abinaya,Gift,2026-09-18,22:07,993.17,Others,UPI,Chennai,Success
TXN08697,Meena,PharmEasy,2026-09-19,14:38,1877.41,Health,GPay,Tirunelveli,Success
TXN08698,Keerthi,TNSTC,2026-05-18,22:00,226.05,Transport,PhonePe,Trichy,Pending
TXN08699,Nivetha,Amazon Kindle,2026-05-17,21:02,2311.73,Education,UPI,Madurai,Success
TXN08700,Ishaan,Coursera,2026-04-25,11:46,3577.35,Education,Card,Coimbatore,Pending
TXN08701,Arun,DMart,2026-05-27,10:58,4345.53,Shopping,UPI,Coimbatore,Success
TXN08702,Harini,Flipkart,2026-02-01,16:38,2834.09,Shopping,Card,Salem,Success
TXN08703,Nivetha,TNSTC,2026-03-14,05:06,321.46,Transport,Card,Salem,Success
TXN08704,Priya,Ola,2026-02-13,11:03,982.55,Transport,UPI,Trichy,Success
TXN08705,Deva,1mg,2026-09-12,00:22,2601.51,Health,GPay,Bengaluru,Success
TXN08706,Rahul,Zomato,2026-08-03,20:52,625.97,Food,GPay,Tirunelveli,Success
TXN08707,Swetha,Meesho,2026-05-05,18:20,3143.14,Shopping,Card,Salem,Pending
TXN08708,Abinaya,Metro,2026-07-03,08:12,310.46,Transport,GPay,Salem,Success
TXN08709,Harini,KFC,2026-08-11,17:36,900.0,Food,GPay,Tenkasi,Success
TXN08710,Priya,Jio,2026-06-25,00:13,2536.86,Bills,GPay,Tirunelveli,Success
TXN08711,Abinaya,Netflix,2026-07-07,18:04,494.19,Entertainment,GPay,Chennai,Success
TXN08712,Keerthi,A2B,2026-05-13,08:44,197.49,Food,PhonePe,Coimbatore,Success
TXN08713,Anu,A2B,2026-04-19,06:11,179.12,Food,UPI,Bengaluru,Success
TXN08714,Kavi,Udemy,2026-02-12,06:28,2923.96,Education,UPI,Chennai,Success
TXN08715,Swetha,KFC,2026-02-13,15:15,808.69,Food,UPI,Tirunelveli,Pending
TXN08716,Arun,Local Pharmacy,2026-05-03,18:49,2544.15,Health,PhonePe,Coimbatore,Success
TXN08717,Anu,Swiggy,2026-01-22,16:26,297.57,Food,UPI,Chennai,Failed
TXN08718,Anu,Amazon,2026-07-09,02:13,6000.0,Shopping,Card,Trichy,Failed
TXN08719,Vishnu,Netflix,2026-02-27,22:12,1500.0,Entertainment,PhonePe,Chennai,Success
TXN08720,Swetha,Swiggy,2026-01-22,17:09,759.73,Food,Card,Madurai,Success
TXN08721,Kavi,Metro,2026-07-12,19:43,253.26,Transport,PhonePe,Madurai,Success
TXN08722,Deva,KFC,2026-05-22,10:43,368.01,Food,PhonePe,Tirunelveli,Success
TXN08723,Meena,Zomato,2026-09-16,19:40,441.78,Food,Card,Chennai,Success
TXN08724,Abinaya,Zomato,2026-05-27,01:55,133.11,Food,PhonePe,Tirunelveli,Failed
TXN08725,Priya,Local Store,2026-06-14,13:05,1557.93,Others,UPI,Madurai,Success
TXN08726,Meena,Swiggy,2026-02-19,05:06,768.95,Food,GPay,Bengaluru,Failed
TXN08727,Harini,DMart,2026-09-28,19:21,3762.74,Shopping,UPI,Madurai,Pending
TXN08728,Anu,College Fees,2026-05-20,09:17,2607.22,Education,GPay,Madurai,Failed
TXN08729,Arun,Amazon,2026-06-07,15:40,2787.51,Shopping,Card,Salem,Success
TXN08730,Arun,Swiggy,2026-01-27,23:27,519.35,Food,Card,Tirunelveli,Pending
TXN08731,Ishaan,YouTube Premium,2026-08-30,01:15,497.0,Entertainment,UPI,Coimbatore,Failed
TXN08732,Harini,Myntra,2026-01-25,12:40,5105.03,Shopping,PhonePe,Chennai,Success
TXN08733,Abinaya,Local Pharmacy,2026-07-20,03:41,862.91,Health,UPI,Coimbatore,Success
TXN08734,Abinaya,A2B,2026-04-24,11:25,322.76,Food,PhonePe,Salem,Pending
TXN08735,Harini,Swiggy,2026-08-10,01:53,171.66,Food,UPI,Chennai,Success
TXN08736,Abinaya,YouTube Premium,2026-07-04,21:58,545.49,Entertainment,GPay,Bengaluru,Failed
TXN08737,Nivetha,ACT Fibernet,2026-04-19,16:15,2265.49,Bills,UPI,Chennai,Success
TXN08738,Nivetha,KFC,2026-06-07,16:38,900.0,Food,GPay,Bengaluru,Failed
TXN08739,Deva,YouTube Premium,2026-04-08,11:06,544.04,Entertainment,GPay,Chennai,Pending
TXN08740,Kavi,Airtel,2026-03-05,00:55,1826.71,Bills,Card,Trichy,Success
TXN08741,Rahul,Ola,2026-02-06,10:31,775.43,Transport,UPI,Chennai,Success
TXN08742,Ishaan,1mg,2026-02-11,03:26,1291.7,Health,PhonePe,Tenkasi,Success
TXN08743,Vishnu,Uber,2026-08-12,22:07,1072.39,Transport,GPay,Tenkasi,Success
TXN08744,Swetha,College Fees,2026-08-19,06:33,934.24,Education,PhonePe,Tenkasi,Success
TXN08745,Keerthi,Cafe Coffee Day,2026-01-04,20:53,635.37,Food,PhonePe,Coimbatore,Success
TXN08746,Deva,KFC,2026-03-25,08:31,500.14,Food,UPI,Madurai,Success
TXN08747,Meena,Local Pharmacy,2026-06-08,13:10,988.62,Health,GPay,Bengaluru,Success
TXN08748,Swetha,Udemy,2026-08-15,09:01,3963.62,Education,PhonePe,Madurai,Failed
TXN08749,Swetha,Udemy,2026-07-21,14:07,4064.27,Education,UPI,Chennai,Success
TXN08750,Abinaya,Water Board,2026-01-21,01:04,1215.93,Bills,UPI,Trichy,Failed
TXN08751,Nivetha,Uber,2026-04-21,18:35,748.11,Transport,UPI,Chennai,Pending
TXN08752,Anu,Jio,2026-02-17,10:43,2140.1,Bills,UPI,Chennai,Success
TXN08753,Deva,Rapido,2026-02-24,19:06,232.27,Transport,UPI,Trichy,Success
TXN08754,Abinaya,Cafe Coffee Day,2026-05-21,21:08,552.51,Food,Card,Bengaluru,Failed
TXN08755,Keerthi,DMart,2026-09-24,03:54,6000.0,Shopping,UPI,Madurai,Failed
TXN08756,Sanjay,Local Store,2026-05-19,14:35,231.09,Others,GPay,Trichy,Success
TXN08757,Kavi,Meesho,2026-02-26,15:30,1798.62,Shopping,UPI,Salem,Success
TXN08758,Abinaya,Gift,2026-08-01,04:49,1182.21,Others,Card,Madurai,Success
TXN08759,Harini,College Fees,2026-06-10,22:46,2275.92,Education,UPI,Chennai,Success
TXN08760,Deva,Myntra,2026-09-12,16:56,5294.84,Shopping,Card,Tirunelveli,Success
TXN08761,Harini,Meesho,2026-01-24,05:45,4286.76,Shopping,UPI,Chennai,Failed
TXN08762,Ishaan,1mg,2026-02-22,14:36,900.73,Health,PhonePe,Madurai,Success
TXN08763,Priya,Zomato,2026-06-08,20:57,528.94,Food,UPI,Chennai,Failed
TXN08764,Kavi,Cafe Coffee Day,2026-06-09,13:08,382.82,Food,Card,Coimbatore,Success
TXN08765,Meena,Flipkart,2026-06-21,18:20,1703.82,Shopping,Card,Coimbatore,Success
TXN08766,Sanjay,Jio,2026-02-14,22:28,3970.82,Bills,PhonePe,Chennai,Success
TXN08767,Kavi,Myntra,2026-04-11,11:47,3756.04,Shopping,GPay,Tenkasi,Pending
TXN08768,Kavi,Electricity Board,2026-03-25,16:33,2746.53,Bills,Card,Tirunelveli,Success
TXN08769,Ishaan,KFC,2026-08-22,19:43,396.43,Food,UPI,Chennai,Success
TXN08770,Rahul,Ola,2026-02-26,16:28,552.87,Transport,PhonePe,Madurai,Success
TXN08771,Kavi,Electricity Board,2026-03-24,05:48,3978.5,Bills,Card,Tenkasi,Failed
TXN08772,Meena,Rapido,2026-04-11,04:06,578.94,Transport,UPI,Coimbatore,Pending
TXN08773,Sanjay,Ola,2026-09-11,10:23,559.57,Transport,UPI,Trichy,Pending
TXN08774,Meena,Coursera,2026-01-15,15:24,4261.01,Education,Card,Chennai,Success
TXN08775,Arun,Zomato,2026-09-07,11:51,496.77,Food,Card,Chennai,Success
TXN08776,Anu,College Fees,2026-03-05,17:17,3594.0,Education,GPay,Chennai,Success
TXN08777,Nivetha,Zomato,2026-03-05,02:56,787.64,Food,PhonePe,Madurai,Success
TXN08778,Abinaya,Water Board,2026-06-10,02:39,2055.5,Bills,UPI,Coimbatore,Success
TXN08779,Keerthi,KFC,2026-02-23,12:35,352.15,Food,PhonePe,Bengaluru,Success
TXN08780,Meena,Zomato,2026-05-09,00:12,172.94,Food,PhonePe,Bengaluru,Success
TXN08781,Harini,Netflix,2026-08-20,01:38,600.45,Entertainment,GPay,Salem,Pending
TXN08782,Sanjay,Steam,2026-06-06,11:06,443.64,Entertainment,GPay,Chennai,Success
TXN08783,Deva,Flipkart,2026-01-11,03:17,3731.93,Shopping,UPI,Coimbatore,Success
TXN08784,Harini,A2B,2026-02-25,12:57,329.79,Food,UPI,Tenkasi,Success
TXN08785,Ishaan,Metro,2026-04-27,06:24,330.23,Transport,UPI,Bengaluru,Success
TXN08786,Harini,Local Pharmacy,2026-02-15,06:52,757.71,Health,UPI,Salem,Success
TXN08787,Kavi,Amazon Kindle,2026-01-03,16:37,2687.28,Education,GPay,Tenkasi,Success
TXN08788,Arun,Swiggy,2026-06-03,11:46,576.02,Food,GPay,Chennai,Pending
TXN08789,Ishaan,Uber,2026-07-03,11:09,325.9,Transport,GPay,Coimbatore,Success
TXN08790,Swetha,Hotstar,2026-07-16,18:44,413.47,Entertainment,Card,Madurai,Success
TXN08791,Vishnu,Amazon,2026-02-09,17:39,1728.59,Shopping,Card,Chennai,Success
TXN08792,Meena,Swiggy,2026-06-09,18:04,389.42,Food,GPay,Madurai,Success
TXN08793,Vishnu,Zomato,2026-01-12,20:17,525.49,Food,PhonePe,Chennai,Success
TXN08794,Abinaya,KFC,2026-07-17,09:24,403.14,Food,GPay,Chennai,Success
TXN08795,Anu,YouTube Premium,2026-01-04,12:53,549.94,Entertainment,GPay,Madurai,Pending
TXN08796,Ishaan,Jio,2026-01-25,17:27,1877.0,Bills,GPay,Chennai,Pending
TXN08797,Vishnu,Amazon,2026-01-28,00:58,3782.76,Shopping,PhonePe,Coimbatore,Success
TXN08798,Rahul,Zomato,2026-03-13,15:35,409.14,Food,Card,Tenkasi,Success
TXN08799,Priya,Zomato,2026-08-07,20:55,742.24,Food,Card,Madurai,Success
TXN08800,Abinaya,A2B,2026-07-17,01:31,814.67,Food,PhonePe,Madurai,Success
TXN08801,Arun,A2B,2026-07-02,07:11,371.6,Food,Card,Madurai,Success
TXN08802,Vishnu,A2B,2026-07-07,08:52,738.21,Food,Card,Madurai,Pending
TXN08803,Deva,Reliance Trends,2026-08-28,06:28,3844.69,Shopping,UPI,Madurai,Success
TXN08804,Vishnu,Rapido,2026-06-27,20:58,1200.0,Transport,PhonePe,Chennai,Pending
TXN08805,Harini,Google Workspace,2026-07-14,02:06,1755.43,Education,Card,Madurai,Success
TXN08806,Abinaya,DMart,2026-08-28,08:42,6000.0,Shopping,Card,Madurai,Success
TXN08807,Nivetha,Coursera,2026-05-05,03:54,1004.15,Education,UPI,Chennai,Pending
TXN08808,Ishaan,BookMyShow,2026-02-15,23:56,572.78,Entertainment,GPay,Madurai,Failed
TXN08809,Harini,Ola,2026-01-26,21:52,265.75,Transport,UPI,Chennai,Pending
TXN08810,Nivetha,Zomato,2026-08-08,01:23,900.0,Food,UPI,Chennai,Success
TXN08811,Harini,Uber,2026-04-07,17:46,1058.24,Transport,PhonePe,Madurai,Success
TXN08812,Deva,Myntra,2026-04-07,18:21,4347.18,Shopping,Card,Chennai,Failed
TXN08813,Arun,Cafe Coffee Day,2026-03-27,05:18,900.0,Food,UPI,Chennai,Success
TXN08814,Kavi,Rapido,2026-06-14,06:00,490.87,Transport,UPI,Tenkasi,Success
TXN08815,Ishaan,Hotstar,2026-07-23,12:30,327.63,Entertainment,Card,Tenkasi,Success
TXN08816,Kavi,Amazon Kindle,2026-04-14,18:17,2639.84,Education,UPI,Madurai,Success
TXN08817,Harini,Zomato,2026-08-21,01:59,210.48,Food,Card,Coimbatore,Success
TXN08818,Kavi,Zomato,2026-03-07,21:24,503.42,Food,GPay,Trichy,Success
TXN08819,Deva,Amazon,2026-04-18,21:52,6000.0,Shopping,Card,Madurai,Success
TXN08820,Priya,Amazon Kindle,2026-09-19,07:19,2569.38,Education,UPI,Madurai,Pending
TXN08821,Ishaan,YouTube Premium,2026-05-28,19:14,1500.0,Entertainment,UPI,Madurai,Success
TXN08822,Meena,Reliance Trends,2026-08-06,17:45,1581.11,Shopping,PhonePe,Trichy,Failed
TXN08823,Meena,Ola,2026-07-10,09:46,846.61,Transport,UPI,Trichy,Success
TXN08824,Abinaya,Zomato,2026-05-08,11:35,503.81,Food,PhonePe,Tenkasi,Success
TXN08825,Kavi,1mg,2026-05-27,12:57,1431.14,Health,Card,Chennai,Success
TXN08826,Vishnu,Dominos,2026-03-19,08:43,396.18,Food,Card,Madurai,Failed
TXN08827,Kavi,Meesho,2026-08-01,03:35,3998.17,Shopping,Card,Bengaluru,Success
TXN08828,Meena,Uber,2026-04-20,00:41,1084.47,Transport,GPay,Madurai,Success
TXN08829,Priya,1mg,2026-06-23,12:24,1537.75,Health,PhonePe,Salem,Success
TXN08830,Priya,Netflix,2026-09-20,07:39,1500.0,Entertainment,Card,Madurai,Failed
TXN08831,Deva,Flipkart,2026-02-20,08:56,1179.18,Shopping,UPI,Madurai,Success
TXN08832,Keerthi,Ola,2026-03-10,14:04,1012.64,Transport,PhonePe,Madurai,Pending
TXN08833,Nivetha,Cafe Coffee Day,2026-06-13,06:55,900.0,Food,UPI,Madurai,Success
TXN08834,Kavi,Temple,2026-06-14,04:15,584.85,Others,GPay,Chennai,Success
TXN08835,Harini,Salon,2026-09-14,01:06,2000.0,Others,Card,Coimbatore,Success
TXN08836,Sanjay,Swiggy,2026-02-21,07:06,863.37,Food,UPI,Madurai,Failed
TXN08837,Harini,Spotify,2026-03-31,23:25,724.25,Entertainment,PhonePe,Coimbatore,Success
TXN08838,Deva,BookMyShow,2026-01-21,07:05,656.47,Entertainment,UPI,Chennai,Success
TXN08839,Nivetha,Ola,2026-01-18,11:38,492.37,Transport,PhonePe,Chennai,Success
TXN08840,Kavi,Dominos,2026-04-13,18:42,426.74,Food,PhonePe,Coimbatore,Success
TXN08841,Anu,Swiggy,2026-08-21,19:05,629.22,Food,UPI,Madurai,Success
TXN08842,Rahul,Metro,2026-07-15,00:13,436.66,Transport,PhonePe,Chennai,Pending
TXN08843,Keerthi,Udemy,2026-01-12,23:04,2534.91,Education,Card,Madurai,Success
TXN08844,Deva,Hotstar,2026-02-10,20:28,389.69,Entertainment,Card,Madurai,Failed
TXN08845,Anu,Steam,2026-07-20,19:26,1185.26,Entertainment,Card,Madurai,Success
TXN08846,Arun,KFC,2026-03-05,21:25,516.18,Food,GPay,Coimbatore,Failed
TXN08847,Ishaan,Reliance Trends,2026-07-19,04:01,1459.65,Shopping,Card,Coimbatore,Success
TXN08848,Deva,Zomato,2026-01-05,01:13,710.17,Food,GPay,Bengaluru,Failed
TXN08849,Ishaan,Ola,2026-09-11,11:09,283.92,Transport,UPI,Madurai,Success
TXN08850,Swetha,RedBus,2026-04-18,11:22,872.03,Transport,PhonePe,Chennai,Success
TXN08851,Deva,Flipkart,2026-03-08,17:13,3343.24,Shopping,Card,Madurai,Success
TXN08852,Arun,Google Workspace,2026-08-10,18:11,3187.34,Education,Card,Chennai,Failed
TXN08853,Vishnu,Rapido,2026-02-05,03:02,508.78,Transport,UPI,Coimbatore,Success
TXN08854,Priya,College Fees,2026-07-27,12:06,1001.58,Education,GPay,Salem,Pending
TXN08855,Ishaan,Uber,2026-04-16,20:56,508.58,Transport,UPI,Trichy,Success
TXN08856,Nivetha,Dominos,2026-04-13,02:40,264.26,Food,UPI,Chennai,Pending
TXN08857,Anu,Jio,2026-01-24,06:59,2931.39,Bills,Card,Chennai,Success
TXN08858,Abinaya,Miscellaneous,2026-06-19,19:34,1170.01,Others,PhonePe,Bengaluru,Success
TXN08859,Abinaya,Meesho,2026-07-16,20:48,2101.97,Shopping,UPI,Coimbatore,Failed
TXN08860,Arun,Dominos,2026-06-03,06:57,337.89,Food,UPI,Madurai,Failed
TXN08861,Keerthi,YouTube Premium,2026-05-22,11:22,1500.0,Entertainment,GPay,Madurai,Success
TXN08862,Nivetha,Spotify,2026-08-10,01:32,1500.0,Entertainment,UPI,Madurai,Pending
TXN08863,Priya,TNSTC,2026-09-20,03:40,668.7,Transport,GPay,Tenkasi,Failed
TXN08864,Abinaya,KFC,2026-03-01,10:49,900.0,Food,GPay,Trichy,Pending
TXN08865,Swetha,Coursera,2026-01-02,12:13,2205.7,Education,GPay,Bengaluru,Success
TXN08866,Meena,Swiggy,2026-05-04,23:01,122.18,Food,GPay,Chennai,Pending
TXN08867,Rahul,ACT Fibernet,2026-07-25,07:28,3455.16,Bills,PhonePe,Tenkasi,Failed
TXN08868,Ishaan,BookMyShow,2026-07-30,10:20,541.9,Entertainment,PhonePe,Madurai,Success
TXN08869,Priya,Meesho,2026-04-23,23:52,2238.15,Shopping,UPI,Chennai,Pending
TXN08870,Nivetha,KFC,2026-04-19,20:28,331.16,Food,UPI,Salem,Success
TXN08871,Harini,Cafe Coffee Day,2026-05-10,00:53,818.13,Food,UPI,Madurai,Success
TXN08872,Kavi,RedBus,2026-07-08,22:57,475.55,Transport,UPI,Chennai,Success
TXN08873,Keerthi,Udemy,2026-06-22,21:21,5000.0,Education,Card,Coimbatore,Failed
TXN08874,Rahul,Stationery Shop,2026-04-01,00:39,857.9,Others,Card,Tirunelveli,Failed
TXN08875,Kavi,KFC,2026-03-20,10:28,563.61,Food,GPay,Coimbatore,Success
TXN08876,Harini,Electricity Board,2026-01-21,20:39,3561.57,Bills,UPI,Madurai,Success
TXN08877,Abinaya,BookMyShow,2026-01-08,20:43,358.95,Entertainment,Card,Madurai,Failed
TXN08878,Sanjay,Dominos,2026-06-12,21:15,375.69,Food,GPay,Madurai,Pending
TXN08879,Kavi,Amazon,2026-03-02,15:00,5244.8,Shopping,PhonePe,Chennai,Success
TXN08880,Priya,Coursera,2026-05-03,17:01,1942.77,Education,UPI,Tenkasi,Success
TXN08881,Rahul,KFC,2026-06-07,22:05,264.47,Food,Card,Madurai,Success
TXN08882,Rahul,Udemy,2026-08-24,06:08,1488.33,Education,UPI,Tirunelveli,Failed
TXN08883,Deva,PharmEasy,2026-01-19,23:22,2036.71,Health,Card,Chennai,Success
TXN08884,Anu,Swiggy,2026-01-04,06:48,900.0,Food,PhonePe,Madurai,Success
TXN08885,Anu,Flipkart,2026-08-16,08:34,4481.77,Shopping,Card,Bengaluru,Success
TXN08886,Deva,Uber,2026-02-21,12:10,443.94,Transport,PhonePe,Bengaluru,Success
TXN08887,Arun,Jio,2026-05-29,18:24,3892.81,Bills,PhonePe,Chennai,Failed
TXN08888,Ishaan,Metro,2026-08-10,06:44,488.74,Transport,Card,Madurai,Pending
TXN08889,Anu,Uber,2026-01-16,07:02,427.88,Transport,PhonePe,Chennai,Success
TXN08890,Sanjay,Miscellaneous,2026-02-08,12:08,1118.95,Others,GPay,Bengaluru,Success
TXN08891,Sanjay,Meesho,2026-09-12,03:00,6000.0,Shopping,Card,Chennai,Success
TXN08892,Harini,Airtel,2026-02-12,10:17,2107.97,Bills,PhonePe,Chennai,Success
TXN08893,Priya,Myntra,2026-03-13,11:05,3491.61,Shopping,PhonePe,Madurai,Success
TXN08894,Deva,Metro,2026-04-06,20:19,370.14,Transport,UPI,Tirunelveli,Pending
TXN08895,Swetha,TNSTC,2026-05-11,20:20,367.39,Transport,PhonePe,Tenkasi,Pending
TXN08896,Anu,Electricity Board,2026-05-03,21:53,818.96,Bills,Card,Bengaluru,Success
TXN08897,Anu,Flipkart,2026-07-18,10:02,1832.79,Shopping,Card,Madurai,Success
TXN08898,Harini,Uber,2026-02-09,11:02,374.14,Transport,PhonePe,Madurai,Success
TXN08899,Abinaya,ACT Fibernet,2026-09-15,06:58,2389.71,Bills,UPI,Madurai,Success
TXN08900,Keerthi,Swiggy,2026-02-24,13:38,707.3,Food,UPI,Bengaluru,Success
TXN08901,Priya,Zomato,2026-05-18,19:29,355.75,Food,GPay,Coimbatore,Success
TXN08902,Ishaan,Jio,2026-06-27,04:16,882.94,Bills,GPay,Madurai,Pending
TXN08903,Arun,College Fees,2026-06-02,05:42,2690.37,Education,PhonePe,Tenkasi,Success
TXN08904,Keerthi,Local Pharmacy,2026-07-27,08:55,3000.0,Health,GPay,Madurai,Success
TXN08905,Anu,Metro,2026-09-07,14:16,803.38,Transport,PhonePe,Bengaluru,Success
TXN08906,Sanjay,Reliance Trends,2026-08-10,16:20,1981.38,Shopping,Card,Bengaluru,Failed
TXN08907,Harini,ACT Fibernet,2026-09-21,13:56,3546.62,Bills,PhonePe,Chennai,Success
TXN08908,Deva,Cafe Coffee Day,2026-04-30,07:02,229.8,Food,GPay,Madurai,Pending
TXN08909,Priya,Flipkart,2026-08-20,00:02,1925.16,Shopping,PhonePe,Coimbatore,Success
TXN08910,Sanjay,Zomato,2026-07-17,02:24,900.0,Food,Card,Bengaluru,Success
TXN08911,Vishnu,Myntra,2026-06-30,04:04,2339.15,Shopping,GPay,Tenkasi,Failed
TXN08912,Nivetha,A2B,2026-08-01,01:25,787.77,Food,Card,Chennai,Success
TXN08913,Meena,Zomato,2026-03-18,13:35,433.49,Food,UPI,Madurai,Pending
TXN08914,Vishnu,Swiggy,2026-09-14,15:38,608.41,Food,PhonePe,Chennai,Success
TXN08915,Anu,Google Workspace,2026-02-13,00:22,1725.13,Education,GPay,Trichy,Success
TXN08916,Keerthi,Salon,2026-07-08,20:59,1258.33,Others,GPay,Chennai,Pending
TXN08917,Arun,Flipkart,2026-06-22,15:25,819.3,Shopping,PhonePe,Salem,Pending
TXN08918,Arun,HealthPlus,2026-08-05,19:24,1553.54,Health,UPI,Madurai,Success
TXN08919,Deva,Swiggy,2026-09-05,02:25,328.04,Food,PhonePe,Madurai,Success
TXN08920,Priya,Coursera,2026-01-13,22:11,2099.77,Education,Card,Madurai,Success
TXN08921,Keerthi,Flipkart,2026-06-19,23:58,1484.07,Shopping,UPI,Madurai,Pending
TXN08922,Nivetha,Netflix,2026-08-26,05:12,1060.2,Entertainment,PhonePe,Trichy,Success
TXN08923,Deva,Udemy,2026-07-10,18:53,4853.72,Education,PhonePe,Madurai,Success
TXN08924,Deva,Ola,2026-02-24,23:51,456.09,Transport,UPI,Madurai,Success
TXN08925,Deva,Coursera,2026-08-29,08:18,2654.27,Education,Card,Tenkasi,Pending
TXN08926,Vishnu,Salon,2026-08-28,13:18,769.95,Others,PhonePe,Tenkasi,Success
TXN08927,Meena,Temple,2026-01-04,21:40,787.16,Others,PhonePe,Tirunelveli,Success
TXN08928,Nivetha,KFC,2026-07-16,13:55,182.36,Food,PhonePe,Madurai,Failed
TXN08929,Kavi,ACT Fibernet,2026-07-12,11:33,701.5,Bills,UPI,Chennai,Failed
TXN08930,Ishaan,Dominos,2026-01-12,13:02,897.81,Food,Card,Madurai,Success
TXN08931,Kavi,Salon,2026-03-05,20:03,377.36,Others,UPI,Chennai,Failed
TXN08932,Nivetha,RedBus,2026-09-21,02:42,705.82,Transport,GPay,Chennai,Success
TXN08933,Deva,Swiggy,2026-05-20,08:06,684.78,Food,GPay,Madurai,Failed
TXN08934,Arun,Airtel,2026-03-01,02:34,2268.41,Bills,UPI,Madurai,Success
TXN08935,Sanjay,Metro,2026-04-10,00:43,524.42,Transport,Card,Chennai,Success
TXN08936,Anu,Cafe Coffee Day,2026-06-23,01:48,900.0,Food,Card,Bengaluru,Success
TXN08937,Ishaan,Local Store,2026-02-19,20:09,563.66,Others,PhonePe,Madurai,Success
TXN08938,Arun,Stationery Shop,2026-09-24,09:35,527.56,Others,GPay,Coimbatore,Success
TXN08939,Ishaan,Cafe Coffee Day,2026-02-14,23:00,435.61,Food,GPay,Tirunelveli,Success
TXN08940,Arun,TNSTC,2026-05-20,01:59,616.11,Transport,Card,Madurai,Success
TXN08941,Nivetha,KFC,2026-08-08,07:56,900.0,Food,UPI,Coimbatore,Success
TXN08942,Deva,Ola,2026-01-08,10:55,495.07,Transport,PhonePe,Coimbatore,Success
TXN08943,Nivetha,TNSTC,2026-05-05,16:14,1200.0,Transport,GPay,Tenkasi,Success
TXN08944,Keerthi,Electricity Board,2026-06-21,20:30,4000.0,Bills,Card,Madurai,Pending
TXN08945,Kavi,Rapido,2026-04-18,17:58,709.71,Transport,PhonePe,Trichy,Success
TXN08946,Kavi,Rapido,2026-09-10,17:38,1200.0,Transport,PhonePe,Tirunelveli,Success
TXN08947,Swetha,Swiggy,2026-08-11,14:00,900.0,Food,UPI,Madurai,Success
TXN08948,Ishaan,KFC,2026-03-29,23:22,206.74,Food,GPay,Tirunelveli,Success
TXN08949,Abinaya,HealthPlus,2026-04-02,20:36,2370.56,Health,GPay,Tirunelveli,Success
TXN08950,Kavi,Cafe Coffee Day,2026-03-03,03:21,507.59,Food,UPI,Bengaluru,Pending
TXN08951,Anu,RedBus,2026-02-18,09:44,355.84,Transport,GPay,Coimbatore,Success
TXN08952,Abinaya,TNSTC,2026-06-22,21:38,561.31,Transport,UPI,Madurai,Success
TXN08953,Harini,Water Board,2026-05-19,01:38,4000.0,Bills,GPay,Coimbatore,Success
TXN08954,Kavi,RedBus,2026-08-08,07:46,919.36,Transport,PhonePe,Salem,Success
TXN08955,Harini,Gift,2026-01-26,04:52,718.39,Others,Card,Coimbatore,Success
TXN08956,Kavi,TNSTC,2026-09-28,21:36,1200.0,Transport,PhonePe,Chennai,Success
TXN08957,Meena,HealthPlus,2026-08-24,03:03,3000.0,Health,Card,Madurai,Failed
TXN08958,Kavi,RedBus,2026-04-28,10:29,869.22,Transport,PhonePe,Salem,Failed
TXN08959,Sanjay,Dominos,2026-02-15,00:25,701.09,Food,GPay,Salem,Success
TXN08960,Vishnu,DMart,2026-04-30,00:03,6000.0,Shopping,UPI,Tirunelveli,Success
TXN08961,Meena,DMart,2026-04-21,03:52,4315.61,Shopping,PhonePe,Madurai,Success
TXN08962,Kavi,Miscellaneous,2026-02-17,10:16,725.07,Others,PhonePe,Trichy,Success
TXN08963,Abinaya,1mg,2026-07-15,19:21,945.27,Health,UPI,Madurai,Success
TXN08964,Meena,College Fees,2026-06-17,19:12,1018.82,Education,UPI,Tenkasi,Success
TXN08965,Deva,Meesho,2026-02-16,20:09,4711.66,Shopping,GPay,Chennai,Success
TXN08966,Harini,Meesho,2026-05-22,12:16,3225.96,Shopping,PhonePe,Coimbatore,Success
TXN08967,Abinaya,Amazon,2026-02-14,06:45,1946.19,Shopping,UPI,Madurai,Success
TXN08968,Deva,Jio,2026-02-06,16:16,547.16,Bills,Card,Madurai,Success
TXN08969,Harini,Amazon,2026-07-25,18:59,1312.94,Shopping,GPay,Trichy,Success
TXN08970,Vishnu,ACT Fibernet,2026-01-16,20:27,3280.43,Bills,PhonePe,Chennai,Pending
TXN08971,Rahul,KFC,2026-02-06,17:28,283.52,Food,UPI,Madurai,Failed
TXN08972,Meena,Netflix,2026-03-13,07:43,466.23,Entertainment,Card,Chennai,Failed
TXN08973,Ishaan,A2B,2026-07-09,15:00,333.4,Food,GPay,Salem,Success
TXN08974,Vishnu,Zomato,2026-03-29,02:49,545.17,Food,Card,Bengaluru,Success
TXN08975,Swetha,Flipkart,2026-07-26,05:12,3206.41,Shopping,PhonePe,Coimbatore,Pending
TXN08976,Nivetha,Netflix,2026-01-04,22:33,910.81,Entertainment,GPay,Bengaluru,Success
TXN08977,Arun,Myntra,2026-09-02,23:55,1755.22,Shopping,UPI,Tenkasi,Success
TXN08978,Vishnu,Flipkart,2026-08-13,01:54,3737.66,Shopping,GPay,Madurai,Success
TXN08979,Swetha,Metro,2026-08-13,04:34,1124.55,Transport,Card,Chennai,Success
TXN08980,Nivetha,Swiggy,2026-04-21,11:48,108.13,Food,UPI,Coimbatore,Failed
TXN08981,Ishaan,RedBus,2026-09-04,01:20,509.61,Transport,GPay,Trichy,Success
TXN08982,Nivetha,PharmEasy,2026-06-12,13:15,1144.33,Health,PhonePe,Chennai,Success
TXN08983,Harini,Myntra,2026-08-08,10:46,2587.64,Shopping,UPI,Salem,Success
TXN08984,Harini,Dominos,2026-08-23,03:49,273.05,Food,GPay,Chennai,Success
TXN08985,Vishnu,Swiggy,2026-01-10,03:34,448.14,Food,GPay,Madurai,Success
TXN08986,Nivetha,Google Workspace,2026-09-27,19:20,1822.96,Education,UPI,Tenkasi,Pending
TXN08987,Swetha,Flipkart,2026-04-06,13:58,1530.14,Shopping,Card,Chennai,Success
TXN08988,Anu,Ola,2026-06-26,15:42,788.01,Transport,UPI,Trichy,Success
TXN08989,Kavi,Electricity Board,2026-06-27,20:43,4000.0,Bills,PhonePe,Chennai,Success
TXN08990,Meena,Metro,2026-08-02,02:14,594.85,Transport,GPay,Tenkasi,Failed
TXN08991,Harini,RedBus,2026-05-10,06:58,946.97,Transport,PhonePe,Tenkasi,Success
TXN08992,Priya,A2B,2026-07-11,07:24,688.01,Food,Card,Madurai,Failed
TXN08993,Vishnu,Stationery Shop,2026-05-04,07:28,2000.0,Others,GPay,Salem,Success
TXN08994,Meena,Salon,2026-01-08,09:34,1467.83,Others,PhonePe,Coimbatore,Success
TXN08995,Abinaya,Uber,2026-06-08,22:24,639.87,Transport,Card,Madurai,Success
TXN08996,Sanjay,KFC,2026-01-22,11:34,391.43,Food,GPay,Tirunelveli,Success
TXN08997,Anu,TNSTC,2026-08-19,18:42,408.89,Transport,PhonePe,Trichy,Success
TXN08998,Abinaya,Meesho,2026-06-16,20:50,3041.95,Shopping,GPay,Tenkasi,Failed
TXN08999,Priya,Uber,2026-01-04,09:15,1020.39,Transport,Card,Trichy,Pending
TXN09000,Deva,Dominos,2026-02-27,17:37,900.0,Food,GPay,Chennai,Failed
TXN09001,Swetha,Zomato,2026-04-07,12:59,316.32,Food,UPI,Coimbatore,Failed
TXN09002,Harini,Spotify,2026-07-31,23:54,588.09,Entertainment,Card,Coimbatore,Success
TXN09003,Harini,Stationery Shop,2026-08-22,15:37,1902.84,Others,Card,Bengaluru,Success
TXN09004,Priya,Rapido,2026-04-03,23:30,1200.0,Transport,UPI,Coimbatore,Pending
TXN09005,Arun,TNSTC,2026-08-25,18:25,220.68,Transport,UPI,Madurai,Pending
TXN09006,Nivetha,Google Workspace,2026-03-12,08:48,2534.76,Education,UPI,Madurai,Success
TXN09007,Vishnu,A2B,2026-01-19,12:20,676.89,Food,Card,Madurai,Success
TXN09008,Swetha,Swiggy,2026-06-23,01:23,636.81,Food,Card,Coimbatore,Success
TXN09009,Harini,Local Store,2026-02-11,18:33,410.5,Others,UPI,Madurai,Failed
TXN09010,Swetha,DMart,2026-09-22,20:11,3031.84,Shopping,Card,Salem,Success
TXN09011,Anu,Metro,2026-02-27,19:41,506.01,Transport,GPay,Salem,Success
TXN09012,Meena,Spotify,2026-02-11,10:11,377.07,Entertainment,Card,Chennai,Success
TXN09013,Abinaya,Zomato,2026-06-08,07:13,703.47,Food,UPI,Madurai,Failed
TXN09014,Keerthi,KFC,2026-01-09,09:59,900.0,Food,GPay,Trichy,Success
TXN09015,Priya,Temple,2026-04-11,12:12,1050.73,Others,Card,Chennai,Pending
TXN09016,Keerthi,College Fees,2026-03-25,16:26,2143.08,Education,PhonePe,Trichy,Success
TXN09017,Deva,Udemy,2026-06-06,10:52,2748.84,Education,GPay,Madurai,Success
TXN09018,Ishaan,Myntra,2026-04-02,02:08,4799.91,Shopping,UPI,Chennai,Success
TXN09019,Abinaya,Cafe Coffee Day,2026-07-18,19:11,153.64,Food,UPI,Salem,Success
TXN09020,Kavi,College Fees,2026-08-30,19:19,5000.0,Education,PhonePe,Coimbatore,Success
TXN09021,Arun,Uber,2026-08-17,14:18,428.68,Transport,UPI,Tenkasi,Success
TXN09022,Rahul,Swiggy,2026-02-17,01:21,554.99,Food,UPI,Madurai,Success
TXN09023,Nivetha,Zomato,2026-03-25,10:52,484.37,Food,Card,Tirunelveli,Pending
TXN09024,Nivetha,College Fees,2026-01-18,04:51,1849.2,Education,GPay,Chennai,Success
TXN09025,Abinaya,Reliance Trends,2026-01-12,00:49,6000.0,Shopping,UPI,Chennai,Success
TXN09026,Swetha,Uber,2026-06-26,14:33,925.3,Transport,UPI,Madurai,Success
TXN09027,Sanjay,TNSTC,2026-08-18,05:20,1150.6,Transport,UPI,Madurai,Pending
TXN09028,Anu,Dominos,2026-03-25,03:52,271.57,Food,PhonePe,Chennai,Success
TXN09029,Anu,Dominos,2026-04-19,19:15,659.52,Food,PhonePe,Coimbatore,Failed
TXN09030,Abinaya,DMart,2026-03-02,07:44,3310.08,Shopping,Card,Chennai,Success
TXN09031,Nivetha,College Fees,2026-08-22,06:18,2532.06,Education,GPay,Chennai,Pending
TXN09032,Sanjay,Netflix,2026-05-23,17:43,1500.0,Entertainment,PhonePe,Tirunelveli,Pending
TXN09033,Deva,Water Board,2026-08-27,16:26,1425.51,Bills,PhonePe,Tirunelveli,Success
TXN09034,Harini,A2B,2026-07-18,18:36,250.15,Food,UPI,Coimbatore,Success
TXN09035,Deva,Rapido,2026-05-31,17:14,515.19,Transport,UPI,Tirunelveli,Success
TXN09036,Priya,Rapido,2026-08-14,12:15,955.42,Transport,GPay,Chennai,Success
TXN09037,Vishnu,Electricity Board,2026-06-26,18:04,4000.0,Bills,UPI,Tenkasi,Success
TXN09038,Sanjay,ACT Fibernet,2026-06-03,12:30,4000.0,Bills,UPI,Trichy,Success
TXN09039,Swetha,Amazon,2026-03-12,15:18,2235.77,Shopping,PhonePe,Trichy,Success
TXN09040,Deva,KFC,2026-07-05,03:06,540.44,Food,PhonePe,Madurai,Pending
TXN09041,Anu,TNSTC,2026-06-17,03:40,824.33,Transport,Card,Madurai,Success
TXN09042,Meena,Gift,2026-05-13,21:24,1011.71,Others,Card,Chennai,Success
TXN09043,Ishaan,Jio,2026-09-06,15:03,2154.41,Bills,Card,Madurai,Pending
TXN09044,Rahul,YouTube Premium,2026-08-17,22:29,787.66,Entertainment,PhonePe,Bengaluru,Failed
TXN09045,Kavi,Metro,2026-02-04,17:52,705.16,Transport,GPay,Bengaluru,Success
TXN09046,Rahul,Hotstar,2026-09-07,19:24,690.32,Entertainment,PhonePe,Salem,Success
TXN09047,Abinaya,TNSTC,2026-05-25,05:57,1018.56,Transport,Card,Salem,Success
TXN09048,Anu,Netflix,2026-06-16,16:03,800.16,Entertainment,GPay,Trichy,Pending
TXN09049,Ishaan,RedBus,2026-07-27,07:08,503.2,Transport,PhonePe,Chennai,Success
TXN09050,Swetha,Local Store,2026-07-27,10:51,701.56,Others,GPay,Chennai,Failed
TXN09051,Anu,Uber,2026-05-31,02:26,560.53,Transport,PhonePe,Madurai,Success
TXN09052,Nivetha,Airtel,2026-01-25,18:08,322.06,Bills,Card,Coimbatore,Failed
TXN09053,Vishnu,DMart,2026-02-25,21:48,1883.68,Shopping,Card,Trichy,Success
TXN09054,Harini,A2B,2026-09-11,00:28,900.0,Food,GPay,Tirunelveli,Success
TXN09055,Arun,PharmEasy,2026-01-19,03:39,2491.69,Health,Card,Madurai,Success
TXN09056,Anu,DMart,2026-07-18,10:31,3979.4,Shopping,PhonePe,Chennai,Success
TXN09057,Nivetha,Swiggy,2026-06-21,05:15,571.32,Food,Card,Madurai,Success
TXN09058,Sanjay,Metro,2026-09-06,19:09,587.9,Transport,UPI,Bengaluru,Pending
TXN09059,Swetha,Electricity Board,2026-02-28,12:56,1787.05,Bills,PhonePe,Bengaluru,Success
TXN09060,Deva,RedBus,2026-08-26,04:14,426.29,Transport,PhonePe,Madurai,Success
TXN09061,Deva,Swiggy,2026-03-15,02:48,424.27,Food,GPay,Tenkasi,Success
TXN09062,Arun,ACT Fibernet,2026-05-11,15:06,1827.39,Bills,GPay,Coimbatore,Pending
TXN09063,Anu,Cafe Coffee Day,2026-08-17,23:21,781.32,Food,UPI,Tirunelveli,Success
TXN09064,Deva,BookMyShow,2026-04-03,07:48,1500.0,Entertainment,PhonePe,Madurai,Success
TXN09065,Kavi,RedBus,2026-05-04,14:11,891.21,Transport,GPay,Madurai,Failed
TXN09066,Arun,Electricity Board,2026-09-22,08:29,1269.68,Bills,UPI,Tirunelveli,Failed
TXN09067,Arun,A2B,2026-05-20,13:18,189.14,Food,GPay,Coimbatore,Failed
TXN09068,Meena,KFC,2026-03-12,19:42,448.1,Food,Card,Tirunelveli,Success
TXN09069,Keerthi,College Fees,2026-08-07,04:50,1141.03,Education,UPI,Chennai,Success
TXN09070,Kavi,TNSTC,2026-01-28,21:20,686.0,Transport,PhonePe,Salem,Success
TXN09071,Ishaan,Stationery Shop,2026-09-26,09:26,2000.0,Others,Card,Salem,Failed
TXN09072,Arun,Rapido,2026-02-01,12:57,415.44,Transport,GPay,Coimbatore,Failed
TXN09073,Keerthi,Dominos,2026-09-26,06:46,900.0,Food,UPI,Tirunelveli,Success
TXN09074,Vishnu,Swiggy,2026-07-27,11:19,189.41,Food,Card,Chennai,Success
TXN09075,Keerthi,Water Board,2026-05-18,09:08,1679.3,Bills,Card,Coimbatore,Success
TXN09076,Harini,A2B,2026-03-14,18:05,269.65,Food,PhonePe,Salem,Success
TXN09077,Ishaan,Metro,2026-03-30,15:39,456.39,Transport,GPay,Tirunelveli,Failed
TXN09078,Arun,Myntra,2026-09-22,03:08,792.38,Shopping,GPay,Madurai,Failed
TXN09079,Kavi,Cafe Coffee Day,2026-02-07,11:38,900.0,Food,GPay,Madurai,Success
TXN09080,Kavi,Metro,2026-04-18,13:04,1200.0,Transport,UPI,Bengaluru,Success
TXN09081,Ishaan,Water Board,2026-07-18,22:50,696.95,Bills,UPI,Madurai,Success
TXN09082,Priya,Local Store,2026-01-01,18:20,1365.83,Others,Card,Bengaluru,Success
TXN09083,Rahul,Electricity Board,2026-01-28,01:34,933.39,Bills,GPay,Chennai,Failed
TXN09084,Priya,Spotify,2026-09-01,08:15,512.88,Entertainment,Card,Madurai,Success
TXN09085,Swetha,Local Store,2026-03-24,14:32,1652.36,Others,UPI,Salem,Success
TXN09086,Ishaan,TNSTC,2026-05-20,21:42,723.02,Transport,UPI,Salem,Success
TXN09087,Kavi,Ola,2026-04-22,07:55,691.15,Transport,PhonePe,Tirunelveli,Success
TXN09088,Keerthi,Salon,2026-05-05,15:14,1220.82,Others,UPI,Tenkasi,Success
TXN09089,Keerthi,College Fees,2026-07-02,18:42,5000.0,Education,GPay,Coimbatore,Pending
TXN09090,Meena,PharmEasy,2026-05-23,11:38,391.06,Health,Card,Madurai,Pending
TXN09091,Arun,Reliance Trends,2026-05-19,07:01,2440.42,Shopping,PhonePe,Chennai,Success
TXN09092,Keerthi,Amazon,2026-07-02,12:28,1277.8,Shopping,GPay,Madurai,Success
TXN09093,Meena,KFC,2026-03-28,23:31,359.56,Food,PhonePe,Tenkasi,Pending
TXN09094,Abinaya,Ola,2026-02-26,04:21,726.88,Transport,GPay,Chennai,Success
TXN09095,Rahul,Amazon Kindle,2026-01-30,15:36,5000.0,Education,Card,Madurai,Success
TXN09096,Vishnu,TNSTC,2026-05-10,11:43,577.1,Transport,PhonePe,Tenkasi,Success
TXN09097,Nivetha,Local Store,2026-08-13,02:22,1240.54,Others,Card,Tirunelveli,Success
TXN09098,Deva,Swiggy,2026-08-01,17:58,632.1,Food,UPI,Tirunelveli,Pending
TXN09099,Deva,Temple,2026-06-02,05:22,1444.68,Others,GPay,Madurai,Success
TXN09100,Swetha,Meesho,2026-05-24,14:35,3080.49,Shopping,Card,Madurai,Success
TXN09101,Ishaan,RedBus,2026-02-20,00:25,208.09,Transport,PhonePe,Chennai,Pending
TXN09102,Abinaya,Reliance Trends,2026-06-26,17:11,2202.33,Shopping,UPI,Madurai,Failed
TXN09103,Rahul,Metro,2026-04-06,23:43,773.67,Transport,PhonePe,Madurai,Pending
TXN09104,Anu,Meesho,2026-02-06,20:40,2570.52,Shopping,PhonePe,Madurai,Success
TXN09105,Harini,Udemy,2026-01-04,05:54,2757.64,Education,GPay,Chennai,Pending
TXN09106,Meena,Stationery Shop,2026-01-16,16:40,1261.39,Others,PhonePe,Tirunelveli,Failed
TXN09107,Harini,Ola,2026-09-10,01:25,498.44,Transport,UPI,Bengaluru,Failed
TXN09108,Sanjay,TNSTC,2026-01-02,23:19,311.0,Transport,UPI,Tenkasi,Failed
TXN09109,Arun,Apollo Pharmacy,2026-05-03,11:47,585.24,Health,UPI,Tirunelveli,Success
TXN09110,Priya,College Fees,2026-03-30,02:29,3403.85,Education,UPI,Madurai,Success
TXN09111,Vishnu,Amazon,2026-01-23,00:08,3564.41,Shopping,Card,Madurai,Success
TXN09112,Meena,Apollo Pharmacy,2026-01-29,12:15,804.29,Health,PhonePe,Salem,Success
TXN09113,Priya,Airtel,2026-05-01,19:39,775.21,Bills,GPay,Trichy,Failed
TXN09114,Anu,Cafe Coffee Day,2026-09-28,01:02,900.0,Food,GPay,Chennai,Failed
TXN09115,Harini,Rapido,2026-01-08,03:08,413.98,Transport,Card,Chennai,Success
TXN09116,Rahul,A2B,2026-08-27,12:01,900.0,Food,PhonePe,Salem,Success
TXN09117,Arun,HealthPlus,2026-04-09,19:22,1996.26,Health,GPay,Trichy,Success
TXN09118,Swetha,Swiggy,2026-07-26,17:34,859.35,Food,UPI,Chennai,Success
TXN09119,Sanjay,KFC,2026-08-08,01:19,537.86,Food,UPI,Trichy,Success
TXN09120,Rahul,Zomato,2026-08-06,00:40,296.66,Food,PhonePe,Bengaluru,Success
TXN09121,Vishnu,Airtel,2026-06-06,11:36,4000.0,Bills,GPay,Bengaluru,Success
TXN09122,Harini,Apollo Pharmacy,2026-08-26,02:04,1241.98,Health,PhonePe,Tirunelveli,Success
TXN09123,Priya,PharmEasy,2026-08-07,20:46,2396.98,Health,UPI,Salem,Success
TXN09124,Swetha,A2B,2026-06-03,13:01,853.25,Food,UPI,Tirunelveli,Success
TXN09125,Harini,Reliance Trends,2026-05-11,14:03,2117.67,Shopping,Card,Chennai,Pending
TXN09126,Vishnu,Water Board,2026-09-16,10:24,3011.42,Bills,UPI,Bengaluru,Success
TXN09127,Abinaya,Swiggy,2026-02-26,07:13,630.39,Food,GPay,Madurai,Pending
TXN09128,Ishaan,TNSTC,2026-02-19,00:35,1200.0,Transport,UPI,Madurai,Success
TXN09129,Deva,BookMyShow,2026-04-03,05:01,1500.0,Entertainment,PhonePe,Coimbatore,Success
TXN09130,Vishnu,Myntra,2026-09-04,14:35,1748.76,Shopping,PhonePe,Trichy,Success
TXN09131,Sanjay,Flipkart,2026-05-01,09:10,3651.62,Shopping,PhonePe,Trichy,Pending
TXN09132,Abinaya,A2B,2026-08-30,16:51,176.69,Food,UPI,Madurai,Success
TXN09133,Anu,Local Pharmacy,2026-02-10,01:26,1287.29,Health,Card,Chennai,Success
TXN09134,Abinaya,Jio,2026-02-14,04:11,4000.0,Bills,UPI,Madurai,Failed
TXN09135,Keerthi,RedBus,2026-05-03,21:16,363.39,Transport,UPI,Chennai,Success
TXN09136,Sanjay,Spotify,2026-02-13,09:44,657.45,Entertainment,UPI,Bengaluru,Failed
TXN09137,Priya,Uber,2026-02-14,10:55,519.75,Transport,Card,Chennai,Success
TXN09138,Anu,Cafe Coffee Day,2026-01-10,17:10,166.62,Food,GPay,Tenkasi,Pending
TXN09139,Anu,Local Pharmacy,2026-06-18,03:21,3000.0,Health,UPI,Coimbatore,Success
TXN09140,Deva,Metro,2026-03-11,06:34,696.96,Transport,PhonePe,Madurai,Pending
TXN09141,Abinaya,Temple,2026-05-12,13:14,1454.92,Others,UPI,Tenkasi,Success
TXN09142,Keerthi,Salon,2026-04-12,21:32,419.42,Others,GPay,Tenkasi,Success
TXN09143,Kavi,Water Board,2026-06-02,03:43,2391.05,Bills,UPI,Madurai,Pending
TXN09144,Ishaan,Hotstar,2026-07-26,09:33,807.94,Entertainment,PhonePe,Madurai,Success
TXN09145,Rahul,A2B,2026-05-08,07:48,183.87,Food,Card,Madurai,Success
TXN09146,Sanjay,TNSTC,2026-07-05,06:34,360.07,Transport,GPay,Madurai,Success
TXN09147,Abinaya,College Fees,2026-04-05,16:08,1963.06,Education,Card,Chennai,Success
TXN09148,Deva,Water Board,2026-03-21,13:14,2180.3,Bills,GPay,Madurai,Failed
TXN09149,Sanjay,Zomato,2026-08-03,20:24,517.76,Food,Card,Tenkasi,Success
TXN09150,Nivetha,KFC,2026-01-12,10:15,205.22,Food,GPay,Tenkasi,Success
TXN09151,Meena,Swiggy,2026-07-04,13:06,364.26,Food,Card,Chennai,Success
TXN09152,Vishnu,Temple,2026-04-06,18:47,1079.48,Others,GPay,Salem,Pending
TXN09153,Priya,HealthPlus,2026-06-10,17:09,1822.56,Health,GPay,Salem,Success
TXN09154,Ishaan,TNSTC,2026-09-10,10:58,167.21,Transport,PhonePe,Madurai,Success
TXN09155,Deva,Airtel,2026-05-15,19:44,1120.46,Bills,PhonePe,Trichy,Success
TXN09156,Meena,Ola,2026-02-18,17:36,1038.36,Transport,Card,Tenkasi,Failed
TXN09157,Harini,Metro,2026-07-22,18:37,1200.0,Transport,Card,Madurai,Success
TXN09158,Deva,Meesho,2026-05-21,20:11,3332.67,Shopping,UPI,Madurai,Pending
TXN09159,Keerthi,Dominos,2026-01-15,14:12,425.33,Food,PhonePe,Madurai,Success
TXN09160,Keerthi,RedBus,2026-06-25,18:02,627.22,Transport,PhonePe,Tirunelveli,Success
TXN09161,Abinaya,1mg,2026-01-31,22:39,1871.73,Health,UPI,Madurai,Failed
TXN09162,Nivetha,Cafe Coffee Day,2026-07-27,21:22,430.88,Food,Card,Coimbatore,Success
TXN09163,Ishaan,Ola,2026-01-21,17:18,1200.0,Transport,GPay,Trichy,Pending
TXN09164,Anu,Reliance Trends,2026-05-03,02:54,4390.22,Shopping,UPI,Salem,Failed
TXN09165,Vishnu,Water Board,2026-03-25,15:27,2349.21,Bills,PhonePe,Trichy,Success
TXN09166,Meena,TNSTC,2026-09-12,19:53,557.53,Transport,UPI,Tirunelveli,Success
TXN09167,Priya,Airtel,2026-02-15,13:10,1207.73,Bills,GPay,Bengaluru,Failed
TXN09168,Kavi,Local Pharmacy,2026-02-18,04:04,2051.32,Health,Card,Salem,Success
TXN09169,Deva,Swiggy,2026-09-09,07:28,694.96,Food,PhonePe,Madurai,Success
TXN09170,Kavi,Dominos,2026-05-14,03:36,341.8,Food,UPI,Coimbatore,Success
TXN09171,Sanjay,Dominos,2026-09-28,00:11,900.0,Food,UPI,Tenkasi,Pending
TXN09172,Swetha,Swiggy,2026-04-27,08:09,473.72,Food,GPay,Madurai,Success
TXN09173,Vishnu,Amazon,2026-03-02,09:25,4596.26,Shopping,PhonePe,Tirunelveli,Pending
TXN09174,Arun,HealthPlus,2026-02-17,08:26,1948.85,Health,GPay,Madurai,Success
TXN09175,Priya,Google Workspace,2026-03-18,15:54,1626.56,Education,GPay,Madurai,Failed
TXN09176,Priya,Dominos,2026-08-18,14:21,900.0,Food,PhonePe,Madurai,Pending
TXN09177,Anu,YouTube Premium,2026-02-20,12:44,798.25,Entertainment,UPI,Chennai,Success
TXN09178,Sanjay,DMart,2026-07-23,11:12,2510.77,Shopping,PhonePe,Coimbatore,Success
TXN09179,Swetha,Hotstar,2026-02-23,09:56,1026.29,Entertainment,Card,Chennai,Success
TXN09180,Rahul,KFC,2026-04-05,23:48,900.0,Food,GPay,Trichy,Failed
TXN09181,Arun,Miscellaneous,2026-09-25,04:28,573.42,Others,PhonePe,Trichy,Success
TXN09182,Harini,Metro,2026-08-29,18:15,942.34,Transport,GPay,Chennai,Failed
TXN09183,Harini,HealthPlus,2026-07-13,13:45,1360.01,Health,GPay,Coimbatore,Success
TXN09184,Sanjay,Dominos,2026-03-22,15:37,780.93,Food,GPay,Tenkasi,Success
TXN09185,Sanjay,Dominos,2026-07-12,12:07,750.07,Food,Card,Madurai,Pending
TXN09186,Keerthi,Meesho,2026-08-06,12:40,1406.44,Shopping,UPI,Salem,Failed
TXN09187,Rahul,Hotstar,2026-08-26,16:44,684.81,Entertainment,UPI,Chennai,Failed
TXN09188,Rahul,Dominos,2026-08-25,10:51,304.16,Food,GPay,Madurai,Success
TXN09189,Nivetha,Swiggy,2026-05-08,16:12,865.65,Food,PhonePe,Tirunelveli,Success
TXN09190,Vishnu,Udemy,2026-08-28,09:38,3383.36,Education,PhonePe,Salem,Success
TXN09191,Keerthi,Jio,2026-09-13,19:11,4000.0,Bills,PhonePe,Tenkasi,Success
TXN09192,Harini,KFC,2026-08-17,08:23,752.57,Food,Card,Tirunelveli,Success
TXN09193,Vishnu,Miscellaneous,2026-07-26,00:06,756.73,Others,UPI,Coimbatore,Success
TXN09194,Nivetha,Cafe Coffee Day,2026-08-24,07:10,339.3,Food,PhonePe,Trichy,Success
TXN09195,Kavi,Stationery Shop,2026-06-20,17:32,1234.49,Others,GPay,Madurai,Pending
TXN09196,Sanjay,Temple,2026-09-18,17:55,2000.0,Others,PhonePe,Coimbatore,Pending
TXN09197,Priya,Netflix,2026-06-27,11:23,736.28,Entertainment,PhonePe,Bengaluru,Failed
TXN09198,Harini,TNSTC,2026-09-20,17:50,750.95,Transport,PhonePe,Tenkasi,Success
TXN09199,Deva,Water Board,2026-02-05,23:43,3217.41,Bills,GPay,Coimbatore,Success
TXN09200,Arun,Metro,2026-03-07,06:25,619.75,Transport,GPay,Tirunelveli,Success
TXN09201,Sanjay,Steam,2026-05-25,07:40,1500.0,Entertainment,UPI,Tenkasi,Pending
TXN09202,Ishaan,Myntra,2026-08-21,00:06,2589.42,Shopping,Card,Tenkasi,Success
TXN09203,Meena,Miscellaneous,2026-07-23,16:39,560.81,Others,UPI,Bengaluru,Failed
TXN09204,Kavi,Apollo Pharmacy,2026-09-28,21:32,2435.31,Health,PhonePe,Trichy,Success
TXN09205,Vishnu,A2B,2026-04-14,14:25,301.84,Food,PhonePe,Coimbatore,Success
TXN09206,Vishnu,PharmEasy,2026-05-09,03:33,1334.94,Health,GPay,Tirunelveli,Failed
TXN09207,Keerthi,Dominos,2026-04-02,09:04,556.71,Food,Card,Madurai,Success
TXN09208,Meena,Coursera,2026-09-10,01:56,2336.66,Education,PhonePe,Tenkasi,Failed
TXN09209,Keerthi,Swiggy,2026-07-10,13:35,523.99,Food,PhonePe,Trichy,Success
TXN09210,Rahul,Dominos,2026-08-27,04:03,504.54,Food,GPay,Madurai,Failed
TXN09211,Kavi,Electricity Board,2026-03-23,01:32,4000.0,Bills,UPI,Madurai,Pending
TXN09212,Swetha,Meesho,2026-03-30,02:41,4165.64,Shopping,GPay,Madurai,Success
TXN09213,Kavi,Spotify,2026-06-10,01:11,778.49,Entertainment,Card,Bengaluru,Success
TXN09214,Keerthi,Zomato,2026-02-16,16:10,355.94,Food,GPay,Chennai,Pending
TXN09215,Ishaan,Airtel,2026-05-12,03:00,1603.96,Bills,Card,Madurai,Pending
TXN09216,Harini,Rapido,2026-06-03,11:11,216.25,Transport,UPI,Tirunelveli,Success
TXN09217,Swetha,Coursera,2026-06-24,12:25,5000.0,Education,PhonePe,Bengaluru,Success
TXN09218,Kavi,KFC,2026-02-14,11:54,445.77,Food,UPI,Chennai,Pending
TXN09219,Harini,Cafe Coffee Day,2026-04-11,13:02,669.98,Food,GPay,Chennai,Pending
TXN09220,Deva,Zomato,2026-07-24,11:21,489.6,Food,UPI,Coimbatore,Failed
TXN09221,Abinaya,Swiggy,2026-04-17,11:06,590.41,Food,UPI,Chennai,Success
TXN09222,Keerthi,Ola,2026-02-14,14:06,353.07,Transport,GPay,Tirunelveli,Success
TXN09223,Deva,ACT Fibernet,2026-07-21,22:13,3452.45,Bills,Card,Chennai,Success
TXN09224,Arun,BookMyShow,2026-09-17,21:20,358.03,Entertainment,Card,Chennai,Success
TXN09225,Vishnu,Swiggy,2026-06-08,11:40,429.55,Food,UPI,Salem,Success
TXN09226,Ishaan,Spotify,2026-08-10,09:22,1027.89,Entertainment,UPI,Bengaluru,Failed
TXN09227,Kavi,Reliance Trends,2026-06-27,00:50,4139.17,Shopping,UPI,Trichy,Success
TXN09228,Abinaya,Water Board,2026-02-08,17:46,1635.56,Bills,PhonePe,Tenkasi,Success
TXN09229,Abinaya,Rapido,2026-03-20,20:30,265.35,Transport,Card,Bengaluru,Success
TXN09230,Ishaan,Steam,2026-02-20,06:58,1087.4,Entertainment,Card,Tenkasi,Success
TXN09231,Keerthi,Ola,2026-06-03,21:06,484.88,Transport,GPay,Chennai,Success
TXN09232,Arun,Cafe Coffee Day,2026-05-24,08:02,627.76,Food,PhonePe,Madurai,Success
TXN09233,Ishaan,KFC,2026-02-20,19:39,479.71,Food,GPay,Trichy,Pending
TXN09234,Sanjay,Zomato,2026-02-18,13:04,219.21,Food,GPay,Madurai,Failed
TXN09235,Deva,Udemy,2026-05-05,13:20,4002.29,Education,PhonePe,Coimbatore,Pending
TXN09236,Anu,Flipkart,2026-08-08,12:19,1772.17,Shopping,PhonePe,Coimbatore,Success
TXN09237,Nivetha,Temple,2026-03-28,10:00,728.67,Others,GPay,Tirunelveli,Pending
TXN09238,Nivetha,Google Workspace,2026-01-14,14:35,5000.0,Education,PhonePe,Madurai,Success
TXN09239,Vishnu,Stationery Shop,2026-04-19,22:22,1033.9,Others,GPay,Madurai,Failed
TXN09240,Priya,KFC,2026-09-10,19:28,372.72,Food,GPay,Madurai,Success
TXN09241,Rahul,Amazon,2026-08-12,00:16,6000.0,Shopping,GPay,Chennai,Pending
TXN09242,Arun,Meesho,2026-03-14,20:55,1692.44,Shopping,GPay,Tirunelveli,Success
TXN09243,Deva,Stationery Shop,2026-03-04,08:29,1942.79,Others,UPI,Madurai,Failed
TXN09244,Deva,Metro,2026-05-07,12:01,678.22,Transport,GPay,Chennai,Success
TXN09245,Priya,TNSTC,2026-03-12,10:37,231.03,Transport,Card,Trichy,Pending
TXN09246,Nivetha,Rapido,2026-01-15,19:36,539.54,Transport,GPay,Tirunelveli,Success
TXN09247,Kavi,Myntra,2026-09-12,03:04,6000.0,Shopping,Card,Madurai,Pending
TXN09248,Meena,TNSTC,2026-03-07,09:54,1118.16,Transport,PhonePe,Madurai,Success
TXN09249,Harini,Rapido,2026-04-10,12:48,357.88,Transport,GPay,Coimbatore,Success
TXN09250,Arun,Zomato,2026-08-09,21:55,554.1,Food,PhonePe,Coimbatore,Failed
TXN09251,Sanjay,A2B,2026-03-14,05:32,455.69,Food,Card,Salem,Success
TXN09252,Keerthi,Zomato,2026-03-23,14:46,446.41,Food,PhonePe,Madurai,Success
TXN09253,Rahul,Zomato,2026-09-20,02:40,356.09,Food,PhonePe,Bengaluru,Success
TXN09254,Anu,Ola,2026-03-11,17:47,678.32,Transport,UPI,Madurai,Success
TXN09255,Vishnu,Local Pharmacy,2026-01-04,09:28,1069.63,Health,Card,Coimbatore,Success
TXN09256,Rahul,PharmEasy,2026-08-06,10:39,2657.65,Health,GPay,Madurai,Success
TXN09257,Ishaan,Ola,2026-08-23,20:00,582.12,Transport,GPay,Madurai,Success
TXN09258,Sanjay,YouTube Premium,2026-06-14,06:13,1452.09,Entertainment,Card,Trichy,Pending
TXN09259,Deva,YouTube Premium,2026-03-07,09:09,590.2,Entertainment,PhonePe,Madurai,Pending
TXN09260,Vishnu,Rapido,2026-07-11,04:03,451.45,Transport,PhonePe,Madurai,Success
TXN09261,Arun,HealthPlus,2026-08-19,16:28,1511.3,Health,GPay,Chennai,Failed
TXN09262,Keerthi,YouTube Premium,2026-03-03,10:59,545.54,Entertainment,Card,Tirunelveli,Success
TXN09263,Rahul,Steam,2026-04-02,11:49,748.86,Entertainment,Card,Madurai,Success
TXN09264,Abinaya,DMart,2026-04-06,00:53,2156.18,Shopping,Card,Madurai,Success
TXN09265,Deva,A2B,2026-03-05,08:50,581.41,Food,Card,Tenkasi,Success
TXN09266,Vishnu,Reliance Trends,2026-05-25,17:40,1913.57,Shopping,Card,Madurai,Success
TXN09267,Arun,A2B,2026-06-28,05:52,756.19,Food,Card,Bengaluru,Success
TXN09268,Vishnu,KFC,2026-06-15,14:30,489.48,Food,PhonePe,Trichy,Success
TXN09269,Priya,Hotstar,2026-03-31,00:43,697.03,Entertainment,GPay,Trichy,Failed
TXN09270,Sanjay,College Fees,2026-09-14,17:33,1383.13,Education,GPay,Coimbatore,Failed
TXN09271,Priya,Zomato,2026-04-01,21:22,235.91,Food,PhonePe,Bengaluru,Success
TXN09272,Abinaya,Swiggy,2026-04-11,21:40,900.0,Food,UPI,Tenkasi,Success
TXN09273,Sanjay,Myntra,2026-01-26,05:21,4055.55,Shopping,GPay,Madurai,Success
TXN09274,Vishnu,Electricity Board,2026-01-06,05:43,2658.02,Bills,PhonePe,Tirunelveli,Failed
TXN09275,Kavi,Rapido,2026-09-03,20:24,437.34,Transport,PhonePe,Madurai,Success
TXN09276,Keerthi,Google Workspace,2026-09-20,17:56,3645.31,Education,UPI,Tirunelveli,Success
TXN09277,Anu,Stationery Shop,2026-03-28,14:43,995.77,Others,UPI,Tirunelveli,Success
TXN09278,Deva,Netflix,2026-01-26,18:48,684.04,Entertainment,PhonePe,Madurai,Success
TXN09279,Vishnu,Netflix,2026-01-17,00:25,434.8,Entertainment,Card,Tenkasi,Pending
TXN09280,Rahul,Zomato,2026-02-24,11:50,579.35,Food,GPay,Tirunelveli,Success
TXN09281,Keerthi,Coursera,2026-05-31,13:00,5000.0,Education,UPI,Chennai,Success
TXN09282,Meena,Netflix,2026-03-24,23:01,1500.0,Entertainment,UPI,Coimbatore,Failed
TXN09283,Meena,Uber,2026-04-06,04:47,1025.71,Transport,UPI,Chennai,Success
TXN09284,Harini,HealthPlus,2026-08-22,23:32,865.08,Health,GPay,Salem,Success
TXN09285,Arun,YouTube Premium,2026-08-15,03:45,442.16,Entertainment,GPay,Madurai,Success
TXN09286,Arun,Myntra,2026-06-01,17:05,4534.24,Shopping,PhonePe,Salem,Success
TXN09287,Rahul,DMart,2026-06-26,20:56,3361.54,Shopping,PhonePe,Madurai,Pending
TXN09288,Swetha,Cafe Coffee Day,2026-03-16,10:47,402.61,Food,GPay,Tenkasi,Success
TXN09289,Arun,Reliance Trends,2026-04-15,09:11,2364.71,Shopping,UPI,Chennai,Failed
TXN09290,Nivetha,Zomato,2026-08-07,21:27,159.77,Food,Card,Madurai,Failed
TXN09291,Kavi,Electricity Board,2026-06-23,22:58,2915.06,Bills,PhonePe,Chennai,Pending
TXN09292,Keerthi,Reliance Trends,2026-02-11,19:50,3284.38,Shopping,UPI,Madurai,Success
TXN09293,Rahul,A2B,2026-01-23,15:57,317.45,Food,Card,Tenkasi,Success
TXN09294,Arun,Uber,2026-07-07,06:26,1200.0,Transport,GPay,Tirunelveli,Success
TXN09295,Harini,Zomato,2026-03-18,03:54,269.15,Food,UPI,Tirunelveli,Failed
TXN09296,Keerthi,Cafe Coffee Day,2026-01-06,11:33,256.62,Food,PhonePe,Chennai,Success
TXN09297,Kavi,DMart,2026-05-07,03:45,2773.09,Shopping,Card,Chennai,Success
TXN09298,Sanjay,Metro,2026-08-27,01:55,779.1,Transport,PhonePe,Madurai,Failed
TXN09299,Kavi,TNSTC,2026-03-01,03:50,1200.0,Transport,UPI,Madurai,Success
TXN09300,Meena,Cafe Coffee Day,2026-05-12,20:23,544.22,Food,UPI,Trichy,Failed
TXN09301,Arun,Jio,2026-06-21,04:00,3241.23,Bills,Card,Madurai,Success
TXN09302,Deva,Dominos,2026-06-06,18:43,787.32,Food,Card,Madurai,Success
TXN09303,Ishaan,Swiggy,2026-05-16,00:47,831.82,Food,PhonePe,Madurai,Success
TXN09304,Abinaya,DMart,2026-02-25,00:09,3564.78,Shopping,GPay,Trichy,Success
TXN09305,Deva,Dominos,2026-05-19,08:01,544.47,Food,PhonePe,Coimbatore,Success
TXN09306,Harini,Spotify,2026-06-10,02:44,591.24,Entertainment,UPI,Chennai,Failed
TXN09307,Meena,Cafe Coffee Day,2026-09-07,17:05,450.8,Food,GPay,Tenkasi,Pending
TXN09308,Sanjay,DMart,2026-08-19,20:24,2481.19,Shopping,UPI,Madurai,Success
TXN09309,Anu,Netflix,2026-01-21,21:53,1015.34,Entertainment,PhonePe,Madurai,Success
TXN09310,Ishaan,Zomato,2026-04-15,00:58,900.0,Food,UPI,Chennai,Failed
TXN09311,Arun,YouTube Premium,2026-02-05,01:08,645.3,Entertainment,GPay,Madurai,Failed
TXN09312,Harini,Coursera,2026-02-17,20:34,3851.33,Education,Card,Coimbatore,Failed
TXN09313,Nivetha,Water Board,2026-07-23,16:03,1109.85,Bills,PhonePe,Madurai,Success
TXN09314,Swetha,Salon,2026-01-09,23:53,1587.62,Others,Card,Madurai,Success
TXN09315,Nivetha,Ola,2026-06-22,19:14,389.57,Transport,UPI,Madurai,Success
TXN09316,Arun,KFC,2026-01-11,17:36,900.0,Food,Card,Madurai,Success
TXN09317,Abinaya,Coursera,2026-02-23,15:04,3673.89,Education,GPay,Chennai,Success
TXN09318,Harini,KFC,2026-03-25,00:52,753.45,Food,GPay,Chennai,Success
TXN09319,Harini,Hotstar,2026-05-20,12:04,1498.85,Entertainment,Card,Chennai,Success
TXN09320,Anu,Metro,2026-04-07,02:54,508.75,Transport,PhonePe,Trichy,Failed
TXN09321,Anu,KFC,2026-06-20,08:44,465.86,Food,Card,Salem,Success
TXN09322,Deva,Salon,2026-02-24,05:02,301.22,Others,Card,Madurai,Failed
TXN09323,Meena,Temple,2026-08-29,21:25,786.36,Others,GPay,Coimbatore,Success
TXN09324,Nivetha,Cafe Coffee Day,2026-05-03,06:00,362.87,Food,Card,Coimbatore,Pending
TXN09325,Kavi,Coursera,2026-04-22,00:46,1055.45,Education,GPay,Coimbatore,Pending
TXN09326,Sanjay,Dominos,2026-08-05,04:23,537.46,Food,GPay,Tirunelveli,Success
TXN09327,Nivetha,Ola,2026-02-28,02:53,645.33,Transport,UPI,Madurai,Failed
TXN09328,Nivetha,Miscellaneous,2026-08-14,15:48,381.38,Others,GPay,Trichy,Success
TXN09329,Kavi,Dominos,2026-01-16,15:21,661.15,Food,GPay,Salem,Failed
TXN09330,Vishnu,Water Board,2026-07-19,15:59,1876.52,Bills,PhonePe,Madurai,Success
TXN09331,Swetha,TNSTC,2026-05-11,22:28,458.02,Transport,GPay,Trichy,Success
TXN09332,Swetha,Spotify,2026-06-11,16:57,921.73,Entertainment,Card,Bengaluru,Success
TXN09333,Priya,Gift,2026-06-04,15:02,945.21,Others,UPI,Chennai,Success
TXN09334,Sanjay,KFC,2026-07-20,02:10,900.0,Food,UPI,Bengaluru,Success
TXN09335,Arun,YouTube Premium,2026-05-16,00:57,1500.0,Entertainment,GPay,Salem,Success
TXN09336,Keerthi,Cafe Coffee Day,2026-06-05,22:00,834.12,Food,GPay,Coimbatore,Success
TXN09337,Ishaan,Myntra,2026-07-11,04:56,1482.6,Shopping,Card,Salem,Success
TXN09338,Harini,Swiggy,2026-04-22,19:52,595.58,Food,Card,Chennai,Pending
TXN09339,Abinaya,Cafe Coffee Day,2026-07-25,16:35,719.97,Food,Card,Chennai,Success
TXN09340,Nivetha,ACT Fibernet,2026-06-02,06:12,4000.0,Bills,UPI,Madurai,Pending
TXN09341,Vishnu,Swiggy,2026-09-10,00:18,528.19,Food,UPI,Madurai,Success
TXN09342,Keerthi,TNSTC,2026-03-09,09:28,749.18,Transport,GPay,Salem,Success
TXN09343,Swetha,A2B,2026-04-30,14:52,257.13,Food,Card,Madurai,Success
TXN09344,Anu,Zomato,2026-09-19,01:39,239.92,Food,Card,Madurai,Pending
TXN09345,Arun,Coursera,2026-03-03,14:16,1556.68,Education,PhonePe,Madurai,Success
TXN09346,Priya,TNSTC,2026-04-03,14:19,316.21,Transport,PhonePe,Madurai,Success
TXN09347,Kavi,Uber,2026-08-02,11:43,653.7,Transport,Card,Chennai,Success
TXN09348,Meena,ACT Fibernet,2026-08-11,03:21,489.13,Bills,PhonePe,Madurai,Success
TXN09349,Anu,Airtel,2026-08-20,00:11,1964.9,Bills,UPI,Tenkasi,Success
TXN09350,Sanjay,Coursera,2026-04-14,22:03,2682.16,Education,PhonePe,Bengaluru,Success
TXN09351,Sanjay,Zomato,2026-03-27,11:04,528.58,Food,GPay,Tenkasi,Success
TXN09352,Abinaya,Airtel,2026-06-08,00:34,4000.0,Bills,Card,Madurai,Success
TXN09353,Kavi,Temple,2026-04-30,03:51,2000.0,Others,UPI,Coimbatore,Success
TXN09354,Anu,Coursera,2026-08-01,06:03,5000.0,Education,PhonePe,Chennai,Success
TXN09355,Meena,Cafe Coffee Day,2026-02-24,17:22,620.84,Food,UPI,Salem,Success
TXN09356,Meena,Rapido,2026-07-13,09:49,430.39,Transport,PhonePe,Bengaluru,Success
TXN09357,Priya,KFC,2026-08-01,08:38,262.24,Food,PhonePe,Madurai,Pending
TXN09358,Meena,Local Store,2026-07-16,06:37,472.74,Others,GPay,Chennai,Success
TXN09359,Arun,Steam,2026-03-09,05:29,1051.05,Entertainment,GPay,Madurai,Success
TXN09360,Harini,Apollo Pharmacy,2026-01-02,03:15,1567.98,Health,GPay,Trichy,Success
TXN09361,Priya,Reliance Trends,2026-06-21,11:28,2760.95,Shopping,GPay,Salem,Pending
TXN09362,Ishaan,Dominos,2026-07-08,03:25,742.06,Food,GPay,Bengaluru,Success
TXN09363,Kavi,Zomato,2026-04-10,09:54,473.63,Food,PhonePe,Coimbatore,Pending
TXN09364,Vishnu,Netflix,2026-02-07,20:14,1500.0,Entertainment,Card,Tenkasi,Failed
TXN09365,Ishaan,YouTube Premium,2026-07-07,16:09,375.94,Entertainment,UPI,Bengaluru,Pending
TXN09366,Nivetha,BookMyShow,2026-06-26,06:52,865.92,Entertainment,Card,Chennai,Success
TXN09367,Rahul,Meesho,2026-03-04,04:39,1218.05,Shopping,GPay,Tirunelveli,Success
TXN09368,Deva,Netflix,2026-09-03,23:37,1195.13,Entertainment,UPI,Chennai,Pending
TXN09369,Kavi,ACT Fibernet,2026-07-14,11:45,987.37,Bills,Card,Tenkasi,Success
TXN09370,Nivetha,Hotstar,2026-01-25,04:27,918.99,Entertainment,PhonePe,Bengaluru,Success
TXN09371,Ishaan,1mg,2026-08-19,03:07,1056.59,Health,PhonePe,Bengaluru,Success
TXN09372,Harini,Dominos,2026-04-09,23:40,301.23,Food,PhonePe,Chennai,Pending
TXN09373,Keerthi,Amazon Kindle,2026-03-23,02:14,1797.5,Education,Card,Madurai,Pending
TXN09374,Kavi,Jio,2026-01-05,21:00,1921.6,Bills,PhonePe,Chennai,Success
TXN09375,Arun,DMart,2026-08-30,14:38,1592.77,Shopping,GPay,Madurai,Success
TXN09376,Ishaan,Cafe Coffee Day,2026-02-17,17:01,230.57,Food,GPay,Madurai,Pending
TXN09377,Vishnu,Metro,2026-02-09,01:22,849.14,Transport,GPay,Bengaluru,Success
TXN09378,Vishnu,Google Workspace,2026-01-19,01:38,860.18,Education,UPI,Madurai,Success
TXN09379,Priya,YouTube Premium,2026-06-24,13:12,922.26,Entertainment,GPay,Tenkasi,Success
TXN09380,Meena,Electricity Board,2026-01-11,06:50,747.09,Bills,UPI,Tirunelveli,Success
TXN09381,Vishnu,KFC,2026-04-03,04:37,498.25,Food,PhonePe,Coimbatore,Success
TXN09382,Swetha,BookMyShow,2026-04-04,20:29,515.83,Entertainment,PhonePe,Trichy,Failed
TXN09383,Priya,Swiggy,2026-06-07,09:08,716.59,Food,PhonePe,Chennai,Success
TXN09384,Meena,HealthPlus,2026-07-29,20:25,3000.0,Health,GPay,Coimbatore,Success
TXN09385,Nivetha,Cafe Coffee Day,2026-07-24,10:44,401.86,Food,Card,Chennai,Success
TXN09386,Deva,Myntra,2026-02-21,08:44,3379.99,Shopping,PhonePe,Coimbatore,Failed
TXN09387,Deva,Meesho,2026-06-01,11:41,5570.63,Shopping,PhonePe,Tirunelveli,Pending
TXN09388,Deva,Cafe Coffee Day,2026-02-03,02:36,387.71,Food,UPI,Madurai,Failed
TXN09389,Abinaya,Meesho,2026-08-27,18:34,4533.08,Shopping,UPI,Trichy,Pending
TXN09390,Kavi,Cafe Coffee Day,2026-04-20,21:56,299.44,Food,PhonePe,Coimbatore,Success
TXN09391,Sanjay,ACT Fibernet,2026-08-21,22:47,2476.12,Bills,UPI,Madurai,Success
TXN09392,Meena,A2B,2026-07-22,21:08,562.42,Food,UPI,Chennai,Pending
TXN09393,Ishaan,Steam,2026-05-15,06:02,915.94,Entertainment,UPI,Chennai,Success
TXN09394,Sanjay,Coursera,2026-02-17,08:45,5000.0,Education,PhonePe,Chennai,Failed
TXN09395,Harini,Zomato,2026-04-23,06:55,170.65,Food,Card,Trichy,Success
TXN09396,Kavi,Salon,2026-07-26,09:36,1166.47,Others,PhonePe,Madurai,Success
TXN09397,Kavi,Electricity Board,2026-06-30,11:00,2337.48,Bills,PhonePe,Bengaluru,Success
TXN09398,Anu,Rapido,2026-02-27,07:05,655.69,Transport,PhonePe,Trichy,Success
TXN09399,Priya,Local Pharmacy,2026-08-28,15:03,2941.16,Health,GPay,Tirunelveli,Success
TXN09400,Abinaya,Udemy,2026-01-14,08:13,1584.28,Education,Card,Bengaluru,Failed
TXN09401,Arun,KFC,2026-07-22,05:29,900.0,Food,UPI,Trichy,Success
TXN09402,Nivetha,Swiggy,2026-03-01,20:27,528.32,Food,PhonePe,Chennai,Failed
TXN09403,Swetha,Amazon,2026-03-22,17:38,1670.25,Shopping,PhonePe,Tenkasi,Failed
TXN09404,Vishnu,Google Workspace,2026-06-14,00:26,3123.05,Education,PhonePe,Madurai,Pending
TXN09405,Deva,Dominos,2026-06-14,11:35,550.5,Food,UPI,Tenkasi,Failed
TXN09406,Anu,Uber,2026-02-18,23:22,280.86,Transport,GPay,Madurai,Success
TXN09407,Ishaan,Apollo Pharmacy,2026-06-20,13:29,1501.72,Health,Card,Chennai,Failed
TXN09408,Harini,Metro,2026-07-21,05:31,1092.41,Transport,Card,Madurai,Pending
TXN09409,Rahul,Metro,2026-04-28,17:15,735.6,Transport,PhonePe,Salem,Success
TXN09410,Keerthi,Coursera,2026-06-29,02:50,1011.59,Education,UPI,Chennai,Success
TXN09411,Vishnu,Metro,2026-04-15,22:11,579.3,Transport,Card,Salem,Success
TXN09412,Kavi,Swiggy,2026-04-19,08:19,220.7,Food,Card,Madurai,Pending
TXN09413,Ishaan,Hotstar,2026-01-02,03:02,543.34,Entertainment,UPI,Chennai,Success
TXN09414,Sanjay,Ola,2026-09-24,22:05,1200.0,Transport,GPay,Madurai,Failed
TXN09415,Ishaan,HealthPlus,2026-03-07,01:49,2524.01,Health,PhonePe,Coimbatore,Success
TXN09416,Keerthi,YouTube Premium,2026-09-24,21:04,681.26,Entertainment,GPay,Tenkasi,Failed
TXN09417,Deva,Cafe Coffee Day,2026-04-05,05:10,621.73,Food,PhonePe,Madurai,Pending
TXN09418,Abinaya,Cafe Coffee Day,2026-09-13,14:33,782.03,Food,UPI,Madurai,Success
TXN09419,Keerthi,Dominos,2026-07-26,18:06,900.0,Food,Card,Tirunelveli,Success
TXN09420,Nivetha,Udemy,2026-07-29,15:18,4947.97,Education,PhonePe,Coimbatore,Success
TXN09421,Abinaya,YouTube Premium,2026-01-04,20:25,1500.0,Entertainment,GPay,Trichy,Pending
TXN09422,Rahul,DMart,2026-05-31,19:48,4543.55,Shopping,UPI,Coimbatore,Pending
TXN09423,Harini,Cafe Coffee Day,2026-01-10,03:56,900.0,Food,UPI,Madurai,Failed
TXN09424,Kavi,Ola,2026-01-27,04:02,395.47,Transport,UPI,Madurai,Success
TXN09425,Anu,Zomato,2026-05-13,13:16,521.8,Food,PhonePe,Madurai,Success
TXN09426,Arun,Temple,2026-09-01,21:39,747.95,Others,GPay,Madurai,Success
TXN09427,Keerthi,Myntra,2026-04-18,21:29,1017.81,Shopping,UPI,Chennai,Success
TXN09428,Ishaan,Swiggy,2026-02-07,21:08,489.73,Food,PhonePe,Coimbatore,Success
TXN09429,Ishaan,Cafe Coffee Day,2026-09-10,06:09,380.82,Food,UPI,Salem,Pending
TXN09430,Keerthi,Swiggy,2026-04-27,05:33,183.82,Food,UPI,Salem,Success
TXN09431,Harini,Swiggy,2026-06-12,00:01,641.01,Food,UPI,Tirunelveli,Success
TXN09432,Harini,1mg,2026-01-08,12:02,1827.58,Health,UPI,Tirunelveli,Success
TXN09433,Vishnu,Reliance Trends,2026-08-25,05:25,3669.27,Shopping,Card,Madurai,Success
TXN09434,Meena,Udemy,2026-03-18,18:09,1716.02,Education,PhonePe,Coimbatore,Failed
TXN09435,Meena,Steam,2026-09-16,19:44,440.01,Entertainment,Card,Trichy,Success
TXN09436,Abinaya,HealthPlus,2026-06-24,06:08,2499.44,Health,Card,Madurai,Pending
TXN09437,Anu,KFC,2026-04-11,01:05,402.13,Food,UPI,Madurai,Pending
TXN09438,Priya,A2B,2026-05-11,03:15,658.38,Food,Card,Tenkasi,Success
TXN09439,Vishnu,Electricity Board,2026-08-16,00:36,2791.35,Bills,PhonePe,Tirunelveli,Pending
TXN09440,Sanjay,BookMyShow,2026-03-13,00:59,665.65,Entertainment,UPI,Madurai,Pending
TXN09441,Vishnu,Netflix,2026-04-04,22:10,591.76,Entertainment,UPI,Bengaluru,Success
TXN09442,Ishaan,Water Board,2026-04-27,20:33,1892.66,Bills,GPay,Tirunelveli,Success
TXN09443,Rahul,Dominos,2026-05-15,17:20,900.0,Food,GPay,Trichy,Success
TXN09444,Arun,Myntra,2026-01-13,12:14,1228.93,Shopping,UPI,Madurai,Failed
TXN09445,Priya,A2B,2026-08-17,17:50,520.61,Food,UPI,Salem,Failed
TXN09446,Sanjay,A2B,2026-09-13,03:33,280.06,Food,GPay,Madurai,Success
TXN09447,Abinaya,Myntra,2026-06-28,02:38,2405.07,Shopping,Card,Tenkasi,Success
TXN09448,Nivetha,A2B,2026-02-28,22:02,900.0,Food,PhonePe,Bengaluru,Success
TXN09449,Rahul,Zomato,2026-02-02,13:35,505.32,Food,GPay,Tenkasi,Pending
TXN09450,Meena,KFC,2026-09-02,13:46,857.05,Food,GPay,Madurai,Success
TXN09451,Deva,Metro,2026-02-21,10:24,845.68,Transport,UPI,Madurai,Success
TXN09452,Keerthi,Amazon,2026-06-04,04:43,4808.14,Shopping,PhonePe,Chennai,Failed
TXN09453,Keerthi,Electricity Board,2026-08-22,09:29,2694.76,Bills,Card,Bengaluru,Success
TXN09454,Harini,Jio,2026-07-28,12:48,3204.89,Bills,Card,Chennai,Success
TXN09455,Meena,Meesho,2026-08-15,03:27,4399.83,Shopping,Card,Chennai,Success
TXN09456,Ishaan,TNSTC,2026-02-28,03:13,1200.0,Transport,GPay,Madurai,Pending
TXN09457,Swetha,Meesho,2026-06-09,02:25,2469.96,Shopping,UPI,Coimbatore,Success
TXN09458,Kavi,Dominos,2026-09-09,18:41,193.04,Food,Card,Chennai,Success
TXN09459,Anu,Zomato,2026-04-15,05:54,757.89,Food,PhonePe,Chennai,Success
TXN09460,Kavi,Rapido,2026-03-26,22:27,482.9,Transport,GPay,Madurai,Success
TXN09461,Meena,Google Workspace,2026-02-04,09:12,2197.21,Education,GPay,Madurai,Success
TXN09462,Abinaya,Swiggy,2026-02-11,22:04,237.67,Food,PhonePe,Madurai,Success
TXN09463,Swetha,Dominos,2026-02-17,10:41,900.0,Food,UPI,Chennai,Pending
TXN09464,Rahul,Cafe Coffee Day,2026-05-21,04:25,900.0,Food,GPay,Coimbatore,Failed
TXN09465,Swetha,Ola,2026-02-04,05:53,548.46,Transport,PhonePe,Coimbatore,Pending
TXN09466,Anu,A2B,2026-09-02,00:17,534.01,Food,PhonePe,Tirunelveli,Success
TXN09467,Abinaya,Hotstar,2026-04-03,15:44,563.86,Entertainment,GPay,Trichy,Failed
TXN09468,Sanjay,RedBus,2026-04-09,13:59,1200.0,Transport,Card,Tirunelveli,Success
TXN09469,Ishaan,DMart,2026-06-08,23:10,1630.22,Shopping,UPI,Madurai,Success
TXN09470,Abinaya,Meesho,2026-02-25,21:28,3957.46,Shopping,Card,Bengaluru,Failed
TXN09471,Vishnu,A2B,2026-07-27,14:53,472.78,Food,UPI,Tirunelveli,Success
TXN09472,Sanjay,Hotstar,2026-03-31,19:30,782.29,Entertainment,GPay,Madurai,Success
TXN09473,Priya,Meesho,2026-03-01,17:51,3823.43,Shopping,PhonePe,Madurai,Pending
TXN09474,Rahul,Cafe Coffee Day,2026-05-04,07:06,241.31,Food,Card,Bengaluru,Pending
TXN09475,Swetha,Myntra,2026-08-14,12:17,6000.0,Shopping,UPI,Trichy,Success
TXN09476,Meena,Apollo Pharmacy,2026-04-13,17:31,2254.71,Health,GPay,Madurai,Pending
TXN09477,Harini,ACT Fibernet,2026-06-05,09:30,2589.19,Bills,GPay,Trichy,Success
TXN09478,Keerthi,Swiggy,2026-04-13,14:19,671.84,Food,Card,Bengaluru,Failed
TXN09479,Priya,Cafe Coffee Day,2026-06-01,03:42,460.19,Food,UPI,Tenkasi,Failed
TXN09480,Swetha,ACT Fibernet,2026-05-27,15:33,4000.0,Bills,GPay,Bengaluru,Success
TXN09481,Kavi,Rapido,2026-03-27,13:40,1200.0,Transport,Card,Chennai,Pending
TXN09482,Vishnu,Apollo Pharmacy,2026-03-08,08:30,984.24,Health,GPay,Trichy,Failed
TXN09483,Meena,Cafe Coffee Day,2026-03-30,20:16,565.92,Food,GPay,Madurai,Success
TXN09484,Meena,TNSTC,2026-03-13,21:21,773.35,Transport,Card,Madurai,Pending
TXN09485,Harini,Rapido,2026-01-03,20:48,371.6,Transport,UPI,Chennai,Success
TXN09486,Priya,Zomato,2026-03-07,17:32,456.73,Food,PhonePe,Madurai,Success
TXN09487,Kavi,Water Board,2026-06-13,18:18,4000.0,Bills,GPay,Chennai,Success
TXN09488,Swetha,Zomato,2026-03-18,07:46,826.44,Food,PhonePe,Bengaluru,Pending
TXN09489,Rahul,Airtel,2026-03-12,09:08,2156.25,Bills,UPI,Madurai,Success
TXN09490,Keerthi,Apollo Pharmacy,2026-09-22,07:18,2822.54,Health,Card,Tirunelveli,Success
TXN09491,Meena,Water Board,2026-05-19,18:29,3441.71,Bills,GPay,Bengaluru,Success
TXN09492,Priya,Cafe Coffee Day,2026-04-09,04:19,774.94,Food,PhonePe,Bengaluru,Success
TXN09493,Meena,Zomato,2026-07-22,04:04,214.36,Food,UPI,Bengaluru,Success
TXN09494,Arun,Reliance Trends,2026-09-18,03:12,4112.39,Shopping,GPay,Coimbatore,Success
TXN09495,Harini,KFC,2026-04-27,15:13,373.0,Food,GPay,Madurai,Success
TXN09496,Anu,Steam,2026-05-14,11:46,903.56,Entertainment,PhonePe,Trichy,Success
TXN09497,Anu,Steam,2026-03-09,05:16,1176.5,Entertainment,UPI,Tirunelveli,Success
TXN09498,Abinaya,Dominos,2026-09-10,08:59,308.71,Food,UPI,Trichy,Failed
TXN09499,Priya,Myntra,2026-08-20,06:50,2145.75,Shopping,UPI,Salem,Failed
TXN09500,Deva,Uber,2026-01-27,17:54,801.87,Transport,UPI,Coimbatore,Pending
TXN09501,Swetha,Zomato,2026-03-16,01:43,260.96,Food,UPI,Bengaluru,Success
TXN09502,Harini,Uber,2026-08-21,16:38,883.32,Transport,PhonePe,Tenkasi,Success
TXN09503,Harini,Ola,2026-07-06,17:19,1200.0,Transport,Card,Trichy,Success
TXN09504,Arun,Myntra,2026-06-12,15:58,5369.11,Shopping,Card,Coimbatore,Success
TXN09505,Deva,Ola,2026-04-19,17:01,1200.0,Transport,PhonePe,Madurai,Failed
TXN09506,Abinaya,KFC,2026-01-29,11:08,424.19,Food,UPI,Madurai,Pending
TXN09507,Arun,BookMyShow,2026-02-23,20:53,1064.06,Entertainment,Card,Trichy,Success
TXN09508,Rahul,Zomato,2026-01-23,15:44,829.63,Food,GPay,Bengaluru,Success
TXN09509,Sanjay,KFC,2026-01-19,19:36,244.11,Food,UPI,Chennai,Failed
TXN09510,Anu,Salon,2026-03-10,15:30,688.32,Others,UPI,Madurai,Pending
TXN09511,Harini,YouTube Premium,2026-05-06,15:14,1000.33,Entertainment,Card,Madurai,Pending
TXN09512,Abinaya,Udemy,2026-02-27,15:13,2316.28,Education,GPay,Madurai,Success
TXN09513,Sanjay,A2B,2026-08-24,10:02,240.04,Food,Card,Chennai,Success
TXN09514,Deva,Temple,2026-08-21,10:21,774.25,Others,GPay,Chennai,Success
TXN09515,Ishaan,Myntra,2026-09-09,04:14,2618.96,Shopping,GPay,Trichy,Pending
TXN09516,Rahul,Electricity Board,2026-01-10,05:39,3139.78,Bills,GPay,Tenkasi,Success
TXN09517,Swetha,A2B,2026-01-01,00:19,900.0,Food,PhonePe,Coimbatore,Success
TXN09518,Deva,Google Workspace,2026-09-03,04:06,1828.13,Education,GPay,Madurai,Failed
TXN09519,Nivetha,PharmEasy,2026-04-10,01:52,1276.64,Health,GPay,Chennai,Success
TXN09520,Meena,Airtel,2026-07-09,09:11,727.27,Bills,GPay,Bengaluru,Success
TXN09521,Kavi,Udemy,2026-04-23,03:43,4682.6,Education,PhonePe,Tirunelveli,Success
TXN09522,Keerthi,Zomato,2026-01-15,09:14,390.9,Food,UPI,Trichy,Pending
TXN09523,Keerthi,Google Workspace,2026-09-13,23:57,1784.19,Education,GPay,Coimbatore,Failed
TXN09524,Arun,Myntra,2026-03-12,23:41,1859.48,Shopping,Card,Salem,Success
TXN09525,Sanjay,Ola,2026-01-20,21:13,1200.0,Transport,Card,Coimbatore,Failed
TXN09526,Priya,RedBus,2026-07-22,07:11,1200.0,Transport,PhonePe,Salem,Pending
TXN09527,Kavi,KFC,2026-01-16,09:26,352.89,Food,Card,Tenkasi,Success
TXN09528,Vishnu,Meesho,2026-01-21,07:35,6000.0,Shopping,Card,Chennai,Success
TXN09529,Kavi,Hotstar,2026-05-12,18:36,924.27,Entertainment,GPay,Salem,Failed
TXN09530,Rahul,Dominos,2026-07-28,08:45,625.75,Food,Card,Madurai,Pending
TXN09531,Vishnu,ACT Fibernet,2026-06-29,02:47,2056.98,Bills,GPay,Madurai,Success
TXN09532,Kavi,Gift,2026-03-31,11:01,1185.28,Others,PhonePe,Chennai,Success
TXN09533,Keerthi,Myntra,2026-02-22,17:12,1022.6,Shopping,GPay,Chennai,Pending
TXN09534,Abinaya,Steam,2026-09-15,10:17,614.17,Entertainment,PhonePe,Coimbatore,Success
TXN09535,Vishnu,Zomato,2026-09-01,06:08,305.1,Food,PhonePe,Madurai,Success
TXN09536,Nivetha,Meesho,2026-02-28,23:27,1300.32,Shopping,UPI,Salem,Success
TXN09537,Vishnu,A2B,2026-03-17,08:14,282.0,Food,Card,Bengaluru,Pending
TXN09538,Vishnu,Swiggy,2026-05-28,02:18,435.6,Food,UPI,Madurai,Success
TXN09539,Harini,Cafe Coffee Day,2026-03-23,14:15,900.0,Food,PhonePe,Chennai,Failed
TXN09540,Rahul,Dominos,2026-08-27,15:02,577.72,Food,Card,Trichy,Success
TXN09541,Kavi,TNSTC,2026-01-14,12:01,781.22,Transport,UPI,Tenkasi,Success
TXN09542,Nivetha,Ola,2026-06-19,21:47,572.85,Transport,Card,Bengaluru,Pending
TXN09543,Ishaan,Meesho,2026-07-15,18:22,5748.3,Shopping,GPay,Salem,Failed
TXN09544,Ishaan,Stationery Shop,2026-09-16,16:42,395.68,Others,Card,Trichy,Pending
TXN09545,Harini,Gift,2026-03-06,19:16,777.71,Others,Card,Trichy,Success
TXN09546,Swetha,Amazon,2026-01-10,11:06,6000.0,Shopping,PhonePe,Coimbatore,Success
TXN09547,Swetha,Ola,2026-02-02,02:54,528.74,Transport,GPay,Tirunelveli,Failed
TXN09548,Abinaya,Amazon,2026-05-02,03:59,3026.74,Shopping,Card,Madurai,Failed
TXN09549,Vishnu,Salon,2026-09-02,21:49,485.72,Others,Card,Bengaluru,Success
TXN09550,Kavi,A2B,2026-01-25,07:05,495.84,Food,Card,Coimbatore,Pending
TXN09551,Priya,Ola,2026-04-12,07:52,1200.0,Transport,GPay,Chennai,Failed
TXN09552,Sanjay,Reliance Trends,2026-05-30,12:36,6000.0,Shopping,Card,Madurai,Success
TXN09553,Sanjay,YouTube Premium,2026-09-04,05:28,1500.0,Entertainment,UPI,Trichy,Success
TXN09554,Meena,Dominos,2026-05-25,14:56,293.52,Food,PhonePe,Salem,Success
TXN09555,Nivetha,Cafe Coffee Day,2026-06-09,00:48,357.81,Food,GPay,Trichy,Success
TXN09556,Keerthi,Local Pharmacy,2026-05-14,04:17,1575.38,Health,Card,Chennai,Success
TXN09557,Sanjay,Netflix,2026-08-30,14:38,1500.0,Entertainment,GPay,Tirunelveli,Success
TXN09558,Meena,RedBus,2026-07-12,02:54,265.89,Transport,PhonePe,Salem,Success
TXN09559,Priya,RedBus,2026-09-10,17:40,387.04,Transport,PhonePe,Chennai,Success
TXN09560,Arun,Dominos,2026-09-14,02:37,368.13,Food,GPay,Madurai,Success
TXN09561,Kavi,Zomato,2026-06-11,18:57,320.09,Food,Card,Bengaluru,Success
TXN09562,Anu,Swiggy,2026-03-30,13:16,251.22,Food,GPay,Chennai,Success
TXN09563,Priya,Flipkart,2026-04-13,06:33,1890.23,Shopping,GPay,Trichy,Failed
TXN09564,Harini,Myntra,2026-04-28,16:37,3341.39,Shopping,UPI,Madurai,Success
TXN09565,Priya,Miscellaneous,2026-05-11,00:57,740.54,Others,PhonePe,Tirunelveli,Failed
TXN09566,Keerthi,Cafe Coffee Day,2026-03-09,01:59,887.87,Food,PhonePe,Madurai,Success
TXN09567,Ishaan,Swiggy,2026-02-05,18:27,542.71,Food,GPay,Madurai,Failed
TXN09568,Meena,Spotify,2026-05-30,16:26,265.28,Entertainment,GPay,Tirunelveli,Success
TXN09569,Harini,Google Workspace,2026-08-27,17:30,1664.73,Education,Card,Tenkasi,Pending
TXN09570,Abinaya,Ola,2026-03-28,20:22,330.22,Transport,GPay,Madurai,Success
TXN09571,Ishaan,Metro,2026-06-29,02:44,241.87,Transport,PhonePe,Madurai,Success
TXN09572,Rahul,Flipkart,2026-02-27,10:20,1390.94,Shopping,UPI,Chennai,Failed
TXN09573,Sanjay,Metro,2026-02-21,18:59,570.5,Transport,Card,Madurai,Success
TXN09574,Vishnu,A2B,2026-09-18,09:16,900.0,Food,PhonePe,Chennai,Success
TXN09575,Nivetha,Google Workspace,2026-06-22,03:06,2247.1,Education,PhonePe,Chennai,Failed
TXN09576,Ishaan,Hotstar,2026-05-29,23:19,1466.58,Entertainment,Card,Madurai,Failed
TXN09577,Sanjay,A2B,2026-05-10,01:51,336.79,Food,PhonePe,Madurai,Pending
TXN09578,Abinaya,Swiggy,2026-08-20,20:45,480.25,Food,UPI,Tirunelveli,Success
TXN09579,Rahul,Reliance Trends,2026-06-14,01:36,5526.5,Shopping,UPI,Madurai,Success
TXN09580,Keerthi,1mg,2026-03-02,22:35,957.35,Health,PhonePe,Madurai,Pending
TXN09581,Keerthi,Zomato,2026-07-10,09:11,500.78,Food,Card,Tirunelveli,Success
TXN09582,Sanjay,A2B,2026-01-07,08:26,900.0,Food,UPI,Tirunelveli,Success
TXN09583,Abinaya,Steam,2026-03-09,11:16,967.89,Entertainment,UPI,Chennai,Failed
TXN09584,Swetha,PharmEasy,2026-05-02,21:07,3000.0,Health,Card,Chennai,Success
TXN09585,Rahul,Meesho,2026-01-06,15:08,3083.78,Shopping,PhonePe,Tenkasi,Failed
TXN09586,Keerthi,A2B,2026-01-03,13:40,546.88,Food,PhonePe,Madurai,Failed
TXN09587,Priya,TNSTC,2026-06-03,00:26,755.44,Transport,Card,Chennai,Failed
TXN09588,Nivetha,Hotstar,2026-04-17,15:55,408.03,Entertainment,GPay,Coimbatore,Success
TXN09589,Priya,Metro,2026-07-19,09:21,591.13,Transport,GPay,Madurai,Success
TXN09590,Abinaya,KFC,2026-07-02,10:21,282.86,Food,GPay,Madurai,Success
TXN09591,Abinaya,YouTube Premium,2026-02-10,20:52,848.71,Entertainment,PhonePe,Tenkasi,Failed
TXN09592,Harini,Myntra,2026-09-25,09:35,1609.95,Shopping,UPI,Chennai,Pending
TXN09593,Ishaan,HealthPlus,2026-04-02,04:19,887.58,Health,UPI,Madurai,Failed
TXN09594,Deva,RedBus,2026-03-10,04:36,749.55,Transport,Card,Tirunelveli,Success
TXN09595,Deva,Hotstar,2026-09-07,10:14,1212.79,Entertainment,GPay,Bengaluru,Success
TXN09596,Sanjay,KFC,2026-05-05,18:26,591.46,Food,Card,Chennai,Failed
TXN09597,Abinaya,Miscellaneous,2026-01-18,16:11,1267.06,Others,UPI,Chennai,Success
TXN09598,Sanjay,Coursera,2026-06-22,22:53,4224.88,Education,UPI,Bengaluru,Success
TXN09599,Kavi,Cafe Coffee Day,2026-08-13,05:28,496.1,Food,PhonePe,Coimbatore,Success
TXN09600,Keerthi,Dominos,2026-05-15,11:08,293.56,Food,GPay,Salem,Failed
TXN09601,Deva,Electricity Board,2026-08-17,23:17,4000.0,Bills,GPay,Bengaluru,Success
TXN09602,Harini,Hotstar,2026-06-21,01:42,604.66,Entertainment,PhonePe,Madurai,Success
TXN09603,Meena,RedBus,2026-06-21,17:15,408.42,Transport,Card,Trichy,Success
TXN09604,Deva,Amazon Kindle,2026-09-19,02:46,1321.2,Education,Card,Salem,Failed
TXN09605,Nivetha,Meesho,2026-07-27,11:15,4612.85,Shopping,GPay,Chennai,Failed
TXN09606,Kavi,Swiggy,2026-06-05,16:12,343.19,Food,Card,Coimbatore,Success
TXN09607,Swetha,Spotify,2026-08-20,17:22,1500.0,Entertainment,Card,Madurai,Pending
TXN09608,Ishaan,PharmEasy,2026-08-25,00:47,1210.78,Health,UPI,Chennai,Success
TXN09609,Abinaya,College Fees,2026-06-23,18:50,1360.33,Education,UPI,Coimbatore,Pending
TXN09610,Sanjay,Google Workspace,2026-05-26,07:54,2315.78,Education,UPI,Madurai,Success
TXN09611,Vishnu,Ola,2026-02-12,02:25,684.68,Transport,UPI,Chennai,Success
TXN09612,Vishnu,Cafe Coffee Day,2026-08-31,15:29,381.71,Food,UPI,Chennai,Success
TXN09613,Keerthi,Swiggy,2026-03-24,13:18,460.05,Food,UPI,Madurai,Success
TXN09614,Keerthi,Dominos,2026-01-30,12:32,782.75,Food,GPay,Trichy,Failed
TXN09615,Rahul,Spotify,2026-01-24,19:03,1438.51,Entertainment,PhonePe,Bengaluru,Success
TXN09616,Ishaan,A2B,2026-05-23,13:57,710.5,Food,GPay,Chennai,Success
TXN09617,Harini,Amazon,2026-06-08,19:15,3456.51,Shopping,Card,Bengaluru,Pending
TXN09618,Vishnu,Airtel,2026-06-18,23:42,1707.95,Bills,Card,Madurai,Success
TXN09619,Deva,KFC,2026-04-26,07:44,637.73,Food,PhonePe,Coimbatore,Pending
TXN09620,Kavi,Metro,2026-03-21,12:12,877.66,Transport,PhonePe,Madurai,Pending
TXN09621,Meena,YouTube Premium,2026-03-31,00:16,1500.0,Entertainment,PhonePe,Chennai,Failed
TXN09622,Harini,BookMyShow,2026-09-13,20:50,1308.18,Entertainment,PhonePe,Chennai,Success
TXN09623,Keerthi,Meesho,2026-01-11,00:43,3662.39,Shopping,GPay,Trichy,Success
TXN09624,Vishnu,1mg,2026-01-21,00:40,2719.07,Health,GPay,Coimbatore,Success
TXN09625,Keerthi,Flipkart,2026-07-29,03:04,5825.17,Shopping,Card,Madurai,Success
TXN09626,Meena,Temple,2026-06-07,23:41,1817.2,Others,Card,Madurai,Success
TXN09627,Keerthi,KFC,2026-03-15,16:52,204.62,Food,GPay,Trichy,Success
TXN09628,Rahul,Steam,2026-03-17,20:47,636.76,Entertainment,UPI,Tirunelveli,Success
TXN09629,Keerthi,Amazon Kindle,2026-02-13,05:15,2505.94,Education,UPI,Tirunelveli,Success
TXN09630,Vishnu,Udemy,2026-04-14,12:34,3404.36,Education,GPay,Salem,Success
TXN09631,Rahul,1mg,2026-02-07,20:13,839.25,Health,PhonePe,Chennai,Success
TXN09632,Vishnu,Meesho,2026-07-12,05:42,4739.2,Shopping,Card,Chennai,Success
TXN09633,Priya,Local Store,2026-09-29,00:50,919.88,Others,PhonePe,Tenkasi,Success
TXN09634,Vishnu,Swiggy,2026-01-23,03:56,533.69,Food,Card,Tenkasi,Pending
TXN09635,Rahul,Temple,2026-07-22,00:40,872.88,Others,UPI,Trichy,Success
TXN09636,Deva,RedBus,2026-03-01,16:38,514.65,Transport,Card,Madurai,Success
TXN09637,Anu,DMart,2026-03-09,06:59,1299.56,Shopping,PhonePe,Madurai,Success
TXN09638,Kavi,1mg,2026-09-13,12:52,2366.99,Health,PhonePe,Salem,Success
TXN09639,Kavi,1mg,2026-01-16,21:45,787.36,Health,UPI,Tirunelveli,Success
TXN09640,Rahul,Spotify,2026-07-14,09:33,265.61,Entertainment,UPI,Chennai,Success
TXN09641,Nivetha,Hotstar,2026-04-06,06:28,389.38,Entertainment,Card,Trichy,Failed
TXN09642,Nivetha,RedBus,2026-03-08,15:11,229.11,Transport,PhonePe,Chennai,Pending
TXN09643,Harini,KFC,2026-07-31,07:21,900.0,Food,UPI,Madurai,Pending
TXN09644,Anu,Amazon Kindle,2026-03-14,02:15,2032.95,Education,GPay,Bengaluru,Success
TXN09645,Sanjay,Google Workspace,2026-06-28,04:24,5000.0,Education,GPay,Tirunelveli,Success
TXN09646,Deva,A2B,2026-07-07,08:04,333.1,Food,UPI,Salem,Failed
TXN09647,Kavi,Uber,2026-05-20,19:25,826.76,Transport,Card,Tirunelveli,Success
TXN09648,Rahul,Metro,2026-07-04,23:08,1200.0,Transport,UPI,Madurai,Success
TXN09649,Arun,Steam,2026-03-17,02:24,864.15,Entertainment,UPI,Coimbatore,Success
TXN09650,Priya,Coursera,2026-09-01,00:03,4147.66,Education,PhonePe,Madurai,Failed
TXN09651,Rahul,Miscellaneous,2026-05-28,04:29,1421.0,Others,Card,Madurai,Success
TXN09652,Priya,Swiggy,2026-01-18,09:46,900.0,Food,GPay,Bengaluru,Success
TXN09653,Meena,TNSTC,2026-03-15,02:45,1200.0,Transport,Card,Coimbatore,Success
TXN09654,Keerthi,Uber,2026-08-09,10:42,726.54,Transport,UPI,Madurai,Failed
TXN09655,Priya,Local Store,2026-08-10,17:39,1690.11,Others,UPI,Chennai,Pending
TXN09656,Vishnu,TNSTC,2026-01-29,21:57,382.16,Transport,PhonePe,Madurai,Failed
TXN09657,Swetha,Myntra,2026-02-15,00:36,2177.42,Shopping,GPay,Madurai,Success
TXN09658,Vishnu,A2B,2026-03-15,21:09,784.54,Food,PhonePe,Chennai,Failed
TXN09659,Nivetha,Flipkart,2026-01-17,15:53,6000.0,Shopping,Card,Salem,Failed
TXN09660,Vishnu,Gift,2026-05-04,11:24,1095.35,Others,Card,Chennai,Success
TXN09661,Swetha,KFC,2026-06-20,02:49,900.0,Food,PhonePe,Bengaluru,Failed
TXN09662,Keerthi,Temple,2026-06-05,15:51,1625.91,Others,PhonePe,Chennai,Success
TXN09663,Abinaya,Temple,2026-01-04,23:27,1125.69,Others,PhonePe,Madurai,Pending
TXN09664,Harini,Dominos,2026-07-05,11:42,900.0,Food,PhonePe,Madurai,Success
TXN09665,Meena,Ola,2026-04-30,05:19,1200.0,Transport,UPI,Madurai,Success
TXN09666,Vishnu,Steam,2026-06-22,01:59,1114.85,Entertainment,PhonePe,Chennai,Success
TXN09667,Vishnu,BookMyShow,2026-04-18,15:32,1500.0,Entertainment,UPI,Tirunelveli,Failed
TXN09668,Keerthi,Zomato,2026-01-02,02:26,354.74,Food,PhonePe,Trichy,Success
TXN09669,Keerthi,A2B,2026-09-05,12:24,424.37,Food,UPI,Bengaluru,Success
TXN09670,Deva,Apollo Pharmacy,2026-06-01,02:54,650.45,Health,UPI,Coimbatore,Pending
TXN09671,Anu,Reliance Trends,2026-09-11,03:35,2114.93,Shopping,GPay,Trichy,Success
TXN09672,Vishnu,Apollo Pharmacy,2026-05-19,07:23,931.71,Health,GPay,Salem,Success
TXN09673,Abinaya,Ola,2026-01-28,19:49,340.36,Transport,GPay,Chennai,Failed
TXN09674,Keerthi,RedBus,2026-07-29,23:47,1200.0,Transport,UPI,Tirunelveli,Success
TXN09675,Abinaya,Swiggy,2026-09-15,09:57,876.97,Food,Card,Trichy,Success
TXN09676,Meena,Cafe Coffee Day,2026-06-05,05:18,800.21,Food,UPI,Chennai,Failed
TXN09677,Anu,Udemy,2026-07-19,17:50,1960.57,Education,Card,Madurai,Success
TXN09678,Rahul,ACT Fibernet,2026-06-09,04:49,1295.54,Bills,Card,Chennai,Success
TXN09679,Priya,KFC,2026-02-14,20:34,292.67,Food,UPI,Coimbatore,Success
TXN09680,Priya,Ola,2026-07-28,15:03,235.13,Transport,PhonePe,Tirunelveli,Pending
TXN09681,Arun,ACT Fibernet,2026-02-16,14:29,3131.18,Bills,PhonePe,Madurai,Success
TXN09682,Abinaya,Meesho,2026-04-08,17:22,2594.19,Shopping,UPI,Tenkasi,Success
TXN09683,Ishaan,Amazon,2026-05-28,06:11,1639.67,Shopping,Card,Tenkasi,Success
TXN09684,Abinaya,DMart,2026-06-12,15:34,2004.61,Shopping,PhonePe,Trichy,Pending
TXN09685,Rahul,TNSTC,2026-05-10,01:43,608.92,Transport,GPay,Tenkasi,Success
TXN09686,Arun,Myntra,2026-04-20,12:48,5009.91,Shopping,Card,Madurai,Pending
TXN09687,Swetha,Ola,2026-06-23,21:49,504.3,Transport,GPay,Madurai,Success
TXN09688,Deva,A2B,2026-06-02,16:29,900.0,Food,Card,Madurai,Success
TXN09689,Sanjay,Electricity Board,2026-08-11,10:55,4000.0,Bills,GPay,Chennai,Pending
TXN09690,Anu,Reliance Trends,2026-07-02,10:14,6000.0,Shopping,Card,Coimbatore,Success
TXN09691,Swetha,Steam,2026-09-08,07:28,686.41,Entertainment,GPay,Chennai,Success
TXN09692,Abinaya,Steam,2026-06-14,18:00,908.35,Entertainment,Card,Tenkasi,Failed
TXN09693,Keerthi,Swiggy,2026-03-06,19:20,338.89,Food,UPI,Madurai,Pending
TXN09694,Vishnu,Reliance Trends,2026-08-28,13:59,2801.01,Shopping,Card,Trichy,Failed
TXN09695,Arun,Netflix,2026-06-12,13:30,631.16,Entertainment,UPI,Madurai,Success
TXN09696,Kavi,Apollo Pharmacy,2026-07-06,03:18,840.84,Health,UPI,Bengaluru,Success
TXN09697,Rahul,Uber,2026-09-24,13:42,663.02,Transport,GPay,Bengaluru,Failed
TXN09698,Vishnu,Water Board,2026-07-10,18:56,2014.32,Bills,GPay,Chennai,Success
TXN09699,Arun,Water Board,2026-09-15,14:57,3058.32,Bills,Card,Madurai,Success
TXN09700,Arun,Zomato,2026-04-06,14:09,702.95,Food,GPay,Chennai,Success
TXN09701,Deva,KFC,2026-03-28,22:07,470.21,Food,UPI,Tenkasi,Success
TXN09702,Priya,Rapido,2026-02-05,03:17,836.96,Transport,GPay,Madurai,Success
TXN09703,Arun,Electricity Board,2026-01-06,11:43,1896.31,Bills,Card,Tirunelveli,Success
TXN09704,Deva,Rapido,2026-03-06,02:17,393.16,Transport,PhonePe,Chennai,Success
TXN09705,Vishnu,RedBus,2026-01-01,23:38,354.1,Transport,Card,Salem,Success
TXN09706,Sanjay,Zomato,2026-02-23,01:05,325.89,Food,Card,Madurai,Pending
TXN09707,Rahul,Steam,2026-08-20,12:28,807.31,Entertainment,PhonePe,Tirunelveli,Success
TXN09708,Vishnu,KFC,2026-01-19,06:55,745.12,Food,PhonePe,Madurai,Success
TXN09709,Meena,A2B,2026-07-29,08:34,227.4,Food,GPay,Tenkasi,Success
TXN09710,Keerthi,Flipkart,2026-01-30,22:03,1821.06,Shopping,PhonePe,Madurai,Success
TXN09711,Vishnu,Amazon Kindle,2026-02-06,17:55,5000.0,Education,PhonePe,Bengaluru,Success
TXN09712,Harini,Steam,2026-02-04,19:19,533.06,Entertainment,Card,Tirunelveli,Success
TXN09713,Rahul,Salon,2026-01-11,23:17,2000.0,Others,PhonePe,Coimbatore,Success
TXN09714,Ishaan,Myntra,2026-04-08,03:43,2059.48,Shopping,UPI,Bengaluru,Failed
TXN09715,Kavi,Reliance Trends,2026-07-03,09:58,1942.59,Shopping,GPay,Madurai,Success
TXN09716,Abinaya,Dominos,2026-05-12,03:31,900.0,Food,Card,Bengaluru,Success
TXN09717,Anu,Flipkart,2026-05-23,23:38,1399.93,Shopping,GPay,Tenkasi,Success
TXN09718,Rahul,Apollo Pharmacy,2026-09-05,03:44,1631.72,Health,Card,Salem,Success
TXN09719,Meena,Cafe Coffee Day,2026-03-08,21:30,253.36,Food,Card,Tirunelveli,Pending
TXN09720,Ishaan,Reliance Trends,2026-02-15,10:05,2613.67,Shopping,GPay,Madurai,Success
TXN09721,Keerthi,Rapido,2026-05-25,18:52,263.3,Transport,PhonePe,Bengaluru,Failed
TXN09722,Abinaya,Cafe Coffee Day,2026-08-14,18:09,454.72,Food,PhonePe,Tirunelveli,Success
TXN09723,Nivetha,Amazon Kindle,2026-06-04,01:50,1202.93,Education,UPI,Salem,Success
TXN09724,Priya,Zomato,2026-01-03,04:25,900.0,Food,Card,Madurai,Success
TXN09725,Meena,Jio,2026-09-06,04:19,650.19,Bills,Card,Bengaluru,Success
TXN09726,Priya,Amazon Kindle,2026-05-26,08:41,2203.9,Education,PhonePe,Chennai,Pending
TXN09727,Anu,ACT Fibernet,2026-01-20,13:50,1045.2,Bills,GPay,Salem,Pending
TXN09728,Rahul,TNSTC,2026-01-04,19:00,236.22,Transport,PhonePe,Madurai,Success
TXN09729,Abinaya,1mg,2026-04-13,16:43,854.14,Health,UPI,Chennai,Success
TXN09730,Abinaya,Swiggy,2026-06-19,15:10,736.95,Food,UPI,Trichy,Success
TXN09731,Anu,Cafe Coffee Day,2026-08-24,08:08,291.8,Food,PhonePe,Bengaluru,Success
TXN09732,Deva,YouTube Premium,2026-06-09,17:48,526.52,Entertainment,Card,Trichy,Success
TXN09733,Meena,Dominos,2026-03-24,11:20,900.0,Food,PhonePe,Tenkasi,Success
TXN09734,Anu,Zomato,2026-08-17,08:55,218.01,Food,PhonePe,Madurai,Success
TXN09735,Harini,Cafe Coffee Day,2026-04-28,17:40,606.83,Food,GPay,Tenkasi,Success
TXN09736,Rahul,A2B,2026-01-05,11:35,809.41,Food,PhonePe,Salem,Success
TXN09737,Keerthi,RedBus,2026-06-21,04:47,845.19,Transport,Card,Coimbatore,Pending
TXN09738,Priya,Flipkart,2026-01-24,01:08,1247.64,Shopping,PhonePe,Tirunelveli,Pending
TXN09739,Ishaan,DMart,2026-05-24,04:32,1971.85,Shopping,PhonePe,Madurai,Success
TXN09740,Deva,Coursera,2026-04-18,18:52,2050.94,Education,Card,Madurai,Pending
TXN09741,Anu,ACT Fibernet,2026-01-17,01:51,3376.51,Bills,PhonePe,Salem,Success
TXN09742,Kavi,Stationery Shop,2026-04-12,13:45,1699.93,Others,Card,Chennai,Success
TXN09743,Harini,Dominos,2026-06-23,17:19,212.59,Food,PhonePe,Coimbatore,Success
TXN09744,Nivetha,College Fees,2026-02-06,20:40,5000.0,Education,UPI,Tenkasi,Failed
TXN09745,Rahul,Water Board,2026-02-28,07:30,2617.83,Bills,UPI,Coimbatore,Pending
TXN09746,Sanjay,Cafe Coffee Day,2026-06-14,08:27,137.69,Food,UPI,Salem,Success
TXN09747,Priya,Metro,2026-04-08,16:46,333.88,Transport,Card,Coimbatore,Success
TXN09748,Arun,PharmEasy,2026-04-18,03:01,1177.57,Health,PhonePe,Chennai,Failed
TXN09749,Sanjay,KFC,2026-07-23,14:17,740.06,Food,Card,Coimbatore,Success
TXN09750,Deva,Local Pharmacy,2026-09-20,01:11,1803.52,Health,UPI,Madurai,Success
TXN09751,Kavi,Google Workspace,2026-02-27,12:56,3275.47,Education,UPI,Madurai,Pending
TXN09752,Priya,KFC,2026-01-03,12:09,367.69,Food,Card,Madurai,Success
TXN09753,Sanjay,PharmEasy,2026-05-14,01:04,2595.56,Health,GPay,Coimbatore,Pending
TXN09754,Anu,Dominos,2026-06-30,03:15,689.07,Food,Card,Tenkasi,Success
TXN09755,Keerthi,Flipkart,2026-05-21,20:22,3573.16,Shopping,Card,Bengaluru,Pending
TXN09756,Rahul,Swiggy,2026-02-21,06:50,537.04,Food,PhonePe,Chennai,Success
TXN09757,Deva,HealthPlus,2026-03-26,19:17,1644.47,Health,UPI,Madurai,Success
TXN09758,Deva,Spotify,2026-06-19,03:42,615.39,Entertainment,UPI,Chennai,Success
TXN09759,Nivetha,A2B,2026-04-20,01:47,293.24,Food,PhonePe,Coimbatore,Pending
TXN09760,Vishnu,Google Workspace,2026-01-19,11:40,2242.02,Education,Card,Bengaluru,Success
TXN09761,Harini,Water Board,2026-08-10,02:51,1097.97,Bills,UPI,Chennai,Pending
TXN09762,Ishaan,Zomato,2026-06-02,08:48,553.87,Food,PhonePe,Coimbatore,Success
TXN09763,Ishaan,Netflix,2026-04-15,17:22,1500.0,Entertainment,Card,Chennai,Failed
TXN09764,Priya,Water Board,2026-02-21,09:46,3008.79,Bills,PhonePe,Chennai,Failed
TXN09765,Arun,Metro,2026-06-23,21:49,1200.0,Transport,Card,Madurai,Success
TXN09766,Arun,1mg,2026-02-11,23:57,2475.96,Health,PhonePe,Madurai,Success
TXN09767,Nivetha,Local Pharmacy,2026-05-16,08:59,594.18,Health,Card,Tenkasi,Success
TXN09768,Meena,Temple,2026-03-09,00:06,1424.95,Others,Card,Bengaluru,Success
TXN09769,Kavi,BookMyShow,2026-05-10,08:34,1500.0,Entertainment,GPay,Coimbatore,Success
TXN09770,Sanjay,Uber,2026-09-13,22:50,197.64,Transport,PhonePe,Coimbatore,Success
TXN09771,Meena,Jio,2026-01-30,03:53,4000.0,Bills,Card,Trichy,Pending
TXN09772,Deva,ACT Fibernet,2026-01-11,11:58,1995.36,Bills,Card,Trichy,Success
TXN09773,Kavi,ACT Fibernet,2026-06-13,22:24,3073.21,Bills,UPI,Coimbatore,Pending
TXN09774,Vishnu,Uber,2026-03-28,13:19,786.45,Transport,Card,Madurai,Success
TXN09775,Ishaan,Swiggy,2026-01-15,10:07,468.3,Food,Card,Madurai,Success
TXN09776,Kavi,A2B,2026-06-18,17:06,900.0,Food,PhonePe,Bengaluru,Failed
TXN09777,Sanjay,KFC,2026-08-24,01:01,613.46,Food,PhonePe,Tirunelveli,Pending
TXN09778,Kavi,Hotstar,2026-08-20,23:19,556.86,Entertainment,PhonePe,Madurai,Success
TXN09779,Deva,A2B,2026-01-16,10:37,361.98,Food,GPay,Salem,Success
TXN09780,Keerthi,Google Workspace,2026-03-03,05:08,3896.61,Education,Card,Madurai,Success
TXN09781,Sanjay,Reliance Trends,2026-07-24,07:46,2050.22,Shopping,Card,Chennai,Success
TXN09782,Sanjay,Uber,2026-08-11,14:55,1200.0,Transport,GPay,Chennai,Success
TXN09783,Vishnu,Electricity Board,2026-07-03,23:27,1280.02,Bills,PhonePe,Madurai,Pending
TXN09784,Arun,Meesho,2026-05-23,22:53,6000.0,Shopping,PhonePe,Madurai,Success
TXN09785,Vishnu,Swiggy,2026-09-28,05:25,568.32,Food,UPI,Tirunelveli,Success
TXN09786,Vishnu,Zomato,2026-09-15,16:33,472.59,Food,UPI,Chennai,Failed
TXN09787,Arun,BookMyShow,2026-09-23,23:41,1500.0,Entertainment,Card,Tenkasi,Success
TXN09788,Kavi,A2B,2026-05-02,09:36,298.64,Food,GPay,Bengaluru,Success
TXN09789,Harini,RedBus,2026-01-22,13:22,1093.33,Transport,PhonePe,Madurai,Success
TXN09790,Rahul,Flipkart,2026-07-20,09:13,6000.0,Shopping,UPI,Madurai,Success
TXN09791,Swetha,DMart,2026-05-06,17:41,2507.23,Shopping,GPay,Madurai,Success
TXN09792,Rahul,HealthPlus,2026-02-22,14:45,1541.46,Health,UPI,Madurai,Success
TXN09793,Vishnu,Airtel,2026-07-11,10:19,1737.35,Bills,UPI,Tenkasi,Success
TXN09794,Rahul,Google Workspace,2026-08-09,08:42,1321.3,Education,GPay,Bengaluru,Failed
TXN09795,Kavi,Temple,2026-05-06,17:29,862.75,Others,UPI,Madurai,Failed
TXN09796,Anu,Metro,2026-08-11,14:25,1013.78,Transport,GPay,Chennai,Success
TXN09797,Anu,RedBus,2026-08-14,17:58,308.73,Transport,Card,Coimbatore,Success
TXN09798,Anu,KFC,2026-08-19,11:28,737.12,Food,PhonePe,Madurai,Success
TXN09799,Arun,Zomato,2026-07-20,02:35,182.68,Food,PhonePe,Madurai,Pending
TXN09800,Arun,Google Workspace,2026-01-12,08:27,1986.26,Education,PhonePe,Coimbatore,Success
TXN09801,Keerthi,KFC,2026-07-10,14:57,534.73,Food,Card,Bengaluru,Success
TXN09802,Swetha,Cafe Coffee Day,2026-04-07,13:24,585.73,Food,PhonePe,Bengaluru,Pending
TXN09803,Deva,RedBus,2026-04-22,15:25,1009.68,Transport,GPay,Chennai,Pending
TXN09804,Rahul,Coursera,2026-01-11,15:34,976.09,Education,Card,Madurai,Success
TXN09805,Harini,PharmEasy,2026-05-09,14:07,2366.65,Health,PhonePe,Tirunelveli,Success
TXN09806,Ishaan,Rapido,2026-07-19,07:32,1153.87,Transport,UPI,Chennai,Success
TXN09807,Harini,DMart,2026-04-10,18:50,2259.63,Shopping,PhonePe,Trichy,Success
TXN09808,Deva,Apollo Pharmacy,2026-03-13,06:00,1585.84,Health,PhonePe,Salem,Pending
TXN09809,Vishnu,Flipkart,2026-02-19,01:56,4098.66,Shopping,UPI,Madurai,Success
TXN09810,Rahul,1mg,2026-06-04,21:56,1269.02,Health,PhonePe,Coimbatore,Success
TXN09811,Rahul,RedBus,2026-01-24,03:09,306.5,Transport,PhonePe,Coimbatore,Success
TXN09812,Deva,Stationery Shop,2026-04-22,16:52,892.57,Others,Card,Madurai,Pending
TXN09813,Rahul,Cafe Coffee Day,2026-01-04,02:45,637.68,Food,UPI,Trichy,Failed
TXN09814,Arun,Zomato,2026-03-21,00:49,261.4,Food,PhonePe,Madurai,Failed
TXN09815,Deva,Apollo Pharmacy,2026-05-27,10:57,219.64,Health,GPay,Madurai,Pending
TXN09816,Keerthi,Dominos,2026-06-14,01:41,900.0,Food,GPay,Madurai,Pending
TXN09817,Keerthi,DMart,2026-02-10,02:45,5101.5,Shopping,UPI,Chennai,Failed
TXN09818,Arun,Zomato,2026-07-30,19:47,419.12,Food,PhonePe,Madurai,Success
TXN09819,Nivetha,Temple,2026-03-17,14:46,574.5,Others,PhonePe,Chennai,Failed
TXN09820,Deva,KFC,2026-01-10,23:23,575.99,Food,GPay,Madurai,Pending
TXN09821,Deva,Flipkart,2026-08-22,06:46,2013.79,Shopping,PhonePe,Coimbatore,Success
TXN09822,Harini,Cafe Coffee Day,2026-09-13,22:58,267.3,Food,GPay,Madurai,Success
TXN09823,Kavi,BookMyShow,2026-02-14,22:51,515.61,Entertainment,UPI,Tenkasi,Success
TXN09824,Anu,DMart,2026-02-08,00:23,3250.93,Shopping,GPay,Coimbatore,Pending
TXN09825,Nivetha,College Fees,2026-03-19,19:44,3558.52,Education,UPI,Bengaluru,Pending
TXN09826,Priya,Zomato,2026-09-09,17:13,497.18,Food,GPay,Bengaluru,Pending
TXN09827,Nivetha,Salon,2026-09-25,19:49,1671.01,Others,UPI,Salem,Pending
TXN09828,Sanjay,Flipkart,2026-01-20,23:12,6000.0,Shopping,GPay,Tenkasi,Success
TXN09829,Arun,KFC,2026-09-04,05:24,517.07,Food,GPay,Tirunelveli,Success
TXN09830,Priya,Zomato,2026-09-12,10:14,629.0,Food,PhonePe,Trichy,Pending
TXN09831,Rahul,Cafe Coffee Day,2026-06-08,09:07,505.51,Food,GPay,Coimbatore,Success
TXN09832,Abinaya,Amazon,2026-05-18,08:32,2280.16,Shopping,PhonePe,Coimbatore,Success
TXN09833,Anu,Flipkart,2026-05-17,20:24,3654.43,Shopping,UPI,Madurai,Success
TXN09834,Kavi,Myntra,2026-05-15,16:13,1075.07,Shopping,UPI,Tirunelveli,Failed
TXN09835,Rahul,Cafe Coffee Day,2026-03-08,17:18,435.03,Food,PhonePe,Madurai,Failed
TXN09836,Kavi,1mg,2026-08-13,02:20,1483.11,Health,GPay,Madurai,Success
TXN09837,Vishnu,Hotstar,2026-05-03,20:13,921.82,Entertainment,UPI,Madurai,Pending
TXN09838,Swetha,TNSTC,2026-06-08,03:05,1037.39,Transport,PhonePe,Coimbatore,Success
TXN09839,Sanjay,Swiggy,2026-03-15,11:53,596.8,Food,PhonePe,Trichy,Success
TXN09840,Anu,Swiggy,2026-02-24,01:54,541.11,Food,Card,Tenkasi,Success
TXN09841,Swetha,Dominos,2026-02-03,18:42,295.83,Food,UPI,Madurai,Success
TXN09842,Swetha,TNSTC,2026-08-01,02:59,1052.36,Transport,Card,Tirunelveli,Pending
TXN09843,Rahul,Metro,2026-04-06,19:13,774.24,Transport,Card,Bengaluru,Pending
TXN09844,Priya,Meesho,2026-03-29,20:01,4145.62,Shopping,GPay,Trichy,Success
TXN09845,Anu,Dominos,2026-02-17,23:30,519.06,Food,GPay,Tirunelveli,Success
TXN09846,Kavi,Local Store,2026-03-18,11:44,1347.84,Others,GPay,Madurai,Failed
TXN09847,Sanjay,Reliance Trends,2026-06-26,03:18,3960.3,Shopping,GPay,Madurai,Success
TXN09848,Rahul,Uber,2026-03-02,10:55,797.25,Transport,PhonePe,Chennai,Success
TXN09849,Keerthi,Stationery Shop,2026-06-08,20:46,971.5,Others,GPay,Tirunelveli,Success
TXN09850,Abinaya,BookMyShow,2026-01-13,12:44,907.4,Entertainment,UPI,Tirunelveli,Success
